Ad_ID,Clicks,Impressions,Cost,Leads,Conversions,Conversion_Rate,Sale_Amount,CAC,Ad_Date,Location,Device,ROAS,CPC,CPA,Profit,High_sales,High_ROAS,Good_Campain
1,104,4498,231.88,14,7,0.0673,1892,16.56,11/16/2024,London,Desktop,8.16,2.23,33.13,1660.12,YES,YES,TRUE
2,173,5107,216.84,10,8,0.0462,1679,21.68,20-11-2024,Rome,Mobile,7.74,1.25,27.1,1462.16,YES,YES,FALSE
3,90,4544,203.66,26,9,0.1,1624,7.83,11/16/2024,Beyrouth,Tablet,7.97,2.26,22.63,1420.34,YES,YES,TRUE
4,142,3185,237.66,17,6,0.0423,1225,13.98,11/26/2024,Baghdad,Tablet,5.15,1.67,39.61,987.34,NO,YES,FALSE
5,156,3361,195.9,30,8,0.0513,1091,6.53,11/22/2024,Cairo,Desktop,5.57,1.26,24.49,895.1,NO,YES,TRUE
6,195,3776,243.57,10,8,0.041,1315,24.36,16-11-2024,Riyad,Mobile,5.4,1.25,30.45,1071.43,NO,YES,FALSE
7,116,4480,237.79,17,5,0.0431,1640,13.99,6/11/2024,Paris,Tablet,6.9,2.05,47.56,1402.21,YES,YES,FALSE
8,184,5060,229.61,23,3,0.0163,1509,9.98,11/24/2024,Beyrouth,Tablet,6.57,1.25,76.54,1279.39,NO,YES,FALSE
9,113,5434,230,27,4,0.0354,1362,8.52,11/24/2024,London,Tablet,5.92,2.04,57.5,1132,NO,YES,FALSE
10,166,3355,186.78,24,9,0.0542,1029,7.78,11/12/2024,Rome,Mobile,5.51,1.13,20.75,842.22,NO,YES,TRUE
11,101,5399,236.79,20,6,0.0594,1900,11.84,14-11-2024,Tokyo,Desktop,8.02,2.34,39.46,1663.21,YES,YES,TRUE
12,101,3613,208.12,24,5,0.0495,1130,8.67,11/22/2024,Beijin,Desktop,5.43,2.06,41.62,921.88,NO,YES,FALSE
13,125,3259,191.3,18,3,0.024,1959,10.63,11/27/2024,Canberra,Desktop,10.24,1.53,63.77,1767.7,YES,YES,FALSE
14,196,3742,207.46,10,7,0.0357,1623,20.75,12/11/2024,Paris,Mobile,7.82,1.06,29.64,1415.54,YES,YES,FALSE
15,181,4311,185.09,11,9,0.0497,1538,16.83,11/4/2024,Cairo,Desktop,8.31,1.02,20.57,1352.91,NO,YES,TRUE
16,102,5461,201.69,22,8,0.0784,1755,9.17,11/29/2024,Cairo,Desktop,8.7,1.98,25.21,1553.31,YES,YES,TRUE
17,193,5159,190,15,9,0.0466,1614,12.67,11/10/2024,Riyad,Mobile,8.49,0.98,21.11,1424,YES,YES,FALSE
18,149,4431,207.4,19,9,0.0604,1693,10.92,12/11/2024,Cairo,Mobile,8.16,1.39,23.04,1485.6,YES,YES,TRUE
19,150,3113,217.41,20,5,0.0333,1785,10.87,11/7/2024,Paris,Mobile,8.21,1.45,43.48,1567.59,YES,YES,FALSE
20,145,5278,220,25,6,0.0414,1516,8.8,11/5/2024,Paris,Desktop,6.89,1.52,36.67,1296,NO,YES,FALSE
21,184,4143,223.3,10,10,0.0543,1735,22.33,11/21/2024,Paris,Tablet,7.77,1.21,22.33,1511.7,YES,YES,TRUE
22,171,4154,184.23,30,7,0.0409,1803,6.14,11/8/2024,Paris,Tablet,9.79,1.08,26.32,1618.77,YES,YES,FALSE
23,122,5187,211.24,27,6,0.0492,1322,7.82,11/20/2024,Tokyo,Desktop,6.26,1.73,35.21,1110.76,NO,YES,FALSE
24,188,5798,230.17,28,5,0.0266,1452,8.22,30-11-2024,Tokyo,Tablet,6.31,1.22,46.03,1221.83,NO,YES,FALSE
25,87,3718,120,12,3,0.0345,1652,10,20-11-2024,Tokyo,Tablet,13.77,1.38,40,1532,YES,YES,FALSE
26,88,3349,181.92,22,8,0.0909,1456,8.27,11/20/2024,Tokyo,Tablet,8,2.07,22.74,1274.08,NO,YES,TRUE
27,119,5323,205.92,17,10,0.084,1656,12.11,11/2/2024,Tokyo,Desktop,8.04,1.73,20.59,1450.08,YES,YES,TRUE
28,40,5286,234.89,22,10,0.25,1688,10.68,11/21/2024,Tokyo,Desktop,7.19,5.87,23.49,1453.11,YES,YES,TRUE
29,128,5469,188.49,16,3,0.0234,1783,11.78,11/23/2024,Tokyo,Mobile,9.46,1.47,62.83,1594.51,YES,YES,FALSE
30,86,3351,237.75,21,9,0.1047,1975,11.32,11/13/2024,Tokyo,Mobile,8.31,2.76,26.42,1737.25,YES,YES,TRUE
31,188,4834,213.58,15,4,0.0213,1590,14.24,11/8/2024,Tokyo,Tablet,7.44,1.14,53.4,1376.42,NO,YES,FALSE
32,113,5065,212.37,11,5,0.0442,1111,19.31,22-11-2024,Tokyo,Desktop,5.23,1.88,42.47,898.63,NO,YES,FALSE
33,90,3872,244.38,20,4,0.0444,1041,12.22,12/11/2024,Tokyo,Tablet,4.26,2.72,61.1,796.62,NO,YES,FALSE
34,176,5509,234.59,19,7,0.0398,1710,12.35,11/3/2024,Tokyo,Tablet,7.29,1.33,33.51,1475.41,YES,YES,FALSE
35,121,5610,214.96,23,8,0.0661,1614,9.35,11/25/2024,Tokyo,Mobile,7.51,1.78,26.87,1399.04,YES,YES,TRUE
36,104,5275,236.48,16,9,0.0865,1824,14.78,1/11/2024,Tokyo,Desktop,7.71,2.27,26.28,1587.52,YES,YES,TRUE
37,146,5939,242.9,11,8,0.0548,1833,22.08,11/7/2024,Tokyo,Desktop,7.55,1.66,30.36,1590.1,YES,YES,TRUE
38,123,5131,211,19,5,0.0407,1307,11.11,9/11/2024,Tokyo,Mobile,6.19,1.72,42.2,1096,NO,YES,FALSE
39,90,5786,197.55,11,6,0.0667,1704,17.96,16-11-2024,Tokyo,Mobile,8.63,2.2,32.93,1506.45,YES,YES,TRUE
40,171,4304,192.61,17,10,0.0585,1427,11.33,11/26/2024,Tokyo,Mobile,7.41,1.13,19.26,1234.39,NO,YES,TRUE
41,94,5549,231.23,25,9,0.0957,1849,9.25,11/12/2024,Tokyo,Mobile,8,2.46,25.69,1617.77,YES,YES,TRUE
42,112,4271,196.07,27,6,0.0536,1209,7.26,11/14/2024,Paris,Desktop,6.17,1.75,32.68,1012.93,NO,YES,TRUE
43,113,4418,191.55,27,10,0.0885,1634,7.09,11/9/2024,Paris,Mobile,8.53,1.7,19.16,1442.45,YES,YES,TRUE
44,145,3721,180.95,21,7,0.0483,1960,8.62,29-11-2024,Paris,Desktop,10.83,1.25,25.85,1779.05,YES,YES,FALSE
45,197,5783,204.46,23,6,0.0305,1729,8.89,1/11/2024,Paris,Tablet,8.46,1.04,34.08,1524.54,YES,YES,FALSE
46,109,4866,236.78,27,5,0.0459,1585,8.77,15-11-2024,Paris,Mobile,6.69,2.17,47.36,1348.22,NO,YES,FALSE
47,188,5857,222.98,20,4,0.0213,1303,11.15,11/11/2024,Paris,Desktop,5.84,1.19,55.74,1080.02,NO,YES,FALSE
48,142,5103,234.1,24,3,0.0211,1835,9.75,11/8/2024,Baghdad,Mobile,7.84,1.65,78.03,1600.9,YES,YES,FALSE
49,168,4653,240.84,27,9,0.0536,1367,8.92,11/24/2024,Baghdad,Mobile,5.68,1.43,26.76,1126.16,NO,YES,TRUE
50,110,3524,248.86,19,10,0.0909,1524,13.1,21-11-2024,Baghdad,Mobile,6.12,2.26,24.89,1275.14,NO,YES,TRUE
51,192,5938,182.84,26,5,0.026,1080,7.03,11/12/2024,Baghdad,Mobile,5.91,0.95,36.57,897.16,NO,YES,FALSE
52,101,3942,206.62,16,5,0.0495,1746,12.91,11/24/2024,Baghdad,Tablet,8.45,2.05,41.32,1539.38,YES,YES,FALSE
53,157,3315,189.56,15,10,0.0637,1026,12.64,11/25/2024,Baghdad,Mobile,5.41,1.21,18.96,836.44,NO,YES,TRUE
54,113,4945,187.66,15,10,0.0885,1564,12.51,11/26/2024,Baghdad,Tablet,8.33,1.66,18.77,1376.34,NO,YES,TRUE
55,96,3166,196.15,29,7,0.0729,1902,6.76,26-11-2024,Baghdad,Desktop,9.7,2.04,28.02,1705.85,YES,YES,TRUE
56,125,4223,183.68,15,6,0.048,1267,12.25,11/5/2024,Baghdad,Desktop,6.9,1.47,30.61,1083.32,NO,YES,FALSE
57,104,4798,210.1,18,3,0.0288,1340,11.67,21-11-2024,Baghdad,Desktop,6.38,2.02,70.03,1129.9,NO,YES,FALSE
58,194,5655,208.58,13,6,0.0309,1692,16.04,11/16/2024,Baghdad,Mobile,8.11,1.08,34.76,1483.42,YES,YES,FALSE
59,144,5140,219.48,19,8,0.0556,1054,11.55,18-11-2024,Baghdad,Desktop,4.8,1.52,27.44,834.52,NO,YES,TRUE
60,179,3025,238.81,17,3,0.0168,1614,14.05,11/11/2024,Baghdad,Mobile,6.76,1.33,79.6,1375.19,YES,YES,FALSE
61,166,5223,189.76,18,7,0.0422,1219,10.54,16-11-2024,Baghdad,Tablet,6.42,1.14,27.11,1029.24,NO,YES,FALSE
62,166,5089,156,26,7,0.0422,1946,6,11/11/2024,Baghdad,Tablet,12.47,0.94,22.29,1790,YES,YES,FALSE
63,118,5016,204.31,19,9,0.0763,1833,10.75,11/8/2024,Baghdad,Desktop,8.97,1.73,22.7,1628.69,YES,YES,TRUE
64,185,3617,222.32,24,7,0.0378,1963,9.26,23-11-2024,Baghdad,Mobile,8.83,1.2,31.76,1740.68,YES,YES,FALSE
65,116,3764,232.03,28,10,0.0862,1348,8.29,11/20/2024,Cairo,Tablet,5.81,2,23.2,1115.97,NO,YES,TRUE
66,99,4489,183.73,15,6,0.0606,1264,12.25,11/5/2024,Cairo,Desktop,6.88,1.86,30.62,1080.27,NO,YES,TRUE
67,172,4441,221.18,14,8,0.0465,1771,15.8,27-11-2024,Cairo,Mobile,8.01,1.29,27.65,1549.82,YES,YES,FALSE
68,138,5751,199.11,26,9,0.0652,1337,7.66,11/10/2024,Cairo,Desktop,6.71,1.44,22.12,1137.89,NO,YES,TRUE
69,84,4036,234.22,23,10,0.119,1287,10.18,4/11/2024,Cairo,Desktop,5.49,2.79,23.42,1052.78,NO,YES,TRUE
70,124,4942,240.59,18,3,0.0242,1922,13.37,11/16/2024,Cairo,Desktop,7.99,1.94,80.2,1681.41,YES,YES,FALSE
71,122,4989,215.48,12,5,0.041,1975,17.96,11/6/2024,Cairo,Mobile,9.17,1.77,43.1,1759.52,YES,YES,FALSE
72,180,3006,228.14,22,7,0.0389,1556,10.37,11/4/2024,Cairo,Tablet,6.82,1.27,32.59,1327.86,NO,YES,FALSE
73,133,3728,199.13,11,10,0.0752,1614,18.1,11/9/2024,Cairo,Desktop,8.11,1.5,19.91,1414.87,YES,YES,TRUE
74,164,3734,225.39,27,8,0.0488,1728,8.35,12/11/2024,Cairo,Tablet,7.67,1.37,28.17,1502.61,YES,YES,FALSE
75,150,4621,246.3,15,6,0.04,1554,16.42,11/9/2024,Cairo,Desktop,6.31,1.64,41.05,1307.7,NO,YES,FALSE
76,97,3212,212.55,27,10,0.1031,1994,7.87,23-11-2024,Cairo,Desktop,9.38,2.19,21.26,1781.45,YES,YES,TRUE
77,128,4225,228.24,30,4,0.0312,1618,7.61,11/8/2024,Rome,Mobile,7.09,1.78,57.06,1389.76,YES,YES,FALSE
78,99,4779,233.78,26,10,0.101,1086,8.99,11/5/2024,Rome,Desktop,4.65,2.36,23.38,852.22,NO,YES,TRUE
79,86,5352,234.05,11,5,0.0581,1364,21.28,11/9/2024,Rome,Tablet,5.83,2.72,46.81,1129.95,NO,YES,TRUE
80,118,5405,187.28,25,7,0.0593,1836,7.49,11/5/2024,Rome,Tablet,9.8,1.59,26.75,1648.72,YES,YES,TRUE
81,127,5430,199.13,14,6,0.0472,1932,14.22,11/25/2024,Rome,Mobile,9.7,1.57,33.19,1732.87,YES,YES,FALSE
82,83,4808,241.35,20,7,0.0843,1038,12.07,30-11-2024,Rome,Mobile,4.3,2.91,34.48,796.65,NO,YES,TRUE
83,149,3587,217.53,23,8,0.0537,1614,9.46,17-11-2024,Rome,Mobile,7.42,1.46,27.19,1396.47,YES,YES,TRUE
84,168,4683,215.28,30,8,0.0476,1327,7.18,11/28/2024,Rome,Mobile,6.16,1.28,26.91,1111.72,NO,YES,FALSE
85,112,5814,227.38,11,8,0.0714,1467,20.67,11/3/2024,Rome,Tablet,6.45,2.03,28.42,1239.62,NO,YES,TRUE
86,123,3292,233.2,28,6,0.0488,1174,8.33,11/19/2024,Rome,Desktop,5.03,1.9,38.87,940.8,NO,YES,FALSE
87,174,4305,206.02,20,3,0.0172,1057,10.3,11/23/2024,Rome,Desktop,5.13,1.18,68.67,850.98,NO,YES,FALSE
88,143,4368,210,27,7,0.049,1199,7.78,3/11/2024,Riyad,Tablet,5.71,1.47,30,989,NO,YES,FALSE
89,195,5935,209.68,23,9,0.0462,1966,9.12,11/7/2024,Riyad,Tablet,9.38,1.08,23.3,1756.32,YES,YES,FALSE
90,176,5847,241.04,13,6,0.0341,1194,18.54,11/2/2024,Riyad,Desktop,4.95,1.37,40.17,952.96,NO,YES,FALSE
91,141,4851,227.39,28,5,0.0355,1821,8.12,11/15/2024,Riyad,Desktop,8.01,1.61,45.48,1593.61,YES,YES,FALSE
92,108,4710,204.16,19,10,0.0926,1731,10.75,11/20/2024,Riyad,Tablet,8.48,1.89,20.42,1526.84,YES,YES,TRUE
93,112,3345,160,11,6,0.0536,1859,14.55,11/23/2024,Riyad,Tablet,11.62,1.43,26.67,1699,YES,YES,TRUE
94,96,5903,184.41,23,9,0.0938,1188,8.02,20-11-2024,Riyad,Tablet,6.44,1.92,20.49,1003.59,NO,YES,TRUE
95,145,5004,216.45,22,5,0.0345,1496,9.84,11/1/2024,Riyad,Tablet,6.91,1.49,43.29,1279.55,NO,YES,FALSE
96,183,3947,197.3,15,8,0.0437,1645,13.15,11/14/2024,Riyad,Desktop,8.34,1.08,24.66,1447.7,YES,YES,FALSE
97,113,3690,229.42,20,5,0.0442,1915,11.47,11/28/2024,Riyad,Tablet,8.35,2.03,45.88,1685.58,YES,YES,FALSE
98,101,5943,187.32,27,6,0.0594,1614,6.94,11/15/2024,Riyad,Tablet,8.62,1.85,31.22,1426.68,YES,YES,TRUE
99,189,5357,222.5,24,3,0.0159,1839,9.27,11/25/2024,Riyad,Tablet,8.27,1.18,74.17,1616.5,YES,YES,FALSE
100,129,4640,199.13,20,7,0.0543,1614,9.96,11/5/2024,Tokyo,Desktop,8.11,1.54,28.45,1414.87,YES,YES,TRUE
101,129,4640,199.13,20,7,0.0543,1614,9.96,11/5/2024,Tokyo,Desktop,8.11,1.54,28.45,1414.87,YES,YES,TRUE
102,158,3429,199.13,25,9,0.057,1614,7.97,11/12/2024,Rome,Mobile,8.11,1.26,22.13,1414.87,YES,YES,TRUE
103,90,6055,199.13,12,5,0.0556,1614,16.59,11/9/2024,Rome,Tablet,8.11,2.21,39.83,1414.87,YES,YES,TRUE
104,171,4273,199.13,13,8,0.0468,1614,15.32,27-11-2024,Cairo,Mobile,8.11,1.16,24.89,1414.87,YES,YES,FALSE
105,182,5842,199.13,26,7,0.0385,1614,7.66,1/11/2024,Paris,Tablet,8.11,1.09,28.45,1414.87,YES,YES,FALSE
106,134,3946,199.13,23,7,0.0522,1614,8.66,29-11-2024,Paris,Desktop,8.11,1.49,28.45,1414.87,YES,YES,TRUE
107,194,3593,199.13,21,3,0.0155,1614,9.48,11/23/2024,Rome,Desktop,8.11,1.03,66.38,1414.87,YES,YES,FALSE
108,112,5207,199.13,29,4,0.0357,1614,6.87,11/24/2024,London,Tablet,8.11,1.78,49.78,1414.87,YES,YES,FALSE
109,138,5134,199.13,12,6,0.0435,1614,16.59,11/6/2024,Cairo,Mobile,8.11,1.44,33.19,1414.87,YES,YES,FALSE
110,176,3183,199.13,11,11,0.0625,1614,18.1,11/21/2024,Paris,Tablet,8.11,1.13,18.1,1414.87,YES,YES,TRUE
111,170,3093,199.13,27,9,0.0529,1614,7.38,11/12/2024,Rome,Mobile,8.11,1.17,22.13,1414.87,YES,YES,TRUE
112,135,5380,199.13,16,10,0.0741,1614,12.45,11/26/2024,Baghdad,Tablet,8.11,1.48,19.91,1414.87,YES,YES,TRUE
113,173,5787,199.13,23,3,0.0173,1614,8.66,11/25/2024,Riyad,Tablet,8.11,1.15,66.38,1414.87,YES,YES,FALSE
114,127,4759,199.13,15,6,0.0472,1614,13.28,11/9/2024,Cairo,Desktop,8.11,1.57,33.19,1414.87,YES,YES,FALSE
115,141,4523,199.13,31,5,0.0355,1614,6.42,11/8/2024,Rome,Mobile,8.11,1.41,39.83,1414.87,YES,YES,FALSE
116,124,3792,199.13,12,9,0.0726,1614,16.59,11/9/2024,Cairo,Desktop,8.11,1.61,22.13,1414.87,YES,YES,TRUE
117,118,5645,199.13,25,8,0.0678,1614,7.97,11/5/2024,Rome,Tablet,8.11,1.69,24.89,1414.87,YES,YES,TRUE
118,96,3842,199.13,15,5,0.0521,1614,13.28,11/24/2024,Baghdad,Tablet,8.11,2.07,39.83,1414.87,YES,YES,TRUE
119,128,3289,199.13,20,3,0.0234,1614,9.96,11/27/2024,Canberra,Desktop,8.11,1.56,66.38,1414.87,YES,YES,FALSE
120,103,5520,199.13,10,8,0.0777,1614,19.91,11/3/2024,Rome,Tablet,8.11,1.93,24.89,1414.87,YES,YES,TRUE
121,107,5358,199.13,25,5,0.0467,1614,7.97,15-11-2024,Paris,Mobile,8.11,1.86,39.83,1414.87,YES,YES,FALSE
122,199,6661,199.13,23,5,0.0251,1614,8.66,11/12/2024,Baghdad,Mobile,8.11,1,39.83,1414.87,YES,YES,FALSE
123,113,5697,199.13,18,5,0.0442,1614,11.06,9/11/2024,Tokyo,Mobile,8.11,1.76,39.83,1414.87,YES,YES,FALSE
124,142,3011,199.13,22,5,0.0352,1614,9.05,11/7/2024,Paris,Mobile,8.11,1.4,39.83,1414.87,YES,YES,FALSE
125,93,5453,199.13,25,10,0.1075,1614,7.97,20-11-2024,Riyad,Tablet,8.11,2.14,19.91,1414.87,YES,YES,TRUE
126,76,5899,199.13,11,5,0.0658,1614,18.1,11/9/2024,Rome,Tablet,8.11,2.62,39.83,1414.87,YES,YES,TRUE
127,96,4684,199.13,16,7,0.0729,1614,12.45,11/5/2024,Cairo,Desktop,8.11,2.07,28.45,1414.87,YES,YES,TRUE
128,95,5695,199.13,25,9,0.0947,1614,7.97,11/12/2024,Tokyo,Mobile,8.11,2.1,22.13,1414.87,YES,YES,TRUE
129,163,4446,199.13,27,8,0.0491,1614,7.38,11/28/2024,Rome,Mobile,8.11,1.22,24.89,1414.87,YES,YES,FALSE
130,122,4367,199.13,18,6,0.0492,1614,11.06,11/5/2024,Baghdad,Desktop,8.11,1.63,33.19,1414.87,YES,YES,FALSE
131,197,5281,199.13,26,6,0.0305,1614,7.66,1/11/2024,Paris,Tablet,8.11,1.01,33.19,1414.87,YES,YES,FALSE
132,103,5113,199.13,28,5,0.0485,1614,7.11,15-11-2024,Paris,Mobile,8.11,1.93,39.83,1414.87,YES,YES,FALSE
133,129,5759,199.13,25,6,0.0465,1614,7.97,11/20/2024,Tokyo,Desktop,8.11,1.54,33.19,1414.87,YES,YES,FALSE
134,185,3793,199.13,24,8,0.0432,1614,8.3,11/12/2024,Rome,Mobile,8.11,1.08,24.89,1414.87,YES,YES,FALSE
135,100,5070,199.13,17,3,0.03,1614,11.71,21-11-2024,Baghdad,Desktop,8.11,1.99,66.38,1414.87,YES,YES,FALSE
136,183,5201,199.13,13,6,0.0328,1614,15.32,11/2/2024,Riyad,Desktop,8.11,1.09,33.19,1414.87,YES,YES,FALSE
137,114,4551,199.13,17,5,0.0439,1614,11.71,6/11/2024,Paris,Tablet,8.11,1.75,39.83,1414.87,YES,YES,FALSE
138,179,5042,199.13,19,3,0.0168,1614,10.48,11/23/2024,Rome,Desktop,8.11,1.11,66.38,1414.87,YES,YES,FALSE
139,189,4358,199.13,27,9,0.0476,1614,7.38,11/28/2024,Rome,Mobile,8.11,1.05,22.13,1414.87,YES,YES,FALSE
140,42,5261,199.13,26,9,0.2143,1614,7.66,11/21/2024,Tokyo,Desktop,8.11,4.74,22.13,1414.87,YES,YES,TRUE
141,159,4026,199.13,24,7,0.044,1614,8.3,23-11-2024,Baghdad,Mobile,8.11,1.25,28.45,1414.87,YES,YES,FALSE
142,200,5414,199.13,16,8,0.04,1614,12.45,11/10/2024,Riyad,Mobile,8.11,1,24.89,1414.87,YES,YES,FALSE
143,141,5063,199.13,29,4,0.0284,1614,6.87,11/8/2024,Rome,Mobile,8.11,1.41,49.78,1414.87,YES,YES,FALSE
144,120,4696,199.13,11,5,0.0417,1614,18.1,11/6/2024,Cairo,Mobile,8.11,1.66,39.83,1414.87,YES,YES,FALSE
145,112,4857,199.13,16,9,0.0804,1614,12.45,1/11/2024,Tokyo,Desktop,8.11,1.78,22.13,1414.87,YES,YES,TRUE
146,110,4919,199.13,17,5,0.0455,1614,11.71,6/11/2024,Paris,Tablet,8.11,1.81,39.83,1414.87,YES,YES,FALSE
147,167,4844,199.13,25,3,0.018,1614,7.97,11/25/2024,Riyad,Tablet,8.11,1.19,66.38,1414.87,YES,YES,FALSE
148,110,4789,199.13,29,5,0.0455,1614,6.87,15-11-2024,Paris,Mobile,8.11,1.81,39.83,1414.87,YES,YES,FALSE
149,121,4826,199.13,30,6,0.0496,1614,6.64,11/15/2024,Riyad,Desktop,8.11,1.65,33.19,1414.87,YES,YES,FALSE
150,82,4371,199.13,25,11,0.1341,1614,7.97,4/11/2024,Cairo,Desktop,8.11,2.43,18.1,1414.87,YES,YES,TRUE
151,95,5615,199.13,13,5,0.0526,1614,15.32,11/9/2024,Rome,Tablet,8.11,2.1,39.83,1414.87,YES,YES,TRUE
152,108,4379,199.13,31,4,0.037,1614,6.42,11/8/2024,Rome,Mobile,8.11,1.84,49.78,1414.87,YES,YES,FALSE
153,130,5108,199.13,27,6,0.0462,1614,7.38,11/5/2024,Paris,Desktop,8.11,1.53,33.19,1414.87,YES,YES,FALSE
154,134,6516,199.13,11,8,0.0597,1614,18.1,11/7/2024,Tokyo,Desktop,8.11,1.49,24.89,1414.87,YES,YES,TRUE
155,141,6747,199.13,20,3,0.0213,1614,9.96,11/8/2024,Baghdad,Mobile,8.11,1.41,66.38,1414.87,YES,YES,FALSE
156,186,6266,199.13,26,5,0.0269,1614,7.66,11/12/2024,Baghdad,Mobile,8.11,1.07,39.83,1414.87,YES,YES,FALSE
157,173,3388,199.13,28,8,0.0462,1614,7.11,11/22/2024,Cairo,Desktop,8.11,1.15,24.89,1414.87,YES,YES,FALSE
158,135,3785,199.13,15,6,0.0444,1614,13.28,11/5/2024,Baghdad,Desktop,8.11,1.48,33.19,1414.87,YES,YES,FALSE
159,106,5182,199.13,21,8,0.0755,1614,9.48,11/29/2024,Cairo,Desktop,8.11,1.88,24.89,1414.87,YES,YES,TRUE
160,98,3157,199.13,28,8,0.0816,1614,7.11,23-11-2024,Cairo,Desktop,8.11,2.03,24.89,1414.87,YES,YES,TRUE
161,87,3863,199.13,25,10,0.1149,1614,7.97,4/11/2024,Cairo,Desktop,8.11,2.29,19.91,1414.87,YES,YES,TRUE
162,89,5895,199.13,25,9,0.1011,1614,7.97,20-11-2024,Riyad,Tablet,8.11,2.24,22.13,1414.87,YES,YES,TRUE
163,104,3669,199.13,30,11,0.1058,1614,6.64,23-11-2024,Cairo,Desktop,8.11,1.91,18.1,1414.87,YES,YES,TRUE
164,112,5643,199.13,16,5,0.0446,1614,12.45,9/11/2024,Tokyo,Mobile,8.11,1.78,39.83,1414.87,YES,YES,FALSE
165,108,5867,199.13,24,6,0.0556,1614,8.3,11/15/2024,Riyad,Tablet,8.11,1.84,33.19,1414.87,YES,YES,TRUE
166,123,3858,199.13,33,6,0.0488,1614,6.03,11/14/2024,Paris,Desktop,8.11,1.62,33.19,1414.87,YES,YES,FALSE
167,92,4286,199.13,22,4,0.0435,1614,9.05,12/11/2024,Tokyo,Tablet,8.11,2.16,49.78,1414.87,YES,YES,FALSE
168,106,4692,199.13,19,10,0.0943,1614,10.48,11/20/2024,Riyad,Tablet,8.11,1.88,19.91,1414.87,YES,YES,TRUE
169,127,4422,199.13,19,5,0.0394,1614,10.48,9/11/2024,Tokyo,Mobile,8.11,1.57,39.83,1414.87,YES,YES,FALSE
170,142,5348,199.13,23,3,0.0211,1614,8.66,11/24/2024,Beyrouth,Tablet,8.11,1.4,66.38,1414.87,YES,YES,FALSE
171,145,5522,199.13,20,3,0.0207,1614,9.96,11/8/2024,Baghdad,Mobile,8.11,1.37,66.38,1414.87,YES,YES,FALSE
172,126,4376,199.13,13,6,0.0476,1614,15.32,11/25/2024,Rome,Mobile,8.11,1.58,33.19,1414.87,YES,YES,FALSE
173,144,4930,199.13,25,5,0.0347,1614,7.97,11/5/2024,Paris,Desktop,8.11,1.38,39.83,1414.87,YES,YES,FALSE
174,199,5805,199.13,19,4,0.0201,1614,10.48,11/11/2024,Paris,Desktop,8.11,1,49.78,1414.87,YES,YES,FALSE
175,195,3962,199.13,10,7,0.0359,1614,19.91,12/11/2024,Paris,Mobile,8.11,1.02,28.45,1414.87,YES,YES,FALSE
176,113,4738,199.13,22,3,0.0265,1614,9.05,11/16/2024,Cairo,Desktop,8.11,1.76,66.38,1414.87,YES,YES,FALSE
177,166,4343,199.13,26,9,0.0542,1614,7.66,11/24/2024,Baghdad,Mobile,8.11,1.2,22.13,1414.87,YES,YES,TRUE
178,177,5829,199.13,19,7,0.0395,1614,10.48,11/3/2024,Tokyo,Tablet,8.11,1.13,28.45,1414.87,YES,YES,FALSE
179,123,4993,199.13,28,5,0.0407,1614,7.11,11/20/2024,Tokyo,Desktop,8.11,1.62,39.83,1414.87,YES,YES,FALSE
180,197,5900,199.13,14,5,0.0254,1614,14.22,11/16/2024,Baghdad,Mobile,8.11,1.01,39.83,1414.87,YES,YES,FALSE
181,149,5240,199.13,25,9,0.0604,1614,7.97,11/10/2024,Cairo,Desktop,8.11,1.34,22.13,1414.87,YES,YES,TRUE
182,132,4463,199.13,24,4,0.0303,1614,8.3,11/1/2024,Riyad,Tablet,8.11,1.51,49.78,1414.87,YES,YES,FALSE
183,200,6132,199.13,24,6,0.03,1614,8.3,1/11/2024,Paris,Tablet,8.11,1,33.19,1414.87,YES,YES,FALSE
184,213,5263,199.13,13,10,0.0469,1614,15.32,11/10/2024,Riyad,Mobile,8.11,0.93,19.91,1414.87,YES,YES,FALSE
185,96,6243,199.13,11,8,0.0833,1614,18.1,11/3/2024,Rome,Tablet,8.11,2.07,24.89,1414.87,YES,YES,TRUE
186,188,3463,199.13,24,8,0.0426,1614,8.3,23-11-2024,Baghdad,Mobile,8.11,1.06,24.89,1414.87,YES,YES,FALSE
187,116,4672,199.13,12,5,0.0431,1614,16.59,11/6/2024,Cairo,Mobile,8.11,1.72,39.83,1414.87,YES,YES,FALSE
188,161,3720,199.13,25,10,0.0621,1614,7.97,11/12/2024,Rome,Mobile,8.11,1.24,19.91,1414.87,YES,YES,TRUE
189,105,4448,199.13,12,5,0.0476,1614,16.59,22-11-2024,Tokyo,Desktop,8.11,1.9,39.83,1414.87,YES,YES,FALSE
190,98,5257,199.13,27,8,0.0816,1614,7.38,11/5/2024,Rome,Desktop,8.11,2.03,24.89,1414.87,YES,YES,TRUE
191,128,6428,199.13,11,8,0.0625,1614,18.1,11/3/2024,Rome,Tablet,8.11,1.56,24.89,1414.87,YES,YES,TRUE
192,130,3977,199.13,21,8,0.0615,1614,9.48,29-11-2024,Paris,Desktop,8.11,1.53,24.89,1414.87,YES,YES,TRUE
193,75,4543,199.13,17,7,0.0933,1614,11.71,30-11-2024,Rome,Mobile,8.11,2.66,28.45,1414.87,YES,YES,TRUE
194,110,3077,199.13,30,6,0.0545,1614,6.64,11/19/2024,Rome,Desktop,8.11,1.81,33.19,1414.87,YES,YES,TRUE
195,195,4232,199.13,18,10,0.0513,1614,11.06,11/26/2024,Tokyo,Mobile,8.11,1.02,19.91,1414.87,YES,YES,TRUE
196,136,4348,199.13,26,5,0.0368,1614,7.66,11/15/2024,Riyad,Desktop,8.11,1.46,39.83,1414.87,YES,YES,FALSE
197,86,3093,199.13,21,9,0.1047,1614,9.48,11/13/2024,Tokyo,Mobile,8.11,2.32,22.13,1414.87,YES,YES,TRUE
198,84,3910,199.13,13,4,0.0476,1614,15.32,20-11-2024,Tokyo,Tablet,8.11,2.37,49.78,1414.87,YES,YES,FALSE
199,78,4246,199.13,25,10,0.1282,1614,7.97,4/11/2024,Cairo,Desktop,8.11,2.55,19.91,1414.87,YES,YES,TRUE
200,114,3448,199.13,29,11,0.0965,1614,6.87,11/20/2024,Cairo,Tablet,8.11,1.75,18.1,1414.87,YES,YES,TRUE
201,217,4544,199.13,11,10,0.0461,1614,18.1,11/4/2024,Cairo,Desktop,8.11,0.92,19.91,1414.87,YES,YES,FALSE
202,124,6025,199.13,12,8,0.0645,1614,16.59,11/3/2024,Rome,Tablet,8.11,1.61,24.89,1414.87,YES,YES,TRUE
203,171,4643,199.13,10,10,0.0585,1614,19.91,11/21/2024,Paris,Tablet,8.11,1.16,19.91,1414.87,YES,YES,TRUE
204,87,5027,199.13,21,8,0.092,1614,9.48,30-11-2024,Rome,Mobile,8.11,2.29,24.89,1414.87,YES,YES,TRUE
205,97,4879,199.13,13,7,0.0722,1614,15.32,11/16/2024,London,Desktop,8.11,2.05,28.45,1414.87,YES,YES,TRUE
206,109,5637,199.13,15,6,0.055,1614,13.28,11/25/2024,Rome,Mobile,8.11,1.83,33.19,1414.87,YES,YES,TRUE
207,128,5829,199.13,22,6,0.0469,1614,9.05,11/5/2024,Rome,Tablet,8.11,1.56,33.19,1414.87,YES,YES,FALSE
208,94,4801,199.13,12,5,0.0532,1614,16.59,11/9/2024,Rome,Tablet,8.11,2.12,39.83,1414.87,YES,YES,TRUE
209,150,5695,199.13,26,9,0.06,1614,7.66,11/10/2024,Cairo,Desktop,8.11,1.33,22.13,1414.87,YES,YES,TRUE
210,137,5087,199.13,26,3,0.0219,1614,7.66,11/8/2024,Baghdad,Mobile,8.11,1.45,66.38,1414.87,YES,YES,FALSE
211,178,2947,199.13,21,7,0.0393,1614,9.48,11/4/2024,Cairo,Tablet,8.11,1.12,28.45,1414.87,YES,YES,FALSE
212,42,5474,199.13,22,10,0.2381,1614,9.05,11/21/2024,Tokyo,Desktop,8.11,4.74,19.91,1414.87,YES,YES,TRUE
213,89,5624,199.13,11,5,0.0562,1614,18.1,11/9/2024,Rome,Tablet,8.11,2.24,39.83,1414.87,YES,YES,TRUE
214,101,4949,199.13,19,3,0.0297,1614,10.48,21-11-2024,Baghdad,Desktop,8.11,1.97,66.38,1414.87,YES,YES,FALSE
215,164,5774,199.13,18,4,0.0244,1614,11.06,11/11/2024,Paris,Desktop,8.11,1.21,49.78,1414.87,YES,YES,FALSE
216,102,3710,199.13,17,6,0.0588,1614,11.71,11/24/2024,Baghdad,Tablet,8.11,1.95,33.19,1414.87,YES,YES,TRUE
217,211,6151,199.13,11,6,0.0284,1614,18.1,11/16/2024,Baghdad,Mobile,8.11,0.94,33.19,1414.87,YES,YES,FALSE
218,128,3274,199.13,16,6,0.0469,1614,12.45,11/26/2024,Baghdad,Tablet,8.11,1.56,33.19,1414.87,YES,YES,FALSE
219,190,3960,199.13,10,10,0.0526,1614,19.91,11/4/2024,Cairo,Desktop,8.11,1.05,19.91,1414.87,YES,YES,TRUE
220,89,3660,199.13,13,3,0.0337,1614,15.32,20-11-2024,Tokyo,Tablet,8.11,2.24,66.38,1414.87,YES,YES,FALSE
221,107,3109,199.13,25,5,0.0467,1614,7.97,11/22/2024,Beijin,Desktop,8.11,1.86,39.83,1414.87,YES,YES,FALSE
222,211,5799,199.13,24,6,0.0284,1614,8.3,1/11/2024,Paris,Tablet,8.11,0.94,33.19,1414.87,YES,YES,FALSE
223,130,5660,199.13,29,8,0.0615,1614,6.87,11/10/2024,Cairo,Desktop,8.11,1.53,24.89,1414.87,YES,YES,TRUE
224,150,4237,199.13,14,8,0.0533,1614,14.22,27-11-2024,Cairo,Mobile,8.11,1.33,24.89,1414.87,YES,YES,TRUE
225,136,5750,199.13,25,3,0.0221,1614,7.97,11/8/2024,Baghdad,Mobile,8.11,1.46,66.38,1414.87,YES,YES,FALSE
226,186,3907,199.13,20,3,0.0161,1614,9.96,11/23/2024,Rome,Desktop,8.11,1.07,66.38,1414.87,YES,YES,FALSE
227,186,5975,199.13,13,6,0.0323,1614,15.32,11/16/2024,Baghdad,Mobile,8.11,1.07,33.19,1414.87,YES,YES,FALSE
228,174,5945,199.13,25,3,0.0172,1614,7.97,11/24/2024,Beyrouth,Tablet,8.11,1.14,66.38,1414.87,YES,YES,FALSE
229,85,5191,199.13,30,10,0.1176,1614,6.64,11/5/2024,Rome,Desktop,8.11,2.34,19.91,1414.87,YES,YES,TRUE
230,164,5127,199.13,18,9,0.0549,1614,11.06,18-11-2024,Baghdad,Desktop,8.11,1.21,22.13,1414.87,YES,YES,TRUE
231,124,3423,199.13,30,10,0.0806,1614,6.64,11/20/2024,Cairo,Tablet,8.11,1.61,19.91,1414.87,YES,YES,TRUE
232,206,5039,199.13,13,6,0.0291,1614,15.32,11/16/2024,Baghdad,Mobile,8.11,0.97,33.19,1414.87,YES,YES,FALSE
233,135,4084,199.13,15,6,0.0444,1614,13.28,11/5/2024,Baghdad,Desktop,8.11,1.48,33.19,1414.87,YES,YES,FALSE
234,174,3171,199.13,24,10,0.0575,1614,8.3,11/12/2024,Rome,Mobile,8.11,1.14,19.91,1414.87,YES,YES,TRUE
235,102,4522,199.13,18,3,0.0294,1614,11.06,21-11-2024,Baghdad,Desktop,8.11,1.95,66.38,1414.87,YES,YES,FALSE
236,125,5288,199.13,10,6,0.048,1614,19.91,11/25/2024,Rome,Mobile,8.11,1.59,33.19,1414.87,YES,YES,FALSE
237,182,4794,199.13,17,3,0.0165,1614,11.71,11/8/2024,Tokyo,Tablet,8.11,1.09,66.38,1414.87,YES,YES,FALSE
238,201,5426,199.13,17,6,0.0299,1614,11.71,16-11-2024,Baghdad,Tablet,8.11,0.99,33.19,1414.87,YES,YES,FALSE
239,148,2870,199.13,17,6,0.0405,1614,11.71,11/26/2024,Baghdad,Tablet,8.11,1.35,33.19,1414.87,YES,YES,FALSE
240,100,4987,199.13,16,9,0.09,1614,12.45,1/11/2024,Tokyo,Desktop,8.11,1.99,22.13,1414.87,YES,YES,TRUE
241,204,5709,199.13,22,6,0.0294,1614,9.05,1/11/2024,Paris,Tablet,8.11,0.98,33.19,1414.87,YES,YES,FALSE
242,129,4640,199.13,20,7,0.0543,1614,9.96,11/5/2024,Tokyo,Desktop,8.11,1.54,28.45,1414.87,YES,YES,TRUE
243,192,4764,199.13,30,7,0.0365,1614,6.64,11/8/2024,Paris,Tablet,8.11,1.04,28.45,1414.87,YES,YES,FALSE
244,38,5384,199.13,21,9,0.2368,1614,9.48,11/21/2024,Tokyo,Desktop,8.11,5.24,22.13,1414.87,YES,YES,TRUE
245,116,3720,199.13,27,6,0.0517,1614,7.38,11/14/2024,Paris,Desktop,8.11,1.72,33.19,1414.87,YES,YES,TRUE
246,129,4640,199.13,20,7,0.0543,1614,9.96,11/5/2024,Tokyo,Desktop,8.11,1.54,28.45,1414.87,YES,YES,TRUE
247,179,4493,199.13,21,3,0.0168,1614,9.48,11/23/2024,Rome,Desktop,8.11,1.11,66.38,1414.87,YES,YES,FALSE
248,143,3153,199.13,15,6,0.042,1614,13.28,11/26/2024,Baghdad,Tablet,8.11,1.39,33.19,1414.87,YES,YES,FALSE
249,188,5235,199.13,26,4,0.0213,1614,7.66,30-11-2024,Tokyo,Tablet,8.11,1.06,49.78,1414.87,YES,YES,FALSE
250,148,4091,199.13,24,7,0.0473,1614,8.3,17-11-2024,Rome,Mobile,8.11,1.35,28.45,1414.87,YES,YES,FALSE
251,186,3453,199.13,9,8,0.043,1614,22.13,16-11-2024,Riyad,Mobile,8.11,1.07,24.89,1414.87,YES,YES,FALSE
252,168,4533,199.13,19,3,0.0179,1614,10.48,11/23/2024,Rome,Desktop,8.11,1.19,66.38,1414.87,YES,YES,FALSE
253,143,5557,199.13,15,3,0.021,1614,13.28,11/23/2024,Tokyo,Mobile,8.11,1.39,66.38,1414.87,YES,YES,FALSE
254,111,3506,199.13,11,6,0.0541,1614,18.1,11/23/2024,Riyad,Tablet,8.11,1.79,33.19,1414.87,YES,YES,TRUE
255,81,3809,199.13,21,9,0.1111,1614,9.48,11/13/2024,Tokyo,Mobile,8.11,2.46,22.13,1414.87,YES,YES,TRUE
256,139,3888,199.13,21,7,0.0504,1614,9.48,29-11-2024,Paris,Desktop,8.11,1.43,28.45,1414.87,YES,YES,TRUE
257,187,4243,199.13,13,7,0.0374,1614,15.32,27-11-2024,Cairo,Mobile,8.11,1.06,28.45,1414.87,YES,YES,FALSE
258,132,3547,199.13,19,3,0.0227,1614,10.48,11/27/2024,Canberra,Desktop,8.11,1.51,66.38,1414.87,YES,YES,FALSE
259,109,4556,199.13,20,3,0.0275,1614,9.96,21-11-2024,Baghdad,Desktop,8.11,1.83,66.38,1414.87,YES,YES,FALSE
260,99,3994,199.13,14,5,0.0505,1614,14.22,11/24/2024,Baghdad,Tablet,8.11,2.01,39.83,1414.87,YES,YES,TRUE
261,123,4846,199.13,22,7,0.0569,1614,9.05,11/5/2024,Rome,Tablet,8.11,1.62,28.45,1414.87,YES,YES,TRUE
262,129,4640,199.13,20,7,0.0543,1614,9.96,11/5/2024,Tokyo,Desktop,8.11,1.54,28.45,1414.87,YES,YES,TRUE
263,135,5775,199.13,29,10,0.0741,1614,6.87,11/10/2024,Cairo,Desktop,8.11,1.48,19.91,1414.87,YES,YES,TRUE
264,121,4397,199.13,22,7,0.0579,1614,9.05,11/14/2024,Paris,Desktop,8.11,1.65,28.45,1414.87,YES,YES,TRUE
265,120,3689,199.13,29,6,0.05,1614,6.87,11/14/2024,Paris,Desktop,8.11,1.66,33.19,1414.87,YES,YES,TRUE
266,104,4594,199.13,31,11,0.1058,1614,6.42,11/9/2024,Paris,Mobile,8.11,1.91,18.1,1414.87,YES,YES,TRUE
267,139,3352,199.13,21,8,0.0576,1614,9.48,17-11-2024,Rome,Mobile,8.11,1.43,24.89,1414.87,YES,YES,TRUE
268,91,4268,199.13,23,4,0.044,1614,8.66,12/11/2024,Tokyo,Tablet,8.11,2.19,49.78,1414.87,YES,YES,FALSE
269,220,5014,199.13,15,9,0.0409,1614,13.28,11/10/2024,Riyad,Mobile,8.11,0.91,22.13,1414.87,YES,YES,FALSE
270,149,5014,199.13,19,7,0.047,1614,10.48,11/3/2024,Tokyo,Tablet,8.11,1.34,28.45,1414.87,YES,YES,FALSE
271,92,4572,199.13,25,10,0.1087,1614,7.97,11/16/2024,Beyrouth,Tablet,8.11,2.16,19.91,1414.87,YES,YES,TRUE
272,90,5003,199.13,22,6,0.0667,1614,9.05,14-11-2024,Tokyo,Desktop,8.11,2.21,33.19,1414.87,YES,YES,TRUE
273,158,3696,199.13,26,10,0.0633,1614,7.66,11/12/2024,Rome,Mobile,8.11,1.26,19.91,1414.87,YES,YES,TRUE
274,96,4779,199.13,30,10,0.1042,1614,6.64,11/5/2024,Rome,Desktop,8.11,2.07,19.91,1414.87,YES,YES,TRUE
275,129,3683,199.13,12,10,0.0775,1614,16.59,11/9/2024,Cairo,Desktop,8.11,1.54,19.91,1414.87,YES,YES,TRUE
276,117,5225,199.13,12,4,0.0342,1614,16.59,11/6/2024,Cairo,Mobile,8.11,1.7,49.78,1414.87,YES,YES,FALSE
277,188,5386,199.13,25,3,0.016,1614,7.97,11/11/2024,Paris,Desktop,8.11,1.06,66.38,1414.87,YES,YES,FALSE
278,127,3344,199.13,12,10,0.0787,1614,16.59,11/9/2024,Cairo,Desktop,8.11,1.57,19.91,1414.87,YES,YES,TRUE
279,170,5328,199.13,16,8,0.0471,1614,12.45,11/10/2024,Riyad,Mobile,8.11,1.17,24.89,1414.87,YES,YES,FALSE
280,150,4424,199.13,26,5,0.0333,1614,7.66,11/15/2024,Riyad,Desktop,8.11,1.33,39.83,1414.87,YES,YES,FALSE
281,204,5415,199.13,23,4,0.0196,1614,8.66,11/12/2024,Baghdad,Mobile,8.11,0.98,49.78,1414.87,YES,YES,FALSE
282,155,5339,199.13,19,5,0.0323,1614,10.48,11/1/2024,Riyad,Tablet,8.11,1.28,39.83,1414.87,YES,YES,FALSE
283,89,5690,199.13,20,8,0.0899,1614,9.96,11/29/2024,Cairo,Desktop,8.11,2.24,24.89,1414.87,YES,YES,TRUE
284,197,5342,199.13,29,5,0.0254,1614,6.87,11/12/2024,Baghdad,Mobile,8.11,1.01,39.83,1414.87,YES,YES,FALSE
285,129,4742,199.13,12,5,0.0388,1614,16.59,11/6/2024,Cairo,Mobile,8.11,1.54,39.83,1414.87,YES,YES,FALSE
286,176,5509,199.13,25,5,0.0284,1614,7.97,11/12/2024,Baghdad,Mobile,8.11,1.13,39.83,1414.87,YES,YES,FALSE
287,109,5557,199.13,27,5,0.0459,1614,7.38,15-11-2024,Paris,Mobile,8.11,1.83,39.83,1414.87,YES,YES,FALSE
288,191,5533,199.13,15,10,0.0524,1614,13.28,11/10/2024,Riyad,Mobile,8.11,1.04,19.91,1414.87,YES,YES,TRUE
289,103,5591,199.13,12,6,0.0583,1614,16.59,16-11-2024,Tokyo,Mobile,8.11,1.93,33.19,1414.87,YES,YES,TRUE
290,100,3889,199.13,11,3,0.03,1614,18.1,20-11-2024,Tokyo,Tablet,8.11,1.99,66.38,1414.87,YES,YES,FALSE
291,163,4310,199.13,15,3,0.0184,1614,13.28,11/8/2024,Tokyo,Tablet,8.11,1.22,66.38,1414.87,YES,YES,FALSE
292,149,4676,199.13,18,3,0.0201,1614,11.06,11/16/2024,Cairo,Desktop,8.11,1.34,66.38,1414.87,YES,YES,FALSE
293,171,3647,199.13,22,7,0.0409,1614,9.05,23-11-2024,Baghdad,Mobile,8.11,1.16,28.45,1414.87,YES,YES,FALSE
294,179,5273,199.13,29,7,0.0391,1614,6.87,11/11/2024,Baghdad,Tablet,8.11,1.11,28.45,1414.87,YES,YES,FALSE
295,157,5893,199.13,11,8,0.051,1614,18.1,11/7/2024,Tokyo,Desktop,8.11,1.27,24.89,1414.87,YES,YES,TRUE
296,104,3763,199.13,18,5,0.0481,1614,11.06,11/28/2024,Riyad,Tablet,8.11,1.91,39.83,1414.87,YES,YES,FALSE
297,117,5468,199.13,29,4,0.0342,1614,6.87,11/24/2024,London,Tablet,8.11,1.7,49.78,1414.87,YES,YES,FALSE
298,120,5537,199.13,23,7,0.0583,1614,8.66,11/25/2024,Tokyo,Mobile,8.11,1.66,28.45,1414.87,YES,YES,TRUE
299,105,3527,199.13,25,5,0.0476,1614,7.97,11/22/2024,Beijin,Desktop,8.11,1.9,39.83,1414.87,YES,YES,FALSE
300,123,5419,199.13,21,9,0.0732,1614,9.48,11/25/2024,Tokyo,Mobile,8.11,1.62,22.13,1414.87,YES,YES,TRUE
301,111,6053,199.13,29,6,0.0541,1614,6.87,11/15/2024,Riyad,Tablet,8.11,1.79,33.19,1414.87,YES,YES,TRUE
302,147,6134,199.13,13,9,0.0612,1614,15.32,11/7/2024,Tokyo,Desktop,8.11,1.35,22.13,1414.87,YES,YES,TRUE
303,107,4785,199.13,17,9,0.0841,1614,11.71,11/20/2024,Riyad,Tablet,8.11,1.86,22.13,1414.87,YES,YES,TRUE
304,209,5378,199.13,27,5,0.0239,1614,7.38,11/12/2024,Baghdad,Mobile,8.11,0.95,39.83,1414.87,YES,YES,FALSE
305,128,4590,199.13,11,5,0.0391,1614,18.1,11/6/2024,Cairo,Mobile,8.11,1.56,39.83,1414.87,YES,YES,FALSE
306,199,6044,199.13,24,4,0.0201,1614,8.3,11/11/2024,Paris,Desktop,8.11,1,49.78,1414.87,YES,YES,FALSE
307,113,5950,199.13,19,10,0.0885,1614,10.48,11/2/2024,Tokyo,Desktop,8.11,1.76,19.91,1414.87,YES,YES,TRUE
308,91,4837,199.13,27,10,0.1099,1614,7.38,11/5/2024,Rome,Desktop,8.11,2.19,19.91,1414.87,YES,YES,TRUE
309,96,5747,199.13,24,6,0.0625,1614,8.3,11/15/2024,Riyad,Tablet,8.11,2.07,33.19,1414.87,YES,YES,TRUE
310,113,5419,199.13,16,9,0.0796,1614,12.45,11/2/2024,Tokyo,Desktop,8.11,1.76,22.13,1414.87,YES,YES,TRUE
311,91,4865,199.13,12,5,0.0549,1614,16.59,11/9/2024,Rome,Tablet,8.11,2.19,39.83,1414.87,YES,YES,TRUE
312,128,5880,199.13,15,11,0.0859,1614,13.28,11/2/2024,Tokyo,Desktop,8.11,1.56,18.1,1414.87,YES,YES,TRUE
313,131,3784,199.13,10,9,0.0687,1614,19.91,11/9/2024,Cairo,Desktop,8.11,1.52,22.13,1414.87,YES,YES,TRUE
314,132,5116,199.13,25,7,0.053,1614,7.97,11/5/2024,Rome,Tablet,8.11,1.51,28.45,1414.87,YES,YES,TRUE
315,121,4801,199.13,27,6,0.0496,1614,7.38,15-11-2024,Paris,Mobile,8.11,1.65,33.19,1414.87,YES,YES,FALSE
316,153,4426,199.13,15,6,0.0392,1614,13.28,11/9/2024,Cairo,Desktop,8.11,1.3,33.19,1414.87,YES,YES,FALSE
317,37,5841,199.13,21,10,0.2703,1614,9.48,11/21/2024,Tokyo,Desktop,8.11,5.38,19.91,1414.87,YES,YES,TRUE
318,127,5346,199.13,29,4,0.0315,1614,6.87,11/24/2024,London,Tablet,8.11,1.57,49.78,1414.87,YES,YES,FALSE
319,165,3397,199.13,22,8,0.0485,1614,9.05,11/12/2024,Rome,Mobile,8.11,1.21,24.89,1414.87,YES,YES,FALSE
320,110,5089,199.13,28,5,0.0455,1614,7.11,15-11-2024,Paris,Mobile,8.11,1.81,39.83,1414.87,YES,YES,FALSE
321,105,4431,199.13,19,9,0.0857,1614,10.48,11/20/2024,Riyad,Tablet,8.11,1.9,22.13,1414.87,YES,YES,TRUE
322,116,3310,199.13,19,3,0.0259,1614,10.48,11/27/2024,Canberra,Desktop,8.11,1.72,66.38,1414.87,YES,YES,FALSE
323,166,5986,199.13,22,4,0.0241,1614,9.05,11/11/2024,Paris,Desktop,8.11,1.2,49.78,1414.87,YES,YES,FALSE
324,189,2632,199.13,21,6,0.0317,1614,9.48,11/4/2024,Cairo,Tablet,8.11,1.05,33.19,1414.87,YES,YES,FALSE
325,172,4227,199.13,9,9,0.0523,1614,22.13,11/21/2024,Paris,Tablet,8.11,1.16,22.13,1414.87,YES,YES,TRUE
326,166,3714,199.13,10,10,0.0602,1614,19.91,11/9/2024,Cairo,Desktop,8.11,1.2,19.91,1414.87,YES,YES,TRUE
327,172,4884,199.13,13,5,0.0291,1614,15.32,11/8/2024,Tokyo,Tablet,8.11,1.16,39.83,1414.87,YES,YES,FALSE
328,75,4822,199.13,20,7,0.0933,1614,9.96,30-11-2024,Rome,Mobile,8.11,2.66,28.45,1414.87,YES,YES,TRUE
329,150,5247,199.13,19,9,0.06,1614,10.48,18-11-2024,Baghdad,Desktop,8.11,1.33,22.13,1414.87,YES,YES,TRUE
330,140,4675,199.13,14,6,0.0429,1614,14.22,11/5/2024,Baghdad,Desktop,8.11,1.42,33.19,1414.87,YES,YES,FALSE
331,150,4013,199.13,18,9,0.06,1614,11.06,12/11/2024,Cairo,Mobile,8.11,1.33,22.13,1414.87,YES,YES,TRUE
332,197,5697,199.13,22,3,0.0152,1614,9.05,11/11/2024,Paris,Desktop,8.11,1.01,66.38,1414.87,YES,YES,FALSE
333,148,4535,199.13,21,3,0.0203,1614,9.48,11/23/2024,Rome,Desktop,8.11,1.35,66.38,1414.87,YES,YES,FALSE
334,164,5303,199.13,9,7,0.0427,1614,22.13,20-11-2024,Rome,Mobile,8.11,1.21,28.45,1414.87,YES,YES,FALSE
335,117,4380,199.13,29,4,0.0342,1614,6.87,11/8/2024,Rome,Mobile,8.11,1.7,49.78,1414.87,YES,YES,FALSE
336,93,4300,199.13,20,10,0.1075,1614,9.96,21-11-2024,Baghdad,Mobile,8.11,2.14,19.91,1414.87,YES,YES,TRUE
337,134,3911,199.13,10,9,0.0672,1614,19.91,11/9/2024,Cairo,Desktop,8.11,1.49,22.13,1414.87,YES,YES,TRUE
338,141,4843,199.13,13,8,0.0567,1614,15.32,27-11-2024,Cairo,Mobile,8.11,1.41,24.89,1414.87,YES,YES,TRUE
339,130,3630,199.13,20,8,0.0615,1614,9.96,29-11-2024,Paris,Desktop,8.11,1.53,24.89,1414.87,YES,YES,TRUE
340,108,4663,199.13,12,6,0.0556,1614,16.59,22-11-2024,Tokyo,Desktop,8.11,1.84,33.19,1414.87,YES,YES,TRUE
341,173,3526,199.13,26,7,0.0405,1614,7.66,23-11-2024,Baghdad,Mobile,8.11,1.15,28.45,1414.87,YES,YES,FALSE
342,187,4557,199.13,10,8,0.0428,1614,19.91,11/4/2024,Cairo,Desktop,8.11,1.06,24.89,1414.87,YES,YES,FALSE
343,148,5307,199.13,20,8,0.0541,1614,9.96,18-11-2024,Baghdad,Desktop,8.11,1.35,24.89,1414.87,YES,YES,TRUE
344,178,3463,199.13,24,9,0.0506,1614,8.3,11/12/2024,Rome,Mobile,8.11,1.12,22.13,1414.87,YES,YES,TRUE
345,105,4412,199.13,14,7,0.0667,1614,14.22,11/5/2024,Cairo,Desktop,8.11,1.9,28.45,1414.87,YES,YES,TRUE
346,202,3509,199.13,23,7,0.0347,1614,8.66,23-11-2024,Baghdad,Mobile,8.11,0.99,28.45,1414.87,YES,YES,FALSE
347,113,5356,199.13,24,3,0.0265,1614,8.3,11/24/2024,London,Tablet,8.11,1.76,66.38,1414.87,YES,YES,FALSE
348,131,4470,199.13,33,4,0.0305,1614,6.03,11/8/2024,Rome,Mobile,8.11,1.52,49.78,1414.87,YES,YES,FALSE
349,117,4558,199.13,30,6,0.0513,1614,6.64,11/14/2024,Paris,Desktop,8.11,1.7,33.19,1414.87,YES,YES,TRUE
350,119,4970,199.13,24,7,0.0588,1614,8.3,11/5/2024,Rome,Tablet,8.11,1.67,28.45,1414.87,YES,YES,TRUE
351,151,3566,199.13,28,8,0.053,1614,7.11,11/22/2024,Cairo,Desktop,8.11,1.32,24.89,1414.87,YES,YES,TRUE
352,146,2951,199.13,22,5,0.0342,1614,9.05,11/7/2024,Paris,Mobile,8.11,1.36,39.83,1414.87,YES,YES,FALSE
353,103,3656,199.13,21,11,0.1068,1614,9.48,21-11-2024,Baghdad,Mobile,8.11,1.93,18.1,1414.87,YES,YES,TRUE
354,150,5197,199.13,23,6,0.04,1614,8.66,11/5/2024,Paris,Desktop,8.11,1.33,33.19,1414.87,YES,YES,FALSE
355,175,6199,199.13,19,7,0.04,1614,10.48,11/3/2024,Tokyo,Tablet,8.11,1.14,28.45,1414.87,YES,YES,FALSE
356,163,4292,199.13,14,8,0.0491,1614,14.22,27-11-2024,Cairo,Mobile,8.11,1.22,24.89,1414.87,YES,YES,FALSE
357,171,4373,199.13,10,8,0.0468,1614,19.91,11/4/2024,Cairo,Desktop,8.11,1.16,24.89,1414.87,YES,YES,FALSE
358,76,4232,199.13,24,10,0.1316,1614,8.3,4/11/2024,Cairo,Desktop,8.11,2.62,19.91,1414.87,YES,YES,TRUE
359,109,5022,199.13,19,7,0.0642,1614,10.48,14-11-2024,Tokyo,Desktop,8.11,1.83,28.45,1414.87,YES,YES,TRUE
360,150,4405,199.13,18,8,0.0533,1614,11.06,12/11/2024,Cairo,Mobile,8.11,1.33,24.89,1414.87,YES,YES,TRUE
361,167,2960,199.13,17,3,0.018,1614,11.71,11/11/2024,Baghdad,Mobile,8.11,1.19,66.38,1414.87,YES,YES,FALSE
362,135,5207,199.13,12,6,0.0444,1614,16.59,11/25/2024,Rome,Mobile,8.11,1.48,33.19,1414.87,YES,YES,FALSE
363,142,4275,199.13,16,9,0.0634,1614,12.45,12/11/2024,Cairo,Mobile,8.11,1.4,22.13,1414.87,YES,YES,TRUE
364,167,5264,199.13,16,4,0.024,1614,12.45,11/8/2024,Tokyo,Tablet,8.11,1.19,49.78,1414.87,YES,YES,FALSE
365,104,5620,199.13,22,8,0.0769,1614,9.05,20-11-2024,Riyad,Tablet,8.11,1.91,24.89,1414.87,YES,YES,TRUE
366,129,4640,199.13,20,7,0.0543,1614,9.96,11/5/2024,Tokyo,Desktop,8.11,1.54,28.45,1414.87,YES,YES,TRUE
367,139,5269,199.13,22,9,0.0647,1614,9.05,18-11-2024,Baghdad,Desktop,8.11,1.43,22.13,1414.87,YES,YES,TRUE
368,109,4322,199.13,26,5,0.0459,1614,7.66,15-11-2024,Paris,Mobile,8.11,1.83,39.83,1414.87,YES,YES,FALSE
369,114,5494,199.13,19,9,0.0789,1614,10.48,1/11/2024,Tokyo,Desktop,8.11,1.75,22.13,1414.87,YES,YES,TRUE
370,166,4514,199.13,28,8,0.0482,1614,7.11,11/11/2024,Baghdad,Tablet,8.11,1.2,24.89,1414.87,YES,YES,FALSE
371,162,3177,199.13,16,3,0.0185,1614,12.45,11/11/2024,Baghdad,Mobile,8.11,1.23,66.38,1414.87,YES,YES,FALSE
372,90,3215,199.13,17,9,0.1,1614,11.71,11/13/2024,Tokyo,Mobile,8.11,2.21,22.13,1414.87,YES,YES,TRUE
373,87,4547,199.13,27,10,0.1149,1614,7.38,11/16/2024,Beyrouth,Tablet,8.11,2.29,19.91,1414.87,YES,YES,TRUE
374,117,4896,199.13,22,9,0.0769,1614,9.05,11/29/2024,Cairo,Desktop,8.11,1.7,22.13,1414.87,YES,YES,TRUE
375,113,3726,199.13,21,4,0.0354,1614,9.48,11/28/2024,Riyad,Tablet,8.11,1.76,49.78,1414.87,YES,YES,FALSE
376,93,4746,199.13,27,9,0.0968,1614,7.38,11/9/2024,Paris,Mobile,8.11,2.14,22.13,1414.87,YES,YES,TRUE
377,173,4353,199.13,25,9,0.052,1614,7.97,11/24/2024,Baghdad,Mobile,8.11,1.15,22.13,1414.87,YES,YES,TRUE
378,164,4855,199.13,23,3,0.0183,1614,8.66,11/8/2024,Baghdad,Mobile,8.11,1.21,66.38,1414.87,YES,YES,FALSE
379,133,5602,199.13,26,7,0.0526,1614,7.66,11/5/2024,Rome,Tablet,8.11,1.5,28.45,1414.87,YES,YES,TRUE
380,133,4652,199.13,17,5,0.0376,1614,11.71,6/11/2024,Paris,Tablet,8.11,1.5,39.83,1414.87,YES,YES,FALSE
381,104,4376,199.13,26,4,0.0385,1614,7.66,11/24/2024,London,Tablet,8.11,1.91,49.78,1414.87,YES,YES,FALSE
382,43,6138,199.13,19,10,0.2326,1614,10.48,11/21/2024,Tokyo,Desktop,8.11,4.63,19.91,1414.87,YES,YES,TRUE
383,104,3673,199.13,19,11,0.1058,1614,10.48,21-11-2024,Baghdad,Mobile,8.11,1.91,18.1,1414.87,YES,YES,TRUE
384,140,6072,199.13,24,8,0.0571,1614,8.3,11/10/2024,Cairo,Desktop,8.11,1.42,24.89,1414.87,YES,YES,TRUE
385,99,3484,199.13,20,10,0.101,1614,9.96,21-11-2024,Baghdad,Mobile,8.11,2.01,19.91,1414.87,YES,YES,TRUE
386,187,4925,199.13,22,6,0.0321,1614,9.05,1/11/2024,Paris,Tablet,8.11,1.06,33.19,1414.87,YES,YES,FALSE
387,137,5274,199.13,21,6,0.0438,1614,9.48,11/1/2024,Riyad,Tablet,8.11,1.45,33.19,1414.87,YES,YES,FALSE
388,207,4926,199.13,18,9,0.0435,1614,11.06,11/10/2024,Riyad,Mobile,8.11,0.96,22.13,1414.87,YES,YES,FALSE
389,206,5901,199.13,13,6,0.0291,1614,15.32,11/16/2024,Baghdad,Mobile,8.11,0.97,33.19,1414.87,YES,YES,FALSE
390,98,3111,199.13,28,6,0.0612,1614,7.11,26-11-2024,Baghdad,Desktop,8.11,2.03,33.19,1414.87,YES,YES,TRUE
391,127,5200,199.13,25,3,0.0236,1614,7.97,11/8/2024,Baghdad,Mobile,8.11,1.57,66.38,1414.87,YES,YES,FALSE
392,81,4510,199.13,17,7,0.0864,1614,11.71,30-11-2024,Rome,Mobile,8.11,2.46,28.45,1414.87,YES,YES,TRUE
393,112,5691,199.13,19,11,0.0982,1614,10.48,11/2/2024,Tokyo,Desktop,8.11,1.78,18.1,1414.87,YES,YES,TRUE
394,121,3339,199.13,22,5,0.0413,1614,9.05,11/28/2024,Riyad,Tablet,8.11,1.65,39.83,1414.87,YES,YES,FALSE
395,193,6499,199.13,20,7,0.0363,1614,9.96,11/3/2024,Tokyo,Tablet,8.11,1.03,28.45,1414.87,YES,YES,FALSE
396,136,4979,199.13,11,5,0.0368,1614,18.1,11/5/2024,Baghdad,Desktop,8.11,1.46,39.83,1414.87,YES,YES,FALSE
397,148,3748,199.13,15,8,0.0541,1614,13.28,11/25/2024,Baghdad,Mobile,8.11,1.35,24.89,1414.87,YES,YES,TRUE
398,96,3628,199.13,25,7,0.0729,1614,7.97,11/19/2024,Rome,Desktop,8.11,2.07,28.45,1414.87,YES,YES,TRUE
399,169,5744,199.13,25,6,0.0355,1614,7.97,1/11/2024,Paris,Tablet,8.11,1.18,33.19,1414.87,YES,YES,FALSE
400,143,5979,199.13,17,3,0.021,1614,11.71,11/23/2024,Tokyo,Mobile,8.11,1.39,66.38,1414.87,YES,YES,FALSE
401,87,4509,199.13,27,8,0.092,1614,7.38,11/16/2024,Beyrouth,Tablet,8.11,2.29,24.89,1414.87,YES,YES,TRUE
402,137,5201,199.13,10,7,0.0511,1614,19.91,11/7/2024,Tokyo,Desktop,8.11,1.45,28.45,1414.87,YES,YES,TRUE
403,190,5246,199.13,34,9,0.0474,1614,5.86,11/28/2024,Rome,Mobile,8.11,1.05,22.13,1414.87,YES,YES,FALSE
404,191,5568,199.13,10,9,0.0471,1614,19.91,20-11-2024,Rome,Mobile,8.11,1.04,22.13,1414.87,YES,YES,FALSE
405,141,4839,199.13,32,5,0.0355,1614,6.22,11/15/2024,Riyad,Desktop,8.11,1.41,39.83,1414.87,YES,YES,FALSE
406,94,2856,199.13,30,7,0.0745,1614,6.64,26-11-2024,Baghdad,Desktop,8.11,2.12,28.45,1414.87,YES,YES,TRUE
407,179,4109,199.13,11,9,0.0503,1614,18.1,11/4/2024,Cairo,Desktop,8.11,1.11,22.13,1414.87,YES,YES,TRUE
408,191,4130,199.13,14,4,0.0209,1614,14.22,11/8/2024,Tokyo,Tablet,8.11,1.04,49.78,1414.87,YES,YES,FALSE
409,141,4542,199.13,17,7,0.0496,1614,11.71,11/5/2024,Baghdad,Desktop,8.11,1.41,28.45,1414.87,YES,YES,FALSE
410,117,4415,199.13,12,5,0.0427,1614,16.59,22-11-2024,Tokyo,Desktop,8.11,1.7,39.83,1414.87,YES,YES,FALSE
411,107,5523,199.13,22,7,0.0654,1614,9.05,14-11-2024,Tokyo,Desktop,8.11,1.86,28.45,1414.87,YES,YES,TRUE
412,151,5363,199.13,26,9,0.0596,1614,7.66,11/10/2024,Cairo,Desktop,8.11,1.32,22.13,1414.87,YES,YES,TRUE
413,125,5095,199.13,26,9,0.072,1614,7.66,11/10/2024,Cairo,Desktop,8.11,1.59,22.13,1414.87,YES,YES,TRUE
414,133,3321,199.13,19,3,0.0226,1614,10.48,11/27/2024,Canberra,Desktop,8.11,1.5,66.38,1414.87,YES,YES,FALSE
415,125,5323,199.13,18,3,0.024,1614,11.06,11/23/2024,Tokyo,Mobile,8.11,1.59,66.38,1414.87,YES,YES,FALSE
416,69,3967,199.13,13,3,0.0435,1614,15.32,20-11-2024,Tokyo,Tablet,8.11,2.89,66.38,1414.87,YES,YES,FALSE
417,143,3991,199.13,14,9,0.0629,1614,14.22,27-11-2024,Cairo,Mobile,8.11,1.39,22.13,1414.87,YES,YES,TRUE
418,151,3508,199.13,23,9,0.0596,1614,8.66,12/11/2024,Cairo,Tablet,8.11,1.32,22.13,1414.87,YES,YES,TRUE
419,171,3021,199.13,29,9,0.0526,1614,6.87,12/11/2024,Cairo,Tablet,8.11,1.16,22.13,1414.87,YES,YES,TRUE
420,146,4130,199.13,19,3,0.0205,1614,10.48,11/1/2024,Riyad,Tablet,8.11,1.36,66.38,1414.87,YES,YES,FALSE
421,100,5466,199.13,26,10,0.1,1614,7.66,11/5/2024,Rome,Desktop,8.11,1.99,19.91,1414.87,YES,YES,TRUE
422,104,4517,199.13,20,4,0.0385,1614,9.96,12/11/2024,Tokyo,Tablet,8.11,1.91,49.78,1414.87,YES,YES,FALSE
423,91,5439,199.13,18,6,0.0659,1614,11.06,14-11-2024,Tokyo,Desktop,8.11,2.19,33.19,1414.87,YES,YES,TRUE
424,118,4685,199.13,20,9,0.0763,1614,9.96,11/8/2024,Baghdad,Desktop,8.11,1.69,22.13,1414.87,YES,YES,TRUE
425,115,3265,199.13,13,6,0.0522,1614,15.32,11/23/2024,Riyad,Tablet,8.11,1.73,33.19,1414.87,YES,YES,TRUE
426,178,5731,199.13,23,3,0.0169,1614,8.66,11/25/2024,Riyad,Tablet,8.11,1.12,66.38,1414.87,YES,YES,FALSE
427,188,5559,199.13,30,5,0.0266,1614,6.64,30-11-2024,Tokyo,Tablet,8.11,1.06,39.83,1414.87,YES,YES,FALSE
428,164,5908,199.13,33,6,0.0366,1614,6.03,30-11-2024,Tokyo,Tablet,8.11,1.21,33.19,1414.87,YES,YES,FALSE
429,158,3182,199.13,18,6,0.038,1614,11.06,11/26/2024,Baghdad,Tablet,8.11,1.26,33.19,1414.87,YES,YES,FALSE
430,171,4115,199.13,10,9,0.0526,1614,19.91,11/4/2024,Cairo,Desktop,8.11,1.16,22.13,1414.87,YES,YES,TRUE
431,121,4596,199.13,18,3,0.0248,1614,11.06,21-11-2024,Baghdad,Desktop,8.11,1.65,66.38,1414.87,YES,YES,FALSE
432,125,4322,199.13,16,7,0.056,1614,12.45,11/5/2024,Baghdad,Desktop,8.11,1.59,28.45,1414.87,YES,YES,TRUE
433,133,4730,199.13,21,5,0.0376,1614,9.48,9/11/2024,Tokyo,Mobile,8.11,1.5,39.83,1414.87,YES,YES,FALSE
434,113,5248,199.13,12,5,0.0442,1614,16.59,22-11-2024,Tokyo,Desktop,8.11,1.76,39.83,1414.87,YES,YES,FALSE
435,168,4506,199.13,23,9,0.0536,1614,8.66,11/28/2024,Rome,Mobile,8.11,1.19,22.13,1414.87,YES,YES,TRUE
436,179,5917,199.13,19,4,0.0223,1614,10.48,11/11/2024,Paris,Desktop,8.11,1.11,49.78,1414.87,YES,YES,FALSE
437,84,5340,199.13,20,8,0.0952,1614,9.96,30-11-2024,Rome,Mobile,8.11,2.37,24.89,1414.87,YES,YES,TRUE
438,104,5863,199.13,25,7,0.0673,1614,7.97,11/15/2024,Riyad,Tablet,8.11,1.91,28.45,1414.87,YES,YES,TRUE
439,84,4157,199.13,14,4,0.0476,1614,14.22,12/11/2024,Tokyo,Tablet,8.11,2.37,49.78,1414.87,YES,YES,FALSE
440,182,3549,199.13,9,9,0.0495,1614,22.13,11/21/2024,Paris,Tablet,8.11,1.09,22.13,1414.87,YES,YES,FALSE
441,107,3551,199.13,20,4,0.0374,1614,9.96,11/28/2024,Riyad,Tablet,8.11,1.86,49.78,1414.87,YES,YES,FALSE
442,137,3772,199.13,27,11,0.0803,1614,7.38,11/20/2024,Cairo,Tablet,8.11,1.45,18.1,1414.87,YES,YES,TRUE
443,85,3867,199.13,19,8,0.0941,1614,10.48,11/13/2024,Tokyo,Mobile,8.11,2.34,24.89,1414.87,YES,YES,TRUE
444,133,4230,199.13,19,10,0.0752,1614,10.48,11/8/2024,Baghdad,Desktop,8.11,1.5,19.91,1414.87,YES,YES,TRUE
445,155,3289,199.13,15,10,0.0645,1614,13.28,11/25/2024,Baghdad,Mobile,8.11,1.28,19.91,1414.87,YES,YES,TRUE
446,110,5259,199.13,18,9,0.0818,1614,11.06,11/20/2024,Riyad,Tablet,8.11,1.81,22.13,1414.87,YES,YES,TRUE
447,79,3139,199.13,24,8,0.1013,1614,8.3,11/20/2024,Tokyo,Tablet,8.11,2.52,24.89,1414.87,YES,YES,TRUE
448,129,4640,199.13,20,7,0.0543,1614,9.96,11/5/2024,Tokyo,Desktop,8.11,1.54,28.45,1414.87,YES,YES,TRUE
449,147,5137,199.13,20,5,0.034,1614,9.96,11/1/2024,Riyad,Tablet,8.11,1.35,39.83,1414.87,YES,YES,FALSE
450,169,3159,199.13,18,5,0.0296,1614,11.06,11/7/2024,Paris,Mobile,8.11,1.18,39.83,1414.87,YES,YES,FALSE
451,196,5805,199.13,15,8,0.0408,1614,13.28,11/10/2024,Riyad,Mobile,8.11,1.02,24.89,1414.87,YES,YES,FALSE
452,126,5122,199.13,16,10,0.0794,1614,12.45,11/26/2024,Baghdad,Tablet,8.11,1.58,19.91,1414.87,YES,YES,TRUE
453,164,3718,199.13,28,8,0.0488,1614,7.11,11/22/2024,Cairo,Desktop,8.11,1.21,24.89,1414.87,YES,YES,FALSE
454,212,4695,199.13,16,4,0.0189,1614,12.45,11/8/2024,Tokyo,Tablet,8.11,0.94,49.78,1414.87,YES,YES,FALSE
455,144,3501,199.13,21,6,0.0417,1614,9.48,29-11-2024,Paris,Desktop,8.11,1.38,33.19,1414.87,YES,YES,FALSE
456,120,5836,199.13,31,6,0.05,1614,6.42,11/15/2024,Riyad,Tablet,8.11,1.66,33.19,1414.87,YES,YES,TRUE
457,129,4640,199.13,20,7,0.0543,1614,9.96,11/5/2024,Tokyo,Desktop,8.11,1.54,28.45,1414.87,YES,YES,TRUE
458,96,5672,199.13,21,8,0.0833,1614,9.48,11/29/2024,Cairo,Desktop,8.11,2.07,24.89,1414.87,YES,YES,TRUE
459,127,4701,199.13,30,5,0.0394,1614,6.64,11/15/2024,Riyad,Desktop,8.11,1.57,39.83,1414.87,YES,YES,FALSE
460,197,3175,199.13,25,10,0.0508,1614,7.97,11/12/2024,Rome,Mobile,8.11,1.01,19.91,1414.87,YES,YES,TRUE
461,103,3340,199.13,26,11,0.1068,1614,7.66,23-11-2024,Cairo,Desktop,8.11,1.93,18.1,1414.87,YES,YES,TRUE
462,120,2991,199.13,25,7,0.0583,1614,7.97,11/19/2024,Rome,Desktop,8.11,1.66,28.45,1414.87,YES,YES,TRUE
463,194,6207,199.13,14,7,0.0361,1614,14.22,11/2/2024,Riyad,Desktop,8.11,1.03,28.45,1414.87,YES,YES,FALSE
464,129,4989,199.13,27,5,0.0388,1614,7.38,11/20/2024,Tokyo,Desktop,8.11,1.54,39.83,1414.87,YES,YES,FALSE
465,163,5301,199.13,25,4,0.0245,1614,7.97,11/15/2024,Riyad,Desktop,8.11,1.22,49.78,1414.87,YES,YES,FALSE
466,88,3499,199.13,24,5,0.0568,1614,8.3,11/22/2024,Beijin,Desktop,8.11,2.26,39.83,1414.87,YES,YES,TRUE
467,154,3483,199.13,14,10,0.0649,1614,14.22,11/25/2024,Baghdad,Mobile,8.11,1.29,19.91,1414.87,YES,YES,TRUE
468,137,5176,199.13,21,3,0.0219,1614,9.48,11/8/2024,Baghdad,Mobile,8.11,1.45,66.38,1414.87,YES,YES,FALSE
469,95,5366,199.13,11,5,0.0526,1614,18.1,22-11-2024,Tokyo,Desktop,8.11,2.1,39.83,1414.87,YES,YES,TRUE
470,98,4584,199.13,29,9,0.0918,1614,6.87,11/16/2024,Beyrouth,Tablet,8.11,2.03,22.13,1414.87,YES,YES,TRUE
471,97,4143,199.13,29,9,0.0928,1614,6.87,11/5/2024,Rome,Desktop,8.11,2.05,22.13,1414.87,YES,YES,TRUE
472,186,5954,199.13,20,7,0.0376,1614,9.96,11/3/2024,Tokyo,Tablet,8.11,1.07,28.45,1414.87,YES,YES,FALSE
473,204,4410,199.13,14,8,0.0392,1614,14.22,27-11-2024,Cairo,Mobile,8.11,0.98,24.89,1414.87,YES,YES,FALSE
474,109,4541,199.13,28,6,0.055,1614,7.11,11/14/2024,Paris,Desktop,8.11,1.83,33.19,1414.87,YES,YES,TRUE
475,119,5414,199.13,19,5,0.042,1614,10.48,9/11/2024,Tokyo,Mobile,8.11,1.67,39.83,1414.87,YES,YES,FALSE
476,178,5485,199.13,12,6,0.0337,1614,16.59,11/2/2024,Riyad,Desktop,8.11,1.12,33.19,1414.87,YES,YES,FALSE
477,179,3109,199.13,22,9,0.0503,1614,9.05,11/12/2024,Rome,Mobile,8.11,1.11,22.13,1414.87,YES,YES,TRUE
478,143,4863,199.13,14,6,0.042,1614,14.22,11/9/2024,Cairo,Desktop,8.11,1.39,33.19,1414.87,YES,YES,FALSE
479,92,3134,199.13,30,11,0.1196,1614,6.64,23-11-2024,Cairo,Desktop,8.11,2.16,18.1,1414.87,YES,YES,TRUE
480,98,6219,199.13,12,6,0.0612,1614,16.59,16-11-2024,Tokyo,Mobile,8.11,2.03,33.19,1414.87,YES,YES,TRUE
481,123,5247,199.13,16,9,0.0732,1614,12.45,11/2/2024,Tokyo,Desktop,8.11,1.62,22.13,1414.87,YES,YES,TRUE
482,87,4866,199.13,14,7,0.0805,1614,14.22,11/16/2024,London,Desktop,8.11,2.29,28.45,1414.87,YES,YES,TRUE
483,131,5173,199.13,21,5,0.0382,1614,9.48,11/1/2024,Riyad,Tablet,8.11,1.52,39.83,1414.87,YES,YES,FALSE
484,205,4038,199.13,15,7,0.0341,1614,13.28,11/14/2024,Riyad,Desktop,8.11,0.97,28.45,1414.87,YES,YES,FALSE
485,90,3607,199.13,11,3,0.0333,1614,18.1,20-11-2024,Tokyo,Tablet,8.11,2.21,66.38,1414.87,YES,YES,FALSE
486,133,3244,199.13,19,7,0.0526,1614,10.48,11/26/2024,Baghdad,Tablet,8.11,1.5,28.45,1414.87,YES,YES,TRUE
487,123,3570,199.13,18,3,0.0244,1614,11.06,11/27/2024,Canberra,Desktop,8.11,1.62,66.38,1414.87,YES,YES,FALSE
488,116,4461,199.13,17,6,0.0517,1614,11.71,6/11/2024,Paris,Tablet,8.11,1.72,33.19,1414.87,YES,YES,TRUE
489,178,4882,199.13,31,6,0.0337,1614,6.42,11/28/2024,Rome,Mobile,8.11,1.12,33.19,1414.87,YES,YES,FALSE
490,126,4869,199.13,26,5,0.0397,1614,7.66,11/15/2024,Riyad,Desktop,8.11,1.58,39.83,1414.87,YES,YES,FALSE
491,95,5515,199.13,22,7,0.0737,1614,9.05,11/29/2024,Cairo,Desktop,8.11,2.1,28.45,1414.87,YES,YES,TRUE
492,99,3655,199.13,29,11,0.1111,1614,6.87,23-11-2024,Cairo,Desktop,8.11,2.01,18.1,1414.87,YES,YES,TRUE
493,149,3412,199.13,22,5,0.0336,1614,9.05,11/7/2024,Paris,Mobile,8.11,1.34,39.83,1414.87,YES,YES,FALSE
494,129,5164,199.13,17,5,0.0388,1614,11.71,9/11/2024,Tokyo,Mobile,8.11,1.54,39.83,1414.87,YES,YES,FALSE
495,150,5313,199.13,16,7,0.0467,1614,12.45,16-11-2024,Baghdad,Tablet,8.11,1.33,28.45,1414.87,YES,YES,FALSE
496,137,3519,199.13,11,10,0.073,1614,18.1,11/9/2024,Cairo,Desktop,8.11,1.45,19.91,1414.87,YES,YES,TRUE
497,212,5853,199.13,25,10,0.0472,1614,7.97,11/7/2024,Riyad,Tablet,8.11,0.94,19.91,1414.87,YES,YES,FALSE
498,162,3444,199.13,31,8,0.0494,1614,6.42,11/22/2024,Cairo,Desktop,8.11,1.23,24.89,1414.87,YES,YES,FALSE
499,147,5637,199.13,26,7,0.0476,1614,7.66,11/5/2024,Paris,Desktop,8.11,1.35,28.45,1414.87,YES,YES,FALSE
500,127,5797,199.13,14,3,0.0236,1614,14.22,11/23/2024,Tokyo,Mobile,8.11,1.57,66.38,1414.87,YES,YES,FALSE
501,105,4616,199.13,10,6,0.0571,1614,19.91,22-11-2024,Tokyo,Desktop,8.11,1.9,33.19,1414.87,YES,YES,TRUE
502,129,4640,199.13,20,7,0.0543,1614,9.96,11/5/2024,Tokyo,Desktop,8.11,1.54,28.45,1414.87,YES,YES,TRUE
503,95,5314,199.13,11,5,0.0526,1614,18.1,11/9/2024,Rome,Tablet,8.11,2.1,39.83,1414.87,YES,YES,TRUE
504,89,3566,199.13,17,4,0.0449,1614,11.71,12/11/2024,Tokyo,Tablet,8.11,2.24,49.78,1414.87,YES,YES,FALSE
505,176,5930,199.13,27,3,0.017,1614,7.38,11/25/2024,Riyad,Tablet,8.11,1.13,66.38,1414.87,YES,YES,FALSE
506,184,6633,199.13,29,5,0.0272,1614,6.87,11/12/2024,Baghdad,Mobile,8.11,1.08,39.83,1414.87,YES,YES,FALSE
507,195,6063,199.13,26,4,0.0205,1614,7.66,11/12/2024,Baghdad,Mobile,8.11,1.02,49.78,1414.87,YES,YES,FALSE
508,141,3932,199.13,18,6,0.0426,1614,11.06,29-11-2024,Paris,Desktop,8.11,1.41,33.19,1414.87,YES,YES,FALSE
509,188,4576,199.13,11,8,0.0426,1614,18.1,11/4/2024,Cairo,Desktop,8.11,1.06,24.89,1414.87,YES,YES,FALSE
510,151,5563,199.13,25,5,0.0331,1614,7.97,11/1/2024,Riyad,Tablet,8.11,1.32,39.83,1414.87,YES,YES,FALSE
511,185,5404,199.13,10,9,0.0486,1614,19.91,20-11-2024,Rome,Mobile,8.11,1.08,22.13,1414.87,YES,YES,FALSE
512,166,3960,199.13,21,9,0.0542,1614,9.48,12/11/2024,Cairo,Mobile,8.11,1.2,22.13,1414.87,YES,YES,TRUE
513,203,6730,199.13,27,5,0.0246,1614,7.38,30-11-2024,Tokyo,Tablet,8.11,0.98,39.83,1414.87,YES,YES,FALSE
514,118,5935,199.13,15,3,0.0254,1614,13.28,11/23/2024,Tokyo,Mobile,8.11,1.69,66.38,1414.87,YES,YES,FALSE
515,182,3589,199.13,10,6,0.033,1614,19.91,12/11/2024,Paris,Mobile,8.11,1.09,33.19,1414.87,YES,YES,FALSE
516,172,4686,199.13,8,8,0.0465,1614,24.89,20-11-2024,Rome,Mobile,8.11,1.16,24.89,1414.87,YES,YES,FALSE
517,81,4199,199.13,27,10,0.1235,1614,7.38,4/11/2024,Cairo,Desktop,8.11,2.46,19.91,1414.87,YES,YES,TRUE
518,92,5811,199.13,27,6,0.0652,1614,7.38,11/15/2024,Riyad,Tablet,8.11,2.16,33.19,1414.87,YES,YES,TRUE
519,121,3345,199.13,19,3,0.0248,1614,10.48,11/27/2024,Canberra,Desktop,8.11,1.65,66.38,1414.87,YES,YES,FALSE
520,83,3550,199.13,20,9,0.1084,1614,9.96,11/13/2024,Tokyo,Mobile,8.11,2.4,22.13,1414.87,YES,YES,TRUE
521,96,3763,199.13,14,5,0.0521,1614,14.22,11/24/2024,Baghdad,Tablet,8.11,2.07,39.83,1414.87,YES,YES,TRUE
522,94,5376,199.13,26,8,0.0851,1614,7.66,20-11-2024,Riyad,Tablet,8.11,2.12,24.89,1414.87,YES,YES,TRUE
523,134,5143,199.13,11,5,0.0373,1614,18.1,11/6/2024,Cairo,Mobile,8.11,1.49,39.83,1414.87,YES,YES,FALSE
524,101,4575,199.13,27,11,0.1089,1614,7.38,11/5/2024,Rome,Desktop,8.11,1.97,18.1,1414.87,YES,YES,TRUE
525,172,5200,199.13,20,8,0.0465,1614,9.96,18-11-2024,Baghdad,Desktop,8.11,1.16,24.89,1414.87,YES,YES,FALSE
526,115,3943,199.13,27,10,0.087,1614,7.38,11/9/2024,Paris,Mobile,8.11,1.73,19.91,1414.87,YES,YES,TRUE
527,180,4059,199.13,9,9,0.05,1614,22.13,11/21/2024,Paris,Tablet,8.11,1.11,22.13,1414.87,YES,YES,TRUE
528,143,4618,199.13,27,7,0.049,1614,7.38,3/11/2024,Riyad,Tablet,8.11,1.39,28.45,1414.87,YES,YES,FALSE
529,85,5041,199.13,18,7,0.0824,1614,11.06,30-11-2024,Rome,Mobile,8.11,2.34,28.45,1414.87,YES,YES,TRUE
530,93,4257,199.13,28,8,0.086,1614,7.11,11/16/2024,Beyrouth,Tablet,8.11,2.14,24.89,1414.87,YES,YES,TRUE
531,155,3380,199.13,12,11,0.071,1614,16.59,11/9/2024,Cairo,Desktop,8.11,1.28,18.1,1414.87,YES,YES,TRUE
532,105,5441,199.13,27,3,0.0286,1614,7.38,11/24/2024,London,Tablet,8.11,1.9,66.38,1414.87,YES,YES,FALSE
533,160,4828,199.13,14,6,0.0375,1614,14.22,11/9/2024,Cairo,Desktop,8.11,1.24,33.19,1414.87,YES,YES,FALSE
534,171,4835,199.13,35,8,0.0468,1614,5.69,11/28/2024,Rome,Mobile,8.11,1.16,24.89,1414.87,YES,YES,FALSE
535,171,3589,199.13,9,7,0.0409,1614,22.13,12/11/2024,Paris,Mobile,8.11,1.16,28.45,1414.87,YES,YES,FALSE
536,154,3810,199.13,18,7,0.0455,1614,11.06,29-11-2024,Paris,Desktop,8.11,1.29,28.45,1414.87,YES,YES,FALSE
537,138,3651,199.13,18,3,0.0217,1614,11.06,11/27/2024,Canberra,Desktop,8.11,1.44,66.38,1414.87,YES,YES,FALSE
538,181,5748,199.13,13,6,0.0331,1614,15.32,11/16/2024,Baghdad,Mobile,8.11,1.1,33.19,1414.87,YES,YES,FALSE
539,96,5132,199.13,25,9,0.0938,1614,7.97,20-11-2024,Riyad,Tablet,8.11,2.07,22.13,1414.87,YES,YES,TRUE
540,97,5522,199.13,28,4,0.0412,1614,7.11,11/24/2024,London,Tablet,8.11,2.05,49.78,1414.87,YES,YES,FALSE
541,85,6456,199.13,25,10,0.1176,1614,7.97,11/12/2024,Tokyo,Mobile,8.11,2.34,19.91,1414.87,YES,YES,TRUE
542,205,4805,199.13,25,3,0.0146,1614,7.97,11/25/2024,Riyad,Tablet,8.11,0.97,66.38,1414.87,YES,YES,FALSE
543,181,4845,199.13,16,4,0.0221,1614,12.45,11/8/2024,Tokyo,Tablet,8.11,1.1,49.78,1414.87,YES,YES,FALSE
544,179,3674,199.13,12,8,0.0447,1614,16.59,12/11/2024,Paris,Mobile,8.11,1.11,24.89,1414.87,YES,YES,FALSE
545,112,3551,199.13,19,11,0.0982,1614,10.48,21-11-2024,Baghdad,Mobile,8.11,1.78,18.1,1414.87,YES,YES,TRUE
546,97,4003,199.13,15,5,0.0515,1614,13.28,11/24/2024,Baghdad,Tablet,8.11,2.05,39.83,1414.87,YES,YES,TRUE
547,166,4846,199.13,14,8,0.0482,1614,14.22,27-11-2024,Cairo,Mobile,8.11,1.2,24.89,1414.87,YES,YES,FALSE
548,120,5099,199.13,9,4,0.0333,1614,22.13,22-11-2024,Tokyo,Desktop,8.11,1.66,49.78,1414.87,YES,YES,FALSE
549,102,4067,199.13,20,5,0.049,1614,9.96,11/28/2024,Riyad,Tablet,8.11,1.95,39.83,1414.87,YES,YES,FALSE
550,146,3284,199.13,16,11,0.0753,1614,12.45,11/25/2024,Baghdad,Mobile,8.11,1.36,18.1,1414.87,YES,YES,TRUE
551,130,5316,199.13,17,3,0.0231,1614,11.71,11/23/2024,Tokyo,Mobile,8.11,1.53,66.38,1414.87,YES,YES,FALSE
552,122,3492,199.13,20,4,0.0328,1614,9.96,11/28/2024,Riyad,Tablet,8.11,1.63,49.78,1414.87,YES,YES,FALSE
553,106,5045,199.13,24,10,0.0943,1614,8.3,20-11-2024,Riyad,Tablet,8.11,1.88,19.91,1414.87,YES,YES,TRUE
554,182,6069,199.13,28,5,0.0275,1614,7.11,11/12/2024,Baghdad,Mobile,8.11,1.09,39.83,1414.87,YES,YES,FALSE
555,97,5291,199.13,29,9,0.0928,1614,6.87,11/16/2024,Beyrouth,Tablet,8.11,2.05,22.13,1414.87,YES,YES,TRUE
556,156,5414,199.13,19,8,0.0513,1614,10.48,16-11-2024,Baghdad,Tablet,8.11,1.28,24.89,1414.87,YES,YES,TRUE
557,119,5062,199.13,18,3,0.0252,1614,11.06,21-11-2024,Baghdad,Desktop,8.11,1.67,66.38,1414.87,YES,YES,FALSE
558,165,4169,199.13,9,9,0.0545,1614,22.13,11/4/2024,Cairo,Desktop,8.11,1.21,22.13,1414.87,YES,YES,TRUE
559,128,3690,199.13,30,11,0.0859,1614,6.64,11/20/2024,Cairo,Tablet,8.11,1.56,18.1,1414.87,YES,YES,TRUE
560,106,6272,199.13,11,7,0.066,1614,18.1,11/3/2024,Rome,Tablet,8.11,1.88,28.45,1414.87,YES,YES,TRUE
561,117,6267,199.13,20,6,0.0513,1614,9.96,14-11-2024,Tokyo,Desktop,8.11,1.7,33.19,1414.87,YES,YES,TRUE
562,172,4178,199.13,26,8,0.0465,1614,7.66,12/11/2024,Cairo,Tablet,8.11,1.16,24.89,1414.87,YES,YES,FALSE
563,166,4589,199.13,12,8,0.0482,1614,16.59,11/4/2024,Cairo,Desktop,8.11,1.2,24.89,1414.87,YES,YES,FALSE
564,93,3221,199.13,26,10,0.1075,1614,7.66,23-11-2024,Cairo,Desktop,8.11,2.14,19.91,1414.87,YES,YES,TRUE
565,120,4492,199.13,27,11,0.0917,1614,7.38,11/9/2024,Paris,Mobile,8.11,1.66,18.1,1414.87,YES,YES,TRUE
566,113,4227,199.13,14,8,0.0708,1614,14.22,11/16/2024,London,Desktop,8.11,1.76,24.89,1414.87,YES,YES,TRUE
567,100,5254,199.13,28,6,0.06,1614,7.11,11/15/2024,Riyad,Tablet,8.11,1.99,33.19,1414.87,YES,YES,TRUE
568,194,4694,199.13,14,8,0.0412,1614,14.22,11/10/2024,Riyad,Mobile,8.11,1.03,24.89,1414.87,YES,YES,FALSE
569,176,5244,199.13,19,6,0.0341,1614,10.48,16-11-2024,Baghdad,Tablet,8.11,1.13,33.19,1414.87,YES,YES,FALSE
570,152,3040,199.13,19,5,0.0329,1614,10.48,11/7/2024,Paris,Mobile,8.11,1.31,39.83,1414.87,YES,YES,FALSE
571,130,4416,199.13,21,5,0.0385,1614,9.48,11/1/2024,Riyad,Tablet,8.11,1.53,39.83,1414.87,YES,YES,FALSE
572,140,4607,199.13,16,6,0.0429,1614,12.45,11/9/2024,Cairo,Desktop,8.11,1.42,33.19,1414.87,YES,YES,FALSE
573,85,4686,199.13,18,8,0.0941,1614,11.06,30-11-2024,Rome,Mobile,8.11,2.34,24.89,1414.87,YES,YES,TRUE
574,159,3372,199.13,22,7,0.044,1614,9.05,29-11-2024,Paris,Desktop,8.11,1.25,28.45,1414.87,YES,YES,FALSE
575,160,4952,199.13,24,3,0.0188,1614,8.3,11/8/2024,Baghdad,Mobile,8.11,1.24,66.38,1414.87,YES,YES,FALSE
576,123,3667,199.13,24,11,0.0894,1614,8.3,11/20/2024,Cairo,Tablet,8.11,1.62,18.1,1414.87,YES,YES,TRUE
577,121,5138,199.13,28,7,0.0579,1614,7.11,11/5/2024,Rome,Tablet,8.11,1.65,28.45,1414.87,YES,YES,TRUE
578,130,3536,199.13,29,7,0.0538,1614,6.87,11/19/2024,Rome,Desktop,8.11,1.53,28.45,1414.87,YES,YES,TRUE
579,164,4330,199.13,10,7,0.0427,1614,19.91,20-11-2024,Rome,Mobile,8.11,1.21,28.45,1414.87,YES,YES,FALSE
580,136,4837,199.13,28,9,0.0662,1614,7.11,11/10/2024,Cairo,Desktop,8.11,1.46,22.13,1414.87,YES,YES,TRUE
581,94,3614,199.13,27,5,0.0532,1614,7.38,11/22/2024,Beijin,Desktop,8.11,2.12,39.83,1414.87,YES,YES,TRUE
582,77,3377,199.13,21,10,0.1299,1614,9.48,11/13/2024,Tokyo,Mobile,8.11,2.59,19.91,1414.87,YES,YES,TRUE
583,172,4834,199.13,31,9,0.0523,1614,6.42,11/28/2024,Rome,Mobile,8.11,1.16,22.13,1414.87,YES,YES,TRUE
584,89,3205,199.13,23,8,0.0899,1614,8.66,11/20/2024,Tokyo,Tablet,8.11,2.24,24.89,1414.87,YES,YES,TRUE
585,134,5031,199.13,14,6,0.0448,1614,14.22,11/25/2024,Rome,Mobile,8.11,1.49,33.19,1414.87,YES,YES,FALSE
586,196,5854,199.13,17,4,0.0204,1614,11.71,11/11/2024,Paris,Desktop,8.11,1.02,49.78,1414.87,YES,YES,FALSE
587,192,5593,199.13,28,5,0.026,1614,7.11,30-11-2024,Tokyo,Tablet,8.11,1.04,39.83,1414.87,YES,YES,FALSE
588,184,6193,199.13,21,8,0.0435,1614,9.48,11/3/2024,Tokyo,Tablet,8.11,1.08,24.89,1414.87,YES,YES,FALSE
589,113,4817,199.13,16,10,0.0885,1614,12.45,11/26/2024,Baghdad,Tablet,8.11,1.76,19.91,1414.87,YES,YES,TRUE
590,102,4759,199.13,24,10,0.098,1614,8.3,11/5/2024,Rome,Desktop,8.11,1.95,19.91,1414.87,YES,YES,TRUE
591,156,6097,199.13,28,7,0.0449,1614,7.11,11/11/2024,Baghdad,Tablet,8.11,1.28,28.45,1414.87,YES,YES,FALSE
592,149,4926,199.13,21,5,0.0336,1614,9.48,11/1/2024,Riyad,Tablet,8.11,1.34,39.83,1414.87,YES,YES,FALSE
593,151,4562,199.13,22,7,0.0464,1614,9.05,3/11/2024,Riyad,Tablet,8.11,1.32,28.45,1414.87,YES,YES,FALSE
594,121,4443,199.13,32,4,0.0331,1614,6.22,11/8/2024,Rome,Mobile,8.11,1.65,49.78,1414.87,YES,YES,FALSE
595,167,5529,199.13,17,7,0.0419,1614,11.71,16-11-2024,Baghdad,Tablet,8.11,1.19,28.45,1414.87,YES,YES,FALSE
596,82,3429,199.13,24,10,0.122,1614,8.3,11/13/2024,Tokyo,Mobile,8.11,2.43,19.91,1414.87,YES,YES,TRUE
597,107,4337,199.13,29,6,0.0561,1614,6.87,11/14/2024,Paris,Desktop,8.11,1.86,33.19,1414.87,YES,YES,TRUE
598,114,3285,199.13,18,3,0.0263,1614,11.06,11/27/2024,Canberra,Desktop,8.11,1.75,66.38,1414.87,YES,YES,FALSE
599,135,4895,199.13,20,5,0.037,1614,9.96,9/11/2024,Tokyo,Mobile,8.11,1.48,39.83,1414.87,YES,YES,FALSE
600,104,6057,199.13,27,10,0.0962,1614,7.38,20-11-2024,Riyad,Tablet,8.11,1.91,19.91,1414.87,YES,YES,TRUE
601,151,4325,199.13,23,7,0.0464,1614,8.66,29-11-2024,Paris,Desktop,8.11,1.32,28.45,1414.87,YES,YES,FALSE
602,117,3963,199.13,24,6,0.0513,1614,8.3,11/22/2024,Beijin,Desktop,8.11,1.7,33.19,1414.87,YES,YES,TRUE
603,98,4598,199.13,18,7,0.0714,1614,11.06,11/5/2024,Cairo,Desktop,8.11,2.03,28.45,1414.87,YES,YES,TRUE
604,125,6350,199.13,27,6,0.048,1614,7.38,11/15/2024,Riyad,Tablet,8.11,1.59,33.19,1414.87,YES,YES,FALSE
605,140,4064,199.13,28,7,0.05,1614,7.11,3/11/2024,Riyad,Tablet,8.11,1.42,28.45,1414.87,YES,YES,TRUE
606,41,5176,199.13,20,11,0.2683,1614,9.96,11/21/2024,Tokyo,Desktop,8.11,4.86,18.1,1414.87,YES,YES,TRUE
607,106,5235,199.13,23,5,0.0472,1614,8.66,15-11-2024,Paris,Mobile,8.11,1.88,39.83,1414.87,YES,YES,FALSE
608,116,5533,199.13,15,9,0.0776,1614,13.28,11/26/2024,Baghdad,Tablet,8.11,1.72,22.13,1414.87,YES,YES,TRUE
609,94,3142,199.13,22,7,0.0745,1614,9.05,11/20/2024,Tokyo,Tablet,8.11,2.12,28.45,1414.87,YES,YES,TRUE
610,40,5082,199.13,23,10,0.25,1614,8.66,11/21/2024,Tokyo,Desktop,8.11,4.98,19.91,1414.87,YES,YES,TRUE
611,215,6810,199.13,25,5,0.0233,1614,7.97,30-11-2024,Tokyo,Tablet,8.11,0.93,39.83,1414.87,YES,YES,FALSE
612,129,4640,199.13,20,7,0.0543,1614,9.96,11/5/2024,Tokyo,Desktop,8.11,1.54,28.45,1414.87,YES,YES,TRUE
613,99,3681,199.13,25,10,0.101,1614,7.97,23-11-2024,Cairo,Desktop,8.11,2.01,19.91,1414.87,YES,YES,TRUE
614,104,5910,199.13,12,8,0.0769,1614,16.59,11/3/2024,Rome,Tablet,8.11,1.91,24.89,1414.87,YES,YES,TRUE
615,154,3658,199.13,25,9,0.0584,1614,7.97,17-11-2024,Rome,Mobile,8.11,1.29,22.13,1414.87,YES,YES,TRUE
616,112,3600,199.13,19,6,0.0536,1614,10.48,11/28/2024,Riyad,Tablet,8.11,1.78,33.19,1414.87,YES,YES,TRUE
617,96,5806,199.13,18,6,0.0625,1614,11.06,14-11-2024,Tokyo,Desktop,8.11,2.07,33.19,1414.87,YES,YES,TRUE
618,165,6482,199.13,15,6,0.0364,1614,13.28,11/2/2024,Riyad,Desktop,8.11,1.21,33.19,1414.87,YES,YES,FALSE
619,141,4109,199.13,18,5,0.0355,1614,11.06,6/11/2024,Paris,Tablet,8.11,1.41,39.83,1414.87,YES,YES,FALSE
620,164,4522,199.13,27,9,0.0549,1614,7.38,11/24/2024,Baghdad,Mobile,8.11,1.21,22.13,1414.87,YES,YES,TRUE
621,147,5605,199.13,20,7,0.0476,1614,9.96,16-11-2024,Baghdad,Tablet,8.11,1.35,28.45,1414.87,YES,YES,FALSE
622,138,5877,199.13,11,7,0.0507,1614,18.1,11/7/2024,Tokyo,Desktop,8.11,1.44,28.45,1414.87,YES,YES,TRUE
623,180,4141,199.13,10,9,0.05,1614,19.91,11/4/2024,Cairo,Desktop,8.11,1.11,22.13,1414.87,YES,YES,TRUE
624,151,5704,199.13,23,6,0.0397,1614,8.66,11/5/2024,Paris,Desktop,8.11,1.32,33.19,1414.87,YES,YES,FALSE
625,175,5096,199.13,30,9,0.0514,1614,6.64,11/28/2024,Rome,Mobile,8.11,1.14,22.13,1414.87,YES,YES,TRUE
626,95,3733,199.13,21,4,0.0421,1614,9.48,12/11/2024,Tokyo,Tablet,8.11,2.1,49.78,1414.87,YES,YES,FALSE
627,107,5151,199.13,12,6,0.0561,1614,16.59,22-11-2024,Tokyo,Desktop,8.11,1.86,33.19,1414.87,YES,YES,TRUE
628,99,5332,199.13,23,9,0.0909,1614,8.66,20-11-2024,Riyad,Tablet,8.11,2.01,22.13,1414.87,YES,YES,TRUE
629,168,4002,199.13,12,9,0.0536,1614,16.59,11/4/2024,Cairo,Desktop,8.11,1.19,22.13,1414.87,YES,YES,TRUE
630,106,3378,199.13,11,6,0.0566,1614,18.1,11/23/2024,Riyad,Tablet,8.11,1.88,33.19,1414.87,YES,YES,TRUE
631,89,5918,199.13,22,8,0.0899,1614,9.05,20-11-2024,Riyad,Tablet,8.11,2.24,24.89,1414.87,YES,YES,TRUE
632,150,4819,199.13,16,7,0.0467,1614,12.45,16-11-2024,Baghdad,Tablet,8.11,1.33,28.45,1414.87,YES,YES,FALSE
633,209,4864,199.13,14,8,0.0383,1614,14.22,11/10/2024,Riyad,Mobile,8.11,0.95,24.89,1414.87,YES,YES,FALSE
634,108,4996,199.13,20,6,0.0556,1614,9.96,11/29/2024,Cairo,Desktop,8.11,1.84,33.19,1414.87,YES,YES,TRUE
635,138,5668,199.13,19,3,0.0217,1614,10.48,11/23/2024,Tokyo,Mobile,8.11,1.44,66.38,1414.87,YES,YES,FALSE
636,144,4331,199.13,20,9,0.0625,1614,9.96,18-11-2024,Baghdad,Desktop,8.11,1.38,22.13,1414.87,YES,YES,TRUE
637,108,5019,199.13,22,8,0.0741,1614,9.05,11/29/2024,Cairo,Desktop,8.11,1.84,24.89,1414.87,YES,YES,TRUE
638,162,4984,199.13,23,4,0.0247,1614,8.66,11/11/2024,Paris,Desktop,8.11,1.23,49.78,1414.87,YES,YES,FALSE
639,108,3734,199.13,21,5,0.0463,1614,9.48,11/22/2024,Beijin,Desktop,8.11,1.84,39.83,1414.87,YES,YES,FALSE
640,97,2709,199.13,29,6,0.0619,1614,6.87,26-11-2024,Baghdad,Desktop,8.11,2.05,33.19,1414.87,YES,YES,TRUE
641,95,4556,199.13,30,9,0.0947,1614,6.64,11/16/2024,Beyrouth,Tablet,8.11,2.1,22.13,1414.87,YES,YES,TRUE
642,185,3400,199.13,22,8,0.0432,1614,9.05,11/4/2024,Cairo,Tablet,8.11,1.08,24.89,1414.87,YES,YES,FALSE
643,180,4282,199.13,12,8,0.0444,1614,16.59,16-11-2024,Riyad,Mobile,8.11,1.11,24.89,1414.87,YES,YES,FALSE
644,128,4515,199.13,27,5,0.0391,1614,7.38,11/5/2024,Paris,Desktop,8.11,1.56,39.83,1414.87,YES,YES,FALSE
645,141,4537,199.13,21,9,0.0638,1614,9.48,12/11/2024,Cairo,Mobile,8.11,1.41,22.13,1414.87,YES,YES,TRUE
646,176,4312,199.13,33,9,0.0511,1614,6.03,11/28/2024,Rome,Mobile,8.11,1.13,22.13,1414.87,YES,YES,TRUE
647,206,3416,199.13,10,8,0.0388,1614,19.91,16-11-2024,Riyad,Mobile,8.11,0.97,24.89,1414.87,YES,YES,FALSE
648,129,3687,199.13,20,6,0.0465,1614,9.96,29-11-2024,Paris,Desktop,8.11,1.54,33.19,1414.87,YES,YES,FALSE
649,165,3322,199.13,17,4,0.0242,1614,11.71,11/11/2024,Baghdad,Mobile,8.11,1.21,49.78,1414.87,YES,YES,FALSE
650,148,3474,199.13,14,9,0.0608,1614,14.22,11/25/2024,Baghdad,Mobile,8.11,1.35,22.13,1414.87,YES,YES,TRUE
651,82,3805,199.13,23,10,0.122,1614,8.66,4/11/2024,Cairo,Desktop,8.11,2.43,19.91,1414.87,YES,YES,TRUE
652,74,5079,199.13,20,6,0.0811,1614,9.96,30-11-2024,Rome,Mobile,8.11,2.69,33.19,1414.87,YES,YES,TRUE
653,152,3531,199.13,19,9,0.0592,1614,10.48,11/26/2024,Tokyo,Mobile,8.11,1.31,22.13,1414.87,YES,YES,TRUE
654,157,4401,199.13,31,8,0.051,1614,6.42,11/28/2024,Rome,Mobile,8.11,1.27,24.89,1414.87,YES,YES,TRUE
655,91,3617,199.13,24,4,0.044,1614,8.3,12/11/2024,Tokyo,Tablet,8.11,2.19,49.78,1414.87,YES,YES,FALSE
656,129,4640,199.13,20,7,0.0543,1614,9.96,11/5/2024,Tokyo,Desktop,8.11,1.54,28.45,1414.87,YES,YES,TRUE
657,190,5842,199.13,23,5,0.0263,1614,8.66,11/12/2024,Baghdad,Mobile,8.11,1.05,39.83,1414.87,YES,YES,FALSE
658,163,4569,199.13,15,6,0.0368,1614,13.28,11/9/2024,Cairo,Desktop,8.11,1.22,33.19,1414.87,YES,YES,FALSE
659,175,5852,199.13,26,9,0.0514,1614,7.66,11/7/2024,Riyad,Tablet,8.11,1.14,22.13,1414.87,YES,YES,TRUE
660,125,5440,199.13,14,6,0.048,1614,14.22,11/25/2024,Rome,Mobile,8.11,1.59,33.19,1414.87,YES,YES,FALSE
661,133,3434,199.13,25,6,0.0451,1614,7.97,11/19/2024,Rome,Desktop,8.11,1.5,33.19,1414.87,YES,YES,FALSE
662,93,3204,199.13,28,7,0.0753,1614,7.11,26-11-2024,Baghdad,Desktop,8.11,2.14,28.45,1414.87,YES,YES,TRUE
663,149,3285,199.13,27,8,0.0537,1614,7.38,11/22/2024,Cairo,Desktop,8.11,1.34,24.89,1414.87,YES,YES,TRUE
664,120,3637,199.13,17,10,0.0833,1614,11.71,21-11-2024,Baghdad,Mobile,8.11,1.66,19.91,1414.87,YES,YES,TRUE
665,146,3319,199.13,23,5,0.0342,1614,8.66,11/7/2024,Paris,Mobile,8.11,1.36,39.83,1414.87,YES,YES,FALSE
666,192,5587,199.13,13,7,0.0365,1614,15.32,11/2/2024,Riyad,Desktop,8.11,1.04,28.45,1414.87,YES,YES,FALSE
667,194,5770,199.13,28,6,0.0309,1614,7.11,30-11-2024,Tokyo,Tablet,8.11,1.03,33.19,1414.87,YES,YES,FALSE
668,183,6337,199.13,28,5,0.0273,1614,7.11,30-11-2024,Tokyo,Tablet,8.11,1.09,39.83,1414.87,YES,YES,FALSE
669,91,3054,199.13,22,8,0.0879,1614,9.05,11/20/2024,Tokyo,Tablet,8.11,2.19,24.89,1414.87,YES,YES,TRUE
670,119,4307,199.13,26,10,0.084,1614,7.66,11/20/2024,Cairo,Tablet,8.11,1.67,19.91,1414.87,YES,YES,TRUE
671,210,5049,199.13,13,6,0.0286,1614,15.32,11/16/2024,Baghdad,Mobile,8.11,0.95,33.19,1414.87,YES,YES,FALSE
672,175,3838,199.13,15,8,0.0457,1614,13.28,11/14/2024,Riyad,Desktop,8.11,1.14,24.89,1414.87,YES,YES,FALSE
673,113,4082,199.13,30,10,0.0885,1614,6.64,11/9/2024,Paris,Mobile,8.11,1.76,19.91,1414.87,YES,YES,TRUE
674,127,6426,199.13,17,3,0.0236,1614,11.71,11/23/2024,Tokyo,Mobile,8.11,1.57,66.38,1414.87,YES,YES,FALSE
675,165,3226,199.13,27,9,0.0545,1614,7.38,11/22/2024,Cairo,Desktop,8.11,1.21,22.13,1414.87,YES,YES,TRUE
676,95,4318,199.13,15,7,0.0737,1614,13.28,11/16/2024,London,Desktop,8.11,2.1,28.45,1414.87,YES,YES,TRUE
677,133,4979,199.13,20,5,0.0376,1614,9.96,9/11/2024,Tokyo,Mobile,8.11,1.5,39.83,1414.87,YES,YES,FALSE
678,100,5948,199.13,22,9,0.09,1614,9.05,20-11-2024,Riyad,Tablet,8.11,1.99,22.13,1414.87,YES,YES,TRUE
679,140,3228,199.13,15,10,0.0714,1614,13.28,11/25/2024,Baghdad,Mobile,8.11,1.42,19.91,1414.87,YES,YES,TRUE
680,155,4799,199.13,29,5,0.0323,1614,6.87,11/15/2024,Riyad,Desktop,8.11,1.28,39.83,1414.87,YES,YES,FALSE
681,119,3875,199.13,20,6,0.0504,1614,9.96,14-11-2024,Tokyo,Desktop,8.11,1.67,33.19,1414.87,YES,YES,TRUE
682,179,3370,199.13,25,9,0.0503,1614,7.97,11/12/2024,Rome,Mobile,8.11,1.11,22.13,1414.87,YES,YES,TRUE
683,125,5822,199.13,10,8,0.064,1614,19.91,11/3/2024,Rome,Tablet,8.11,1.59,24.89,1414.87,YES,YES,TRUE
684,102,5848,199.13,23,6,0.0588,1614,8.66,14-11-2024,Tokyo,Desktop,8.11,1.95,33.19,1414.87,YES,YES,TRUE
685,169,4171,199.13,8,8,0.0473,1614,24.89,16-11-2024,Riyad,Mobile,8.11,1.18,24.89,1414.87,YES,YES,FALSE
686,80,5466,199.13,26,9,0.1125,1614,7.66,11/12/2024,Tokyo,Mobile,8.11,2.49,22.13,1414.87,YES,YES,TRUE
687,98,6288,199.13,24,9,0.0918,1614,8.3,20-11-2024,Riyad,Tablet,8.11,2.03,22.13,1414.87,YES,YES,TRUE
688,118,4506,199.13,19,3,0.0254,1614,10.48,11/16/2024,Cairo,Desktop,8.11,1.69,66.38,1414.87,YES,YES,FALSE
689,94,5730,199.13,19,6,0.0638,1614,10.48,14-11-2024,Tokyo,Desktop,8.11,2.12,33.19,1414.87,YES,YES,TRUE
690,111,5548,199.13,12,8,0.0721,1614,16.59,11/3/2024,Rome,Tablet,8.11,1.79,24.89,1414.87,YES,YES,TRUE
691,129,2980,199.13,28,7,0.0543,1614,7.11,11/19/2024,Rome,Desktop,8.11,1.54,28.45,1414.87,YES,YES,TRUE
692,112,5349,199.13,13,6,0.0536,1614,15.32,11/25/2024,Rome,Mobile,8.11,1.78,33.19,1414.87,YES,YES,TRUE
693,104,5238,199.13,17,9,0.0865,1614,11.71,11/20/2024,Riyad,Tablet,8.11,1.91,22.13,1414.87,YES,YES,TRUE
694,98,3772,199.13,12,3,0.0306,1614,16.59,20-11-2024,Tokyo,Tablet,8.11,2.03,66.38,1414.87,YES,YES,FALSE
695,173,5998,199.13,21,3,0.0173,1614,9.48,11/25/2024,Riyad,Tablet,8.11,1.15,66.38,1414.87,YES,YES,FALSE
696,96,3640,199.13,23,4,0.0417,1614,8.66,12/11/2024,Tokyo,Tablet,8.11,2.07,49.78,1414.87,YES,YES,FALSE
697,80,5211,199.13,22,6,0.075,1614,9.05,30-11-2024,Rome,Mobile,8.11,2.49,33.19,1414.87,YES,YES,TRUE
698,150,4872,199.13,22,7,0.0467,1614,9.05,18-11-2024,Baghdad,Desktop,8.11,1.33,28.45,1414.87,YES,YES,FALSE
699,94,5448,199.13,13,5,0.0532,1614,15.32,11/9/2024,Rome,Tablet,8.11,2.12,39.83,1414.87,YES,YES,TRUE
700,196,3680,199.13,23,6,0.0306,1614,8.66,23-11-2024,Baghdad,Mobile,8.11,1.02,33.19,1414.87,YES,YES,FALSE
701,124,3963,199.13,26,9,0.0726,1614,7.66,11/20/2024,Cairo,Tablet,8.11,1.61,22.13,1414.87,YES,YES,TRUE
702,107,5117,199.13,15,9,0.0841,1614,13.28,11/8/2024,Baghdad,Desktop,8.11,1.86,22.13,1414.87,YES,YES,TRUE
703,94,5036,199.13,11,5,0.0532,1614,18.1,11/9/2024,Rome,Tablet,8.11,2.12,39.83,1414.87,YES,YES,TRUE
704,140,4946,199.13,17,6,0.0429,1614,11.71,11/9/2024,Cairo,Desktop,8.11,1.42,33.19,1414.87,YES,YES,FALSE
705,200,4260,199.13,9,7,0.035,1614,22.13,12/11/2024,Paris,Mobile,8.11,1,28.45,1414.87,YES,YES,FALSE
706,171,4464,199.13,29,7,0.0409,1614,6.87,11/28/2024,Rome,Mobile,8.11,1.16,28.45,1414.87,YES,YES,FALSE
707,100,2701,199.13,28,7,0.07,1614,7.11,26-11-2024,Baghdad,Desktop,8.11,1.99,28.45,1414.87,YES,YES,TRUE
708,92,4027,199.13,21,4,0.0435,1614,9.48,12/11/2024,Tokyo,Tablet,8.11,2.16,49.78,1414.87,YES,YES,FALSE
709,94,3838,199.13,18,5,0.0532,1614,11.06,11/24/2024,Baghdad,Tablet,8.11,2.12,39.83,1414.87,YES,YES,TRUE
710,90,5881,199.13,24,6,0.0667,1614,8.3,11/15/2024,Riyad,Tablet,8.11,2.21,33.19,1414.87,YES,YES,TRUE
711,186,4497,199.13,18,3,0.0161,1614,11.06,11/23/2024,Rome,Desktop,8.11,1.07,66.38,1414.87,YES,YES,FALSE
712,114,5602,199.13,12,8,0.0702,1614,16.59,11/3/2024,Rome,Tablet,8.11,1.75,24.89,1414.87,YES,YES,TRUE
713,205,5731,199.13,21,3,0.0146,1614,9.48,11/11/2024,Paris,Desktop,8.11,0.97,66.38,1414.87,YES,YES,FALSE
714,118,5362,199.13,24,7,0.0593,1614,8.3,11/5/2024,Rome,Tablet,8.11,1.69,28.45,1414.87,YES,YES,TRUE
715,80,6466,199.13,13,6,0.075,1614,15.32,16-11-2024,Tokyo,Mobile,8.11,2.49,33.19,1414.87,YES,YES,TRUE
716,134,4954,199.13,16,3,0.0224,1614,12.45,11/16/2024,Cairo,Desktop,8.11,1.49,66.38,1414.87,YES,YES,FALSE
717,113,3392,199.13,30,9,0.0796,1614,6.64,11/20/2024,Cairo,Tablet,8.11,1.76,22.13,1414.87,YES,YES,TRUE
718,90,3029,199.13,22,8,0.0889,1614,9.05,11/20/2024,Tokyo,Tablet,8.11,2.21,24.89,1414.87,YES,YES,TRUE
719,113,5382,199.13,18,10,0.0885,1614,11.06,11/2/2024,Tokyo,Desktop,8.11,1.76,19.91,1414.87,YES,YES,TRUE
720,131,4075,199.13,14,5,0.0382,1614,14.22,6/11/2024,Paris,Tablet,8.11,1.52,39.83,1414.87,YES,YES,FALSE
721,168,3772,199.13,11,10,0.0595,1614,18.1,11/4/2024,Cairo,Desktop,8.11,1.19,19.91,1414.87,YES,YES,TRUE
722,141,3910,199.13,22,7,0.0496,1614,9.05,29-11-2024,Paris,Desktop,8.11,1.41,28.45,1414.87,YES,YES,FALSE
723,169,4908,199.13,27,9,0.0533,1614,7.38,11/24/2024,Baghdad,Mobile,8.11,1.18,22.13,1414.87,YES,YES,TRUE
724,176,5007,199.13,17,10,0.0568,1614,11.71,11/10/2024,Riyad,Mobile,8.11,1.13,19.91,1414.87,YES,YES,TRUE
725,116,4522,199.13,30,10,0.0862,1614,6.64,11/9/2024,Paris,Mobile,8.11,1.72,19.91,1414.87,YES,YES,TRUE
726,187,5166,199.13,24,7,0.0374,1614,8.3,11/11/2024,Baghdad,Tablet,8.11,1.06,28.45,1414.87,YES,YES,FALSE
727,181,6077,199.13,30,6,0.0331,1614,6.64,30-11-2024,Tokyo,Tablet,8.11,1.1,33.19,1414.87,YES,YES,FALSE
728,125,5881,199.13,21,7,0.056,1614,9.48,11/25/2024,Tokyo,Mobile,8.11,1.59,28.45,1414.87,YES,YES,TRUE
729,96,4061,199.13,19,5,0.0521,1614,10.48,9/11/2024,Tokyo,Mobile,8.11,2.07,39.83,1414.87,YES,YES,TRUE
730,101,3866,199.13,17,5,0.0495,1614,11.71,11/24/2024,Baghdad,Tablet,8.11,1.97,39.83,1414.87,YES,YES,FALSE
731,120,5344,199.13,18,5,0.0417,1614,11.06,9/11/2024,Tokyo,Mobile,8.11,1.66,39.83,1414.87,YES,YES,FALSE
732,140,4469,199.13,16,6,0.0429,1614,12.45,11/9/2024,Cairo,Desktop,8.11,1.42,33.19,1414.87,YES,YES,FALSE
733,191,5525,199.13,18,6,0.0314,1614,11.06,11/3/2024,Tokyo,Tablet,8.11,1.04,33.19,1414.87,YES,YES,FALSE
734,141,3944,199.13,20,6,0.0426,1614,9.96,29-11-2024,Paris,Desktop,8.11,1.41,33.19,1414.87,YES,YES,FALSE
735,89,5823,199.13,12,7,0.0787,1614,16.59,16-11-2024,Tokyo,Mobile,8.11,2.24,28.45,1414.87,YES,YES,TRUE
736,145,3489,199.13,19,5,0.0345,1614,10.48,11/7/2024,Paris,Mobile,8.11,1.37,39.83,1414.87,YES,YES,FALSE
737,105,5388,199.13,17,3,0.0286,1614,11.71,11/16/2024,Cairo,Desktop,8.11,1.9,66.38,1414.87,YES,YES,FALSE
738,171,5743,199.13,30,5,0.0292,1614,6.64,30-11-2024,Tokyo,Tablet,8.11,1.16,39.83,1414.87,YES,YES,FALSE
739,93,3298,199.13,21,8,0.086,1614,9.48,11/13/2024,Tokyo,Mobile,8.11,2.14,24.89,1414.87,YES,YES,TRUE
740,106,4192,199.13,12,6,0.0566,1614,16.59,11/25/2024,Rome,Mobile,8.11,1.88,33.19,1414.87,YES,YES,TRUE
741,172,3844,199.13,16,7,0.0407,1614,12.45,11/14/2024,Riyad,Desktop,8.11,1.16,28.45,1414.87,YES,YES,FALSE
742,134,5128,199.13,25,8,0.0597,1614,7.97,11/10/2024,Cairo,Desktop,8.11,1.49,24.89,1414.87,YES,YES,TRUE
743,128,3404,199.13,10,5,0.0391,1614,19.91,11/23/2024,Riyad,Tablet,8.11,1.56,39.83,1414.87,YES,YES,FALSE
744,185,4358,199.13,16,3,0.0162,1614,12.45,11/23/2024,Rome,Desktop,8.11,1.08,66.38,1414.87,YES,YES,FALSE
745,161,4912,199.13,29,10,0.0621,1614,6.87,11/24/2024,Baghdad,Mobile,8.11,1.24,19.91,1414.87,YES,YES,TRUE
746,109,5313,199.13,24,9,0.0826,1614,8.3,11/5/2024,Rome,Desktop,8.11,1.83,22.13,1414.87,YES,YES,TRUE
747,166,5497,199.13,17,7,0.0422,1614,11.71,11/3/2024,Tokyo,Tablet,8.11,1.2,28.45,1414.87,YES,YES,FALSE
748,203,6926,199.13,21,4,0.0197,1614,9.48,11/11/2024,Paris,Desktop,8.11,0.98,49.78,1414.87,YES,YES,FALSE
749,86,3225,199.13,31,7,0.0814,1614,6.42,26-11-2024,Baghdad,Desktop,8.11,2.32,28.45,1414.87,YES,YES,TRUE
750,110,5320,199.13,25,6,0.0545,1614,7.97,11/15/2024,Riyad,Tablet,8.11,1.81,33.19,1414.87,YES,YES,TRUE
751,119,3144,199.13,30,6,0.0504,1614,6.64,11/19/2024,Rome,Desktop,8.11,1.67,33.19,1414.87,YES,YES,TRUE
752,101,3419,199.13,22,10,0.099,1614,9.05,21-11-2024,Baghdad,Mobile,8.11,1.97,19.91,1414.87,YES,YES,TRUE
753,97,4702,199.13,17,7,0.0722,1614,11.71,11/5/2024,Cairo,Desktop,8.11,2.05,28.45,1414.87,YES,YES,TRUE
754,188,3829,199.13,11,11,0.0585,1614,18.1,11/21/2024,Paris,Tablet,8.11,1.06,18.1,1414.87,YES,YES,TRUE
755,80,4693,199.13,21,8,0.1,1614,9.48,30-11-2024,Rome,Mobile,8.11,2.49,24.89,1414.87,YES,YES,TRUE
756,131,4169,199.13,14,5,0.0382,1614,14.22,11/5/2024,Baghdad,Desktop,8.11,1.52,39.83,1414.87,YES,YES,FALSE
757,108,4768,199.13,15,10,0.0926,1614,13.28,11/26/2024,Baghdad,Tablet,8.11,1.84,19.91,1414.87,YES,YES,TRUE
758,104,5089,199.13,27,10,0.0962,1614,7.38,11/5/2024,Rome,Desktop,8.11,1.91,19.91,1414.87,YES,YES,TRUE
759,192,3803,199.13,22,7,0.0365,1614,9.05,23-11-2024,Baghdad,Mobile,8.11,1.04,28.45,1414.87,YES,YES,FALSE
760,183,5532,199.13,22,3,0.0164,1614,9.05,11/24/2024,Beyrouth,Tablet,8.11,1.09,66.38,1414.87,YES,YES,FALSE
761,83,3262,199.13,19,8,0.0964,1614,10.48,11/13/2024,Tokyo,Mobile,8.11,2.4,24.89,1414.87,YES,YES,TRUE
762,151,4857,199.13,19,10,0.0662,1614,10.48,12/11/2024,Cairo,Mobile,8.11,1.32,19.91,1414.87,YES,YES,TRUE
763,157,4117,199.13,15,6,0.0382,1614,13.28,11/9/2024,Cairo,Desktop,8.11,1.27,33.19,1414.87,YES,YES,FALSE
764,165,2831,199.13,16,5,0.0303,1614,12.45,11/26/2024,Baghdad,Tablet,8.11,1.21,39.83,1414.87,YES,YES,FALSE
765,198,3741,199.13,11,9,0.0455,1614,18.1,11/21/2024,Paris,Tablet,8.11,1.01,22.13,1414.87,YES,YES,FALSE
766,179,5227,199.13,16,7,0.0391,1614,12.45,16-11-2024,Baghdad,Tablet,8.11,1.11,28.45,1414.87,YES,YES,FALSE
767,152,5469,199.13,11,5,0.0329,1614,18.1,11/6/2024,Cairo,Mobile,8.11,1.31,39.83,1414.87,YES,YES,FALSE
768,200,5652,199.13,28,5,0.025,1614,7.11,11/12/2024,Baghdad,Mobile,8.11,1,39.83,1414.87,YES,YES,FALSE
769,181,4141,199.13,21,3,0.0166,1614,9.48,11/23/2024,Rome,Desktop,8.11,1.1,66.38,1414.87,YES,YES,FALSE
770,118,3287,199.13,10,5,0.0424,1614,19.91,11/23/2024,Riyad,Tablet,8.11,1.69,39.83,1414.87,YES,YES,FALSE
771,180,3913,199.13,10,8,0.0444,1614,19.91,12/11/2024,Paris,Mobile,8.11,1.11,24.89,1414.87,YES,YES,FALSE
772,109,3549,199.13,19,5,0.0459,1614,10.48,11/28/2024,Riyad,Tablet,8.11,1.83,39.83,1414.87,YES,YES,FALSE
773,113,4802,199.13,19,9,0.0796,1614,10.48,11/8/2024,Baghdad,Desktop,8.11,1.76,22.13,1414.87,YES,YES,TRUE
774,122,3359,199.13,28,10,0.082,1614,7.11,11/20/2024,Cairo,Tablet,8.11,1.63,19.91,1414.87,YES,YES,TRUE
775,164,3202,199.13,25,10,0.061,1614,7.97,11/12/2024,Rome,Mobile,8.11,1.21,19.91,1414.87,YES,YES,TRUE
776,119,5488,199.13,19,9,0.0756,1614,10.48,11/8/2024,Baghdad,Desktop,8.11,1.67,22.13,1414.87,YES,YES,TRUE
777,178,3761,199.13,28,9,0.0506,1614,7.11,12/11/2024,Cairo,Tablet,8.11,1.12,22.13,1414.87,YES,YES,TRUE
778,154,4836,199.13,17,8,0.0519,1614,11.71,18-11-2024,Baghdad,Desktop,8.11,1.29,24.89,1414.87,YES,YES,TRUE
779,112,5971,199.13,28,4,0.0357,1614,7.11,11/24/2024,London,Tablet,8.11,1.78,49.78,1414.87,YES,YES,FALSE
780,149,3160,199.13,16,10,0.0671,1614,12.45,11/25/2024,Baghdad,Mobile,8.11,1.34,19.91,1414.87,YES,YES,TRUE
781,158,5572,199.13,23,5,0.0316,1614,8.66,11/1/2024,Riyad,Tablet,8.11,1.26,39.83,1414.87,YES,YES,FALSE
782,174,4153,199.13,25,8,0.046,1614,7.97,12/11/2024,Cairo,Tablet,8.11,1.14,24.89,1414.87,YES,YES,FALSE
783,171,3759,199.13,11,7,0.0409,1614,18.1,12/11/2024,Paris,Mobile,8.11,1.16,28.45,1414.87,YES,YES,FALSE
784,110,3248,199.13,18,5,0.0455,1614,11.06,11/28/2024,Riyad,Tablet,8.11,1.81,39.83,1414.87,YES,YES,FALSE
785,114,4366,199.13,19,4,0.0351,1614,10.48,11/28/2024,Riyad,Tablet,8.11,1.75,49.78,1414.87,YES,YES,FALSE
786,158,4568,199.13,19,9,0.057,1614,10.48,12/11/2024,Cairo,Mobile,8.11,1.26,22.13,1414.87,YES,YES,TRUE
787,136,5289,199.13,13,6,0.0441,1614,15.32,11/25/2024,Rome,Mobile,8.11,1.46,33.19,1414.87,YES,YES,FALSE
788,115,4598,199.13,26,6,0.0522,1614,7.66,11/14/2024,Paris,Desktop,8.11,1.73,33.19,1414.87,YES,YES,TRUE
789,187,3195,199.13,17,3,0.016,1614,11.71,11/11/2024,Baghdad,Mobile,8.11,1.06,66.38,1414.87,YES,YES,FALSE
790,198,6389,199.13,20,6,0.0303,1614,9.96,1/11/2024,Paris,Tablet,8.11,1.01,33.19,1414.87,YES,YES,FALSE
791,112,5119,199.13,24,7,0.0625,1614,8.3,11/5/2024,Rome,Tablet,8.11,1.78,28.45,1414.87,YES,YES,TRUE
792,129,4640,199.13,20,7,0.0543,1614,9.96,11/5/2024,Tokyo,Desktop,8.11,1.54,28.45,1414.87,YES,YES,TRUE
793,127,4915,199.13,16,6,0.0472,1614,12.45,11/25/2024,Rome,Mobile,8.11,1.57,33.19,1414.87,YES,YES,FALSE
794,145,5271,199.13,22,5,0.0345,1614,9.05,11/1/2024,Riyad,Tablet,8.11,1.37,39.83,1414.87,YES,YES,FALSE
795,155,3940,199.13,15,8,0.0516,1614,13.28,11/14/2024,Riyad,Desktop,8.11,1.28,24.89,1414.87,YES,YES,TRUE
796,161,3430,199.13,24,9,0.0559,1614,8.3,11/12/2024,Rome,Mobile,8.11,1.24,22.13,1414.87,YES,YES,TRUE
797,88,3310,199.13,23,8,0.0909,1614,8.66,11/20/2024,Tokyo,Tablet,8.11,2.26,24.89,1414.87,YES,YES,TRUE
798,130,3653,199.13,12,11,0.0846,1614,16.59,11/9/2024,Cairo,Desktop,8.11,1.53,18.1,1414.87,YES,YES,TRUE
799,175,2815,199.13,15,3,0.0171,1614,13.28,11/11/2024,Baghdad,Mobile,8.11,1.14,66.38,1414.87,YES,YES,FALSE
800,203,4015,199.13,11,8,0.0394,1614,18.1,16-11-2024,Riyad,Mobile,8.11,0.98,24.89,1414.87,YES,YES,FALSE
801,152,3755,199.13,26,8,0.0526,1614,7.66,11/12/2024,Rome,Mobile,8.11,1.31,24.89,1414.87,YES,YES,TRUE
802,137,3167,199.13,15,11,0.0803,1614,13.28,11/25/2024,Baghdad,Mobile,8.11,1.45,18.1,1414.87,YES,YES,TRUE
803,115,5238,199.13,19,9,0.0783,1614,10.48,11/8/2024,Baghdad,Desktop,8.11,1.73,22.13,1414.87,YES,YES,TRUE
804,205,5337,199.13,11,9,0.0439,1614,18.1,11/10/2024,Riyad,Mobile,8.11,0.97,22.13,1414.87,YES,YES,FALSE
805,169,4434,199.13,17,10,0.0592,1614,11.71,12/11/2024,Cairo,Mobile,8.11,1.18,19.91,1414.87,YES,YES,TRUE
806,208,3285,199.13,10,7,0.0337,1614,19.91,12/11/2024,Paris,Mobile,8.11,0.96,28.45,1414.87,YES,YES,FALSE
807,171,5066,199.13,14,5,0.0292,1614,14.22,11/16/2024,Baghdad,Mobile,8.11,1.16,39.83,1414.87,YES,YES,FALSE
808,102,4217,199.13,15,7,0.0686,1614,13.28,11/16/2024,London,Desktop,8.11,1.95,28.45,1414.87,YES,YES,TRUE
809,198,4687,199.13,13,6,0.0303,1614,15.32,11/16/2024,Baghdad,Mobile,8.11,1.01,33.19,1414.87,YES,YES,FALSE
810,170,5177,199.13,31,9,0.0529,1614,6.42,11/24/2024,Baghdad,Mobile,8.11,1.17,22.13,1414.87,YES,YES,TRUE
811,148,5253,199.13,26,3,0.0203,1614,7.66,11/8/2024,Baghdad,Mobile,8.11,1.35,66.38,1414.87,YES,YES,FALSE
812,78,4026,199.13,22,9,0.1154,1614,9.05,4/11/2024,Cairo,Desktop,8.11,2.55,22.13,1414.87,YES,YES,TRUE
813,158,2734,199.13,18,8,0.0506,1614,11.06,11/25/2024,Baghdad,Mobile,8.11,1.26,24.89,1414.87,YES,YES,TRUE
814,170,3189,199.13,25,7,0.0412,1614,7.97,12/11/2024,Cairo,Tablet,8.11,1.17,28.45,1414.87,YES,YES,FALSE
815,106,4778,199.13,23,10,0.0943,1614,8.66,11/5/2024,Rome,Desktop,8.11,1.88,19.91,1414.87,YES,YES,TRUE
816,105,3872,199.13,11,4,0.0381,1614,18.1,11/23/2024,Riyad,Tablet,8.11,1.9,49.78,1414.87,YES,YES,FALSE
817,123,5127,199.13,13,6,0.0488,1614,15.32,11/25/2024,Rome,Mobile,8.11,1.62,33.19,1414.87,YES,YES,FALSE
818,123,3544,199.13,15,8,0.065,1614,13.28,11/25/2024,Baghdad,Mobile,8.11,1.62,24.89,1414.87,YES,YES,TRUE
819,105,3389,199.13,20,10,0.0952,1614,9.96,21-11-2024,Baghdad,Mobile,8.11,1.9,19.91,1414.87,YES,YES,TRUE
820,180,5824,199.13,28,6,0.0333,1614,7.11,30-11-2024,Tokyo,Tablet,8.11,1.11,33.19,1414.87,YES,YES,FALSE
821,152,5731,199.13,18,7,0.0461,1614,11.06,16-11-2024,Baghdad,Tablet,8.11,1.31,28.45,1414.87,YES,YES,FALSE
822,183,4192,199.13,11,9,0.0492,1614,18.1,11/4/2024,Cairo,Desktop,8.11,1.09,22.13,1414.87,YES,YES,FALSE
823,144,4728,199.13,18,5,0.0347,1614,11.06,11/1/2024,Riyad,Tablet,8.11,1.38,39.83,1414.87,YES,YES,FALSE
824,101,3665,199.13,25,6,0.0594,1614,7.97,11/19/2024,Rome,Desktop,8.11,1.97,33.19,1414.87,YES,YES,TRUE
825,127,3271,199.13,17,3,0.0236,1614,11.71,11/27/2024,Canberra,Desktop,8.11,1.57,66.38,1414.87,YES,YES,FALSE
826,109,5877,199.13,23,8,0.0734,1614,8.66,11/5/2024,Rome,Tablet,8.11,1.83,24.89,1414.87,YES,YES,TRUE
827,105,3415,199.13,24,5,0.0476,1614,8.3,11/22/2024,Beijin,Desktop,8.11,1.9,39.83,1414.87,YES,YES,FALSE
828,119,4148,199.13,12,10,0.084,1614,16.59,11/9/2024,Cairo,Desktop,8.11,1.67,19.91,1414.87,YES,YES,TRUE
829,113,5553,199.13,27,4,0.0354,1614,7.38,11/24/2024,London,Tablet,8.11,1.76,49.78,1414.87,YES,YES,FALSE
830,108,3647,199.13,17,10,0.0926,1614,11.71,21-11-2024,Baghdad,Mobile,8.11,1.84,19.91,1414.87,YES,YES,TRUE
831,176,4488,199.13,13,9,0.0511,1614,15.32,27-11-2024,Cairo,Mobile,8.11,1.13,22.13,1414.87,YES,YES,TRUE
832,166,3583,199.13,31,8,0.0482,1614,6.42,12/11/2024,Cairo,Tablet,8.11,1.2,24.89,1414.87,YES,YES,FALSE
833,111,4417,199.13,30,11,0.0991,1614,6.64,11/9/2024,Paris,Mobile,8.11,1.79,18.1,1414.87,YES,YES,TRUE
834,84,5694,199.13,24,8,0.0952,1614,8.3,20-11-2024,Riyad,Tablet,8.11,2.37,24.89,1414.87,YES,YES,TRUE
835,76,5763,199.13,10,6,0.0789,1614,19.91,11/9/2024,Rome,Tablet,8.11,2.62,33.19,1414.87,YES,YES,TRUE
836,163,4087,199.13,31,7,0.0429,1614,6.42,11/8/2024,Paris,Tablet,8.11,1.22,28.45,1414.87,YES,YES,FALSE
837,138,5062,199.13,27,8,0.058,1614,7.38,11/10/2024,Cairo,Desktop,8.11,1.44,24.89,1414.87,YES,YES,TRUE
838,156,3232,199.13,27,8,0.0513,1614,7.38,12/11/2024,Cairo,Tablet,8.11,1.28,24.89,1414.87,YES,YES,TRUE
839,185,4748,199.13,18,7,0.0378,1614,11.06,11/3/2024,Tokyo,Tablet,8.11,1.08,28.45,1414.87,YES,YES,FALSE
840,147,4849,199.13,15,6,0.0408,1614,13.28,11/9/2024,Cairo,Desktop,8.11,1.35,33.19,1414.87,YES,YES,FALSE
841,130,4404,199.13,27,5,0.0385,1614,7.38,11/15/2024,Riyad,Desktop,8.11,1.53,39.83,1414.87,YES,YES,FALSE
842,146,3673,199.13,21,8,0.0548,1614,9.48,17-11-2024,Rome,Mobile,8.11,1.36,24.89,1414.87,YES,YES,TRUE
843,101,4831,199.13,29,11,0.1089,1614,6.87,11/5/2024,Rome,Desktop,8.11,1.97,18.1,1414.87,YES,YES,TRUE
844,119,3745,199.13,30,10,0.084,1614,6.64,11/20/2024,Cairo,Tablet,8.11,1.67,19.91,1414.87,YES,YES,TRUE
845,46,5471,199.13,21,9,0.1957,1614,9.48,11/21/2024,Tokyo,Desktop,8.11,4.33,22.13,1414.87,YES,YES,TRUE
846,120,5499,199.13,14,5,0.0417,1614,14.22,11/25/2024,Rome,Mobile,8.11,1.66,39.83,1414.87,YES,YES,FALSE
847,145,4652,199.13,11,8,0.0552,1614,18.1,11/7/2024,Tokyo,Desktop,8.11,1.37,24.89,1414.87,YES,YES,TRUE
848,117,4817,199.13,18,10,0.0855,1614,11.06,11/26/2024,Baghdad,Tablet,8.11,1.7,19.91,1414.87,YES,YES,TRUE
849,113,5237,199.13,12,5,0.0442,1614,16.59,22-11-2024,Tokyo,Desktop,8.11,1.76,39.83,1414.87,YES,YES,FALSE
850,108,5730,199.13,12,6,0.0556,1614,16.59,22-11-2024,Tokyo,Desktop,8.11,1.84,33.19,1414.87,YES,YES,TRUE
851,89,6198,199.13,22,9,0.1011,1614,9.05,11/29/2024,Cairo,Desktop,8.11,2.24,22.13,1414.87,YES,YES,TRUE
852,97,5295,199.13,26,6,0.0619,1614,7.66,11/15/2024,Riyad,Tablet,8.11,2.05,33.19,1414.87,YES,YES,TRUE
853,165,4190,199.13,12,8,0.0485,1614,16.59,11/4/2024,Cairo,Desktop,8.11,1.21,24.89,1414.87,YES,YES,FALSE
854,97,4753,199.13,28,4,0.0412,1614,7.11,11/24/2024,London,Tablet,8.11,2.05,49.78,1414.87,YES,YES,FALSE
855,136,5612,199.13,21,5,0.0368,1614,9.48,11/1/2024,Riyad,Tablet,8.11,1.46,39.83,1414.87,YES,YES,FALSE
856,95,5187,199.13,19,3,0.0316,1614,10.48,21-11-2024,Baghdad,Desktop,8.11,2.1,66.38,1414.87,YES,YES,FALSE
857,206,5945,199.13,25,6,0.0291,1614,7.97,1/11/2024,Paris,Tablet,8.11,0.97,33.19,1414.87,YES,YES,FALSE
858,157,4682,199.13,12,6,0.0382,1614,16.59,11/9/2024,Cairo,Desktop,8.11,1.27,33.19,1414.87,YES,YES,FALSE
859,83,6425,199.13,10,6,0.0723,1614,19.91,16-11-2024,Tokyo,Mobile,8.11,2.4,33.19,1414.87,YES,YES,TRUE
860,122,3575,199.13,19,3,0.0246,1614,10.48,11/27/2024,Canberra,Desktop,8.11,1.63,66.38,1414.87,YES,YES,FALSE
861,140,4080,199.13,23,8,0.0571,1614,8.66,12/11/2024,Cairo,Tablet,8.11,1.42,24.89,1414.87,YES,YES,TRUE
862,143,4593,199.13,16,9,0.0629,1614,12.45,12/11/2024,Cairo,Mobile,8.11,1.39,22.13,1414.87,YES,YES,TRUE
863,129,4105,199.13,15,6,0.0465,1614,13.28,11/5/2024,Baghdad,Desktop,8.11,1.54,33.19,1414.87,YES,YES,FALSE
864,195,4189,199.13,16,8,0.041,1614,12.45,11/14/2024,Riyad,Desktop,8.11,1.02,24.89,1414.87,YES,YES,FALSE
865,137,5331,199.13,23,5,0.0365,1614,8.66,11/1/2024,Riyad,Tablet,8.11,1.45,39.83,1414.87,YES,YES,FALSE
866,158,5848,199.13,12,8,0.0506,1614,16.59,11/7/2024,Tokyo,Desktop,8.11,1.26,24.89,1414.87,YES,YES,TRUE
867,76,5202,199.13,11,5,0.0658,1614,18.1,11/9/2024,Rome,Tablet,8.11,2.62,39.83,1414.87,YES,YES,TRUE
868,149,5550,199.13,25,7,0.047,1614,7.97,11/11/2024,Baghdad,Tablet,8.11,1.34,28.45,1414.87,YES,YES,FALSE
869,178,5272,199.13,24,8,0.0449,1614,8.3,11/24/2024,Baghdad,Mobile,8.11,1.12,24.89,1414.87,YES,YES,FALSE
870,205,4053,199.13,11,9,0.0439,1614,18.1,11/4/2024,Cairo,Desktop,8.11,0.97,22.13,1414.87,YES,YES,FALSE
871,94,5664,199.13,12,6,0.0638,1614,16.59,16-11-2024,Tokyo,Mobile,8.11,2.12,33.19,1414.87,YES,YES,TRUE
872,99,4615,199.13,16,5,0.0505,1614,12.45,11/5/2024,Cairo,Desktop,8.11,2.01,39.83,1414.87,YES,YES,TRUE
873,129,4640,199.13,20,7,0.0543,1614,9.96,11/5/2024,Tokyo,Desktop,8.11,1.54,28.45,1414.87,YES,YES,TRUE
874,87,4310,199.13,15,7,0.0805,1614,13.28,11/16/2024,London,Desktop,8.11,2.29,28.45,1414.87,YES,YES,TRUE
875,134,4290,199.13,12,10,0.0746,1614,16.59,11/9/2024,Cairo,Desktop,8.11,1.49,19.91,1414.87,YES,YES,TRUE
876,119,3403,199.13,28,5,0.042,1614,7.11,11/19/2024,Rome,Desktop,8.11,1.67,39.83,1414.87,YES,YES,FALSE
877,103,3847,199.13,22,4,0.0388,1614,9.05,11/28/2024,Riyad,Tablet,8.11,1.93,49.78,1414.87,YES,YES,FALSE
878,114,5040,199.13,25,10,0.0877,1614,7.97,11/9/2024,Paris,Mobile,8.11,1.75,19.91,1414.87,YES,YES,TRUE
879,102,3483,199.13,24,4,0.0392,1614,8.3,11/22/2024,Beijin,Desktop,8.11,1.95,49.78,1414.87,YES,YES,FALSE
880,43,5249,199.13,21,10,0.2326,1614,9.48,11/21/2024,Tokyo,Desktop,8.11,4.63,19.91,1414.87,YES,YES,TRUE
881,124,2962,199.13,30,6,0.0484,1614,6.64,11/19/2024,Rome,Desktop,8.11,1.61,33.19,1414.87,YES,YES,FALSE
882,214,5853,199.13,21,9,0.0421,1614,9.48,11/7/2024,Riyad,Tablet,8.11,0.93,22.13,1414.87,YES,YES,FALSE
883,116,3316,199.13,27,10,0.0862,1614,7.38,11/20/2024,Cairo,Tablet,8.11,1.72,19.91,1414.87,YES,YES,TRUE
884,124,3454,199.13,15,3,0.0242,1614,13.28,11/27/2024,Canberra,Desktop,8.11,1.61,66.38,1414.87,YES,YES,FALSE
885,136,3369,199.13,19,3,0.0221,1614,10.48,11/27/2024,Canberra,Desktop,8.11,1.46,66.38,1414.87,YES,YES,FALSE
886,155,4550,199.13,30,10,0.0645,1614,6.64,11/24/2024,Baghdad,Mobile,8.11,1.28,19.91,1414.87,YES,YES,TRUE
887,219,3001,199.13,18,2,0.0091,1614,11.06,11/11/2024,Baghdad,Mobile,8.11,0.91,99.56,1414.87,YES,YES,FALSE
888,146,3379,199.13,18,7,0.0479,1614,11.06,11/26/2024,Baghdad,Tablet,8.11,1.36,28.45,1414.87,YES,YES,FALSE
889,128,4493,199.13,19,3,0.0234,1614,10.48,11/16/2024,Cairo,Desktop,8.11,1.56,66.38,1414.87,YES,YES,FALSE
890,100,3218,199.13,31,8,0.08,1614,6.42,26-11-2024,Baghdad,Desktop,8.11,1.99,24.89,1414.87,YES,YES,TRUE
891,199,5393,199.13,10,8,0.0402,1614,19.91,20-11-2024,Rome,Mobile,8.11,1,24.89,1414.87,YES,YES,FALSE
892,177,2877,199.13,25,10,0.0565,1614,7.97,11/12/2024,Rome,Mobile,8.11,1.13,19.91,1414.87,YES,YES,TRUE
893,95,5133,199.13,26,5,0.0526,1614,7.66,15-11-2024,Paris,Mobile,8.11,2.1,39.83,1414.87,YES,YES,TRUE
894,148,3229,199.13,11,10,0.0676,1614,18.1,11/9/2024,Cairo,Desktop,8.11,1.35,19.91,1414.87,YES,YES,TRUE
895,163,4639,199.13,30,8,0.0491,1614,6.64,11/28/2024,Rome,Mobile,8.11,1.22,24.89,1414.87,YES,YES,FALSE
896,146,3375,199.13,20,7,0.0479,1614,9.96,29-11-2024,Paris,Desktop,8.11,1.36,28.45,1414.87,YES,YES,FALSE
897,77,3735,199.13,18,10,0.1299,1614,11.06,11/13/2024,Tokyo,Mobile,8.11,2.59,19.91,1414.87,YES,YES,TRUE
898,105,5393,199.13,24,6,0.0571,1614,8.3,11/15/2024,Riyad,Tablet,8.11,1.9,33.19,1414.87,YES,YES,TRUE
899,178,5084,199.13,20,4,0.0225,1614,9.96,11/11/2024,Paris,Desktop,8.11,1.12,49.78,1414.87,YES,YES,FALSE
900,114,5119,199.13,12,5,0.0439,1614,16.59,22-11-2024,Tokyo,Desktop,8.11,1.75,39.83,1414.87,YES,YES,FALSE
901,193,5592,199.13,23,6,0.0311,1614,8.66,1/11/2024,Paris,Tablet,8.11,1.03,33.19,1414.87,YES,YES,FALSE
902,200,4492,199.13,12,8,0.04,1614,16.59,20-11-2024,Rome,Mobile,8.11,1,24.89,1414.87,YES,YES,FALSE
903,218,5037,199.13,14,4,0.0183,1614,14.22,11/8/2024,Tokyo,Tablet,8.11,0.91,49.78,1414.87,YES,YES,FALSE
904,158,2787,199.13,16,9,0.057,1614,12.45,11/25/2024,Baghdad,Mobile,8.11,1.26,22.13,1414.87,YES,YES,TRUE
905,113,3068,199.13,12,6,0.0531,1614,16.59,11/23/2024,Riyad,Tablet,8.11,1.76,33.19,1414.87,YES,YES,TRUE
906,146,4408,199.13,16,7,0.0479,1614,12.45,11/9/2024,Cairo,Desktop,8.11,1.36,28.45,1414.87,YES,YES,FALSE
907,94,5695,199.13,12,5,0.0532,1614,16.59,11/9/2024,Rome,Tablet,8.11,2.12,39.83,1414.87,YES,YES,TRUE
908,122,4661,199.13,16,6,0.0492,1614,12.45,11/5/2024,Baghdad,Desktop,8.11,1.63,33.19,1414.87,YES,YES,FALSE
909,98,3932,199.13,24,5,0.051,1614,8.3,11/22/2024,Beijin,Desktop,8.11,2.03,39.83,1414.87,YES,YES,TRUE
910,184,4251,199.13,19,10,0.0543,1614,10.48,11/26/2024,Tokyo,Mobile,8.11,1.08,19.91,1414.87,YES,YES,TRUE
911,129,4640,199.13,20,7,0.0543,1614,9.96,11/5/2024,Tokyo,Desktop,8.11,1.54,28.45,1414.87,YES,YES,TRUE
912,156,3466,199.13,28,8,0.0513,1614,7.11,11/22/2024,Cairo,Desktop,8.11,1.28,24.89,1414.87,YES,YES,TRUE
913,170,6633,199.13,24,9,0.0529,1614,8.3,11/7/2024,Riyad,Tablet,8.11,1.17,22.13,1414.87,YES,YES,TRUE
914,131,5430,199.13,16,3,0.0229,1614,12.45,11/16/2024,Cairo,Desktop,8.11,1.52,66.38,1414.87,YES,YES,FALSE
915,148,5672,199.13,18,3,0.0203,1614,11.06,11/23/2024,Tokyo,Mobile,8.11,1.35,66.38,1414.87,YES,YES,FALSE
916,91,4843,199.13,11,6,0.0659,1614,18.1,11/9/2024,Rome,Tablet,8.11,2.19,33.19,1414.87,YES,YES,TRUE
917,125,5570,199.13,12,7,0.056,1614,16.59,11/3/2024,Rome,Tablet,8.11,1.59,28.45,1414.87,YES,YES,TRUE
918,145,3881,199.13,30,7,0.0483,1614,6.64,11/22/2024,Cairo,Desktop,8.11,1.37,28.45,1414.87,YES,YES,FALSE
919,103,4787,199.13,17,6,0.0583,1614,11.71,14-11-2024,Tokyo,Desktop,8.11,1.93,33.19,1414.87,YES,YES,TRUE
920,128,5223,199.13,31,8,0.0625,1614,6.42,11/10/2024,Cairo,Desktop,8.11,1.56,24.89,1414.87,YES,YES,TRUE
921,129,4640,199.13,20,7,0.0543,1614,9.96,11/5/2024,Tokyo,Desktop,8.11,1.54,28.45,1414.87,YES,YES,TRUE
922,96,4387,199.13,24,9,0.0938,1614,8.3,11/16/2024,Beyrouth,Tablet,8.11,2.07,22.13,1414.87,YES,YES,TRUE
923,139,5207,199.13,28,10,0.0719,1614,7.11,11/10/2024,Cairo,Desktop,8.11,1.43,19.91,1414.87,YES,YES,TRUE
924,174,4199,199.13,12,7,0.0402,1614,16.59,12/11/2024,Paris,Mobile,8.11,1.14,28.45,1414.87,YES,YES,FALSE
925,89,4655,199.13,15,6,0.0674,1614,13.28,11/5/2024,Cairo,Desktop,8.11,2.24,33.19,1414.87,YES,YES,TRUE
926,105,4863,199.13,19,10,0.0952,1614,10.48,11/8/2024,Baghdad,Desktop,8.11,1.9,19.91,1414.87,YES,YES,TRUE
927,173,3047,199.13,24,9,0.052,1614,8.3,11/12/2024,Rome,Mobile,8.11,1.15,22.13,1414.87,YES,YES,TRUE
928,98,4697,199.13,21,10,0.102,1614,9.48,4/11/2024,Cairo,Desktop,8.11,2.03,19.91,1414.87,YES,YES,TRUE
929,156,4842,199.13,26,5,0.0321,1614,7.66,11/15/2024,Riyad,Desktop,8.11,1.28,39.83,1414.87,YES,YES,FALSE
930,121,4856,199.13,31,7,0.0579,1614,6.42,3/11/2024,Riyad,Tablet,8.11,1.65,28.45,1414.87,YES,YES,TRUE
931,100,4869,199.13,26,8,0.08,1614,7.66,11/16/2024,Beyrouth,Tablet,8.11,1.99,24.89,1414.87,YES,YES,TRUE
932,94,3563,199.13,11,3,0.0319,1614,18.1,20-11-2024,Tokyo,Tablet,8.11,2.12,66.38,1414.87,YES,YES,FALSE
933,76,3565,199.13,12,3,0.0395,1614,16.59,20-11-2024,Tokyo,Tablet,8.11,2.62,66.38,1414.87,YES,YES,FALSE
934,106,5429,199.13,29,5,0.0472,1614,6.87,15-11-2024,Paris,Mobile,8.11,1.88,39.83,1414.87,YES,YES,FALSE
935,197,4815,199.13,9,9,0.0457,1614,22.13,11/4/2024,Cairo,Desktop,8.11,1.01,22.13,1414.87,YES,YES,FALSE
936,182,3659,199.13,20,3,0.0165,1614,9.96,11/23/2024,Rome,Desktop,8.11,1.09,66.38,1414.87,YES,YES,FALSE
937,77,5587,199.13,13,4,0.0519,1614,15.32,11/9/2024,Rome,Tablet,8.11,2.59,49.78,1414.87,YES,YES,TRUE
938,87,4761,199.13,23,6,0.069,1614,8.66,30-11-2024,Rome,Mobile,8.11,2.29,33.19,1414.87,YES,YES,TRUE
939,153,3801,199.13,10,10,0.0654,1614,19.91,11/21/2024,Paris,Tablet,8.11,1.3,19.91,1414.87,YES,YES,TRUE
940,170,5214,199.13,11,8,0.0471,1614,18.1,20-11-2024,Rome,Mobile,8.11,1.17,24.89,1414.87,YES,YES,FALSE
941,118,4201,199.13,21,10,0.0847,1614,9.48,11/20/2024,Riyad,Tablet,8.11,1.69,19.91,1414.87,YES,YES,TRUE
942,86,3226,199.13,21,9,0.1047,1614,9.48,11/13/2024,Tokyo,Mobile,8.11,2.32,22.13,1414.87,YES,YES,TRUE
943,165,4157,199.13,15,7,0.0424,1614,13.28,27-11-2024,Cairo,Mobile,8.11,1.21,28.45,1414.87,YES,YES,FALSE
944,116,4522,199.13,22,9,0.0776,1614,9.05,11/20/2024,Riyad,Tablet,8.11,1.72,22.13,1414.87,YES,YES,TRUE
945,153,3167,199.13,15,7,0.0458,1614,13.28,11/26/2024,Baghdad,Tablet,8.11,1.3,28.45,1414.87,YES,YES,FALSE
946,115,4133,199.13,15,7,0.0609,1614,13.28,11/16/2024,London,Desktop,8.11,1.73,28.45,1414.87,YES,YES,TRUE
947,111,5064,199.13,14,7,0.0631,1614,14.22,11/16/2024,London,Desktop,8.11,1.79,28.45,1414.87,YES,YES,TRUE
948,111,5677,199.13,22,7,0.0631,1614,9.05,11/29/2024,Cairo,Desktop,8.11,1.79,28.45,1414.87,YES,YES,TRUE
949,206,4318,199.13,10,8,0.0388,1614,19.91,16-11-2024,Riyad,Mobile,8.11,0.97,24.89,1414.87,YES,YES,FALSE
950,152,3541,199.13,23,8,0.0526,1614,8.66,17-11-2024,Rome,Mobile,8.11,1.31,24.89,1414.87,YES,YES,TRUE
951,167,4866,199.13,27,8,0.0479,1614,7.38,11/11/2024,Baghdad,Tablet,8.11,1.19,24.89,1414.87,YES,YES,FALSE
952,185,6111,199.13,26,3,0.0162,1614,7.66,11/25/2024,Riyad,Tablet,8.11,1.08,66.38,1414.87,YES,YES,FALSE
953,115,5179,199.13,15,5,0.0435,1614,13.28,11/25/2024,Rome,Mobile,8.11,1.73,39.83,1414.87,YES,YES,FALSE
954,93,5858,199.13,27,6,0.0645,1614,7.38,11/15/2024,Riyad,Tablet,8.11,2.14,33.19,1414.87,YES,YES,TRUE
955,85,3932,199.13,11,3,0.0353,1614,18.1,20-11-2024,Tokyo,Tablet,8.11,2.34,66.38,1414.87,YES,YES,FALSE
956,88,3019,199.13,20,8,0.0909,1614,9.96,11/13/2024,Tokyo,Mobile,8.11,2.26,24.89,1414.87,YES,YES,TRUE
957,137,3479,199.13,29,6,0.0438,1614,6.87,11/19/2024,Rome,Desktop,8.11,1.45,33.19,1414.87,YES,YES,FALSE
958,87,3892,199.13,11,3,0.0345,1614,18.1,20-11-2024,Tokyo,Tablet,8.11,2.29,66.38,1414.87,YES,YES,FALSE
959,211,4159,199.13,11,8,0.0379,1614,18.1,16-11-2024,Riyad,Mobile,8.11,0.94,24.89,1414.87,YES,YES,FALSE
960,150,6160,199.13,27,8,0.0533,1614,7.38,11/10/2024,Cairo,Desktop,8.11,1.33,24.89,1414.87,YES,YES,TRUE
961,125,5995,199.13,15,6,0.048,1614,13.28,11/25/2024,Rome,Mobile,8.11,1.59,33.19,1414.87,YES,YES,FALSE
962,106,5891,199.13,26,5,0.0472,1614,7.66,11/15/2024,Riyad,Tablet,8.11,1.88,39.83,1414.87,YES,YES,FALSE
963,94,5496,199.13,21,9,0.0957,1614,9.48,20-11-2024,Riyad,Tablet,8.11,2.12,22.13,1414.87,YES,YES,TRUE
964,138,3809,199.13,20,3,0.0217,1614,9.96,11/27/2024,Canberra,Desktop,8.11,1.44,66.38,1414.87,YES,YES,FALSE
965,104,4195,199.13,26,9,0.0865,1614,7.66,11/5/2024,Rome,Desktop,8.11,1.91,22.13,1414.87,YES,YES,TRUE
966,111,2916,199.13,28,7,0.0631,1614,7.11,11/19/2024,Rome,Desktop,8.11,1.79,28.45,1414.87,YES,YES,TRUE
967,124,5215,199.13,13,5,0.0403,1614,15.32,11/6/2024,Cairo,Mobile,8.11,1.61,39.83,1414.87,YES,YES,FALSE
968,169,4053,199.13,24,7,0.0414,1614,8.3,17-11-2024,Rome,Mobile,8.11,1.18,28.45,1414.87,YES,YES,FALSE
969,110,5902,199.13,10,7,0.0636,1614,19.91,11/3/2024,Rome,Tablet,8.11,1.81,28.45,1414.87,YES,YES,TRUE
970,113,5255,199.13,30,5,0.0442,1614,6.64,15-11-2024,Paris,Mobile,8.11,1.76,39.83,1414.87,YES,YES,FALSE
971,163,2824,199.13,29,9,0.0552,1614,6.87,11/22/2024,Cairo,Desktop,8.11,1.22,22.13,1414.87,YES,YES,TRUE
972,172,5623,199.13,23,4,0.0233,1614,8.66,11/11/2024,Paris,Desktop,8.11,1.16,49.78,1414.87,YES,YES,FALSE
973,192,3522,199.13,9,9,0.0469,1614,22.13,11/21/2024,Paris,Tablet,8.11,1.04,22.13,1414.87,YES,YES,FALSE
974,90,3839,199.13,25,5,0.0556,1614,7.97,11/22/2024,Beijin,Desktop,8.11,2.21,39.83,1414.87,YES,YES,TRUE
975,119,2856,199.13,18,3,0.0252,1614,11.06,11/27/2024,Canberra,Desktop,8.11,1.67,66.38,1414.87,YES,YES,FALSE
976,132,4479,199.13,10,5,0.0379,1614,19.91,11/6/2024,Cairo,Mobile,8.11,1.51,39.83,1414.87,YES,YES,FALSE
977,197,6182,199.13,27,5,0.0254,1614,7.38,11/12/2024,Baghdad,Mobile,8.11,1.01,39.83,1414.87,YES,YES,FALSE
978,94,3435,199.13,25,7,0.0745,1614,7.97,26-11-2024,Baghdad,Desktop,8.11,2.12,28.45,1414.87,YES,YES,TRUE
979,100,3171,199.13,26,10,0.1,1614,7.66,23-11-2024,Cairo,Desktop,8.11,1.99,19.91,1414.87,YES,YES,TRUE
980,124,4416,199.13,16,7,0.0565,1614,12.45,11/5/2024,Baghdad,Desktop,8.11,1.61,28.45,1414.87,YES,YES,TRUE
981,185,3773,199.13,23,7,0.0378,1614,8.66,23-11-2024,Baghdad,Mobile,8.11,1.08,28.45,1414.87,YES,YES,FALSE
982,119,5340,199.13,25,4,0.0336,1614,7.97,11/24/2024,London,Tablet,8.11,1.67,49.78,1414.87,YES,YES,FALSE
983,116,3004,199.13,30,5,0.0431,1614,6.64,11/19/2024,Rome,Desktop,8.11,1.72,39.83,1414.87,YES,YES,FALSE
984,109,5086,199.13,26,6,0.055,1614,7.66,15-11-2024,Paris,Mobile,8.11,1.83,33.19,1414.87,YES,YES,TRUE
985,99,5729,199.13,21,8,0.0808,1614,9.48,11/29/2024,Cairo,Desktop,8.11,2.01,24.89,1414.87,YES,YES,TRUE
986,130,3844,199.13,25,8,0.0615,1614,7.97,17-11-2024,Rome,Mobile,8.11,1.53,24.89,1414.87,YES,YES,TRUE
987,139,4736,199.13,14,6,0.0432,1614,14.22,11/9/2024,Cairo,Desktop,8.11,1.43,33.19,1414.87,YES,YES,FALSE
988,219,3423,199.13,10,8,0.0365,1614,19.91,16-11-2024,Riyad,Mobile,8.11,0.91,24.89,1414.87,YES,YES,FALSE
989,149,5569,199.13,27,6,0.0403,1614,7.38,11/5/2024,Paris,Desktop,8.11,1.34,33.19,1414.87,YES,YES,FALSE
990,155,5106,199.13,9,9,0.0581,1614,22.13,20-11-2024,Rome,Mobile,8.11,1.28,22.13,1414.87,YES,YES,TRUE
991,35,5082,199.13,25,9,0.2571,1614,7.97,11/21/2024,Tokyo,Desktop,8.11,5.69,22.13,1414.87,YES,YES,TRUE
992,100,5272,199.13,20,6,0.06,1614,9.96,14-11-2024,Tokyo,Desktop,8.11,1.99,33.19,1414.87,YES,YES,TRUE
993,202,2840,199.13,24,7,0.0347,1614,8.3,11/4/2024,Cairo,Tablet,8.11,0.99,28.45,1414.87,YES,YES,FALSE
994,155,3551,199.13,16,10,0.0645,1614,12.45,11/25/2024,Baghdad,Mobile,8.11,1.28,19.91,1414.87,YES,YES,TRUE
995,129,4640,199.13,20,7,0.0543,1614,9.96,11/5/2024,Tokyo,Desktop,8.11,1.54,28.45,1414.87,YES,YES,TRUE
996,100,2957,199.13,26,11,0.11,1614,7.66,23-11-2024,Cairo,Desktop,8.11,1.99,18.1,1414.87,YES,YES,TRUE
997,172,4955,199.13,26,7,0.0407,1614,7.66,11/11/2024,Baghdad,Tablet,8.11,1.16,28.45,1414.87,YES,YES,FALSE
998,90,4451,199.13,17,5,0.0556,1614,11.71,11/24/2024,Baghdad,Tablet,8.11,2.21,39.83,1414.87,YES,YES,TRUE
999,210,4094,199.13,9,7,0.0333,1614,22.13,16-11-2024,Riyad,Mobile,8.11,0.95,28.45,1414.87,YES,YES,FALSE
1000,179,4396,199.13,21,3,0.0168,1614,9.48,11/24/2024,Beyrouth,Tablet,8.11,1.11,66.38,1414.87,YES,YES,FALSE
1001,126,5558,199.13,21,9,0.0714,1614,9.48,11/8/2024,Baghdad,Desktop,8.11,1.58,22.13,1414.87,YES,YES,TRUE
1002,97,4984,199.13,13,8,0.0825,1614,15.32,11/16/2024,London,Desktop,8.11,2.05,24.89,1414.87,YES,YES,TRUE
1003,158,3045,199.13,31,8,0.0506,1614,6.42,11/22/2024,Cairo,Desktop,8.11,1.26,24.89,1414.87,YES,YES,TRUE
1004,125,4141,199.13,27,7,0.056,1614,7.38,11/20/2024,Tokyo,Desktop,8.11,1.59,28.45,1414.87,YES,YES,TRUE
1005,174,5813,199.13,13,6,0.0345,1614,15.32,11/2/2024,Riyad,Desktop,8.11,1.14,33.19,1414.87,YES,YES,FALSE
1006,194,6383,199.13,22,4,0.0206,1614,9.05,11/11/2024,Paris,Desktop,8.11,1.03,49.78,1414.87,YES,YES,FALSE
1007,176,3389,199.13,22,7,0.0398,1614,9.05,11/4/2024,Cairo,Tablet,8.11,1.13,28.45,1414.87,YES,YES,FALSE
1008,106,3973,199.13,26,6,0.0566,1614,7.66,11/14/2024,Paris,Desktop,8.11,1.88,33.19,1414.87,YES,YES,TRUE
1009,168,5052,199.13,19,9,0.0536,1614,10.48,12/11/2024,Cairo,Mobile,8.11,1.19,22.13,1414.87,YES,YES,TRUE
1010,133,4216,199.13,18,6,0.0451,1614,11.06,9/11/2024,Tokyo,Mobile,8.11,1.5,33.19,1414.87,YES,YES,FALSE
1011,156,3256,199.13,23,8,0.0513,1614,8.66,11/12/2024,Rome,Mobile,8.11,1.28,24.89,1414.87,YES,YES,TRUE
1012,104,4619,199.13,25,10,0.0962,1614,7.97,11/5/2024,Rome,Desktop,8.11,1.91,19.91,1414.87,YES,YES,TRUE
1013,141,3400,199.13,23,5,0.0355,1614,8.66,11/7/2024,Paris,Mobile,8.11,1.41,39.83,1414.87,YES,YES,FALSE
1014,81,6387,199.13,12,6,0.0741,1614,16.59,16-11-2024,Tokyo,Mobile,8.11,2.46,33.19,1414.87,YES,YES,TRUE
1015,205,5766,199.13,23,3,0.0146,1614,8.66,11/25/2024,Riyad,Tablet,8.11,0.97,66.38,1414.87,YES,YES,FALSE
1016,155,2698,199.13,18,3,0.0194,1614,11.06,11/11/2024,Baghdad,Mobile,8.11,1.28,66.38,1414.87,YES,YES,FALSE
1017,202,6261,199.13,17,4,0.0198,1614,11.71,11/11/2024,Paris,Desktop,8.11,0.99,49.78,1414.87,YES,YES,FALSE
1018,94,3295,199.13,32,7,0.0745,1614,6.22,26-11-2024,Baghdad,Desktop,8.11,2.12,28.45,1414.87,YES,YES,TRUE
1019,116,4682,199.13,28,6,0.0517,1614,7.11,11/5/2024,Rome,Tablet,8.11,1.72,33.19,1414.87,YES,YES,TRUE
1020,91,2795,199.13,26,9,0.0989,1614,7.66,11/20/2024,Tokyo,Tablet,8.11,2.19,22.13,1414.87,YES,YES,TRUE
1021,121,4077,199.13,30,10,0.0826,1614,6.64,11/20/2024,Cairo,Tablet,8.11,1.65,19.91,1414.87,YES,YES,TRUE
1022,182,5849,199.13,24,10,0.0549,1614,8.3,11/7/2024,Riyad,Tablet,8.11,1.09,19.91,1414.87,YES,YES,TRUE
1023,205,5074,199.13,14,6,0.0293,1614,14.22,11/16/2024,Baghdad,Mobile,8.11,0.97,33.19,1414.87,YES,YES,FALSE
1024,110,4785,199.13,26,6,0.0545,1614,7.66,15-11-2024,Paris,Mobile,8.11,1.81,33.19,1414.87,YES,YES,TRUE
1025,163,4437,199.13,11,10,0.0613,1614,18.1,11/4/2024,Cairo,Desktop,8.11,1.22,19.91,1414.87,YES,YES,TRUE
1026,87,3327,199.13,22,8,0.092,1614,9.05,11/20/2024,Tokyo,Tablet,8.11,2.29,24.89,1414.87,YES,YES,TRUE
1027,203,3457,199.13,17,8,0.0394,1614,11.71,11/14/2024,Riyad,Desktop,8.11,0.98,24.89,1414.87,YES,YES,FALSE
1028,109,3644,199.13,27,7,0.0642,1614,7.38,26-11-2024,Baghdad,Desktop,8.11,1.83,28.45,1414.87,YES,YES,TRUE
1029,199,5222,199.13,14,4,0.0201,1614,14.22,11/8/2024,Tokyo,Tablet,8.11,1,49.78,1414.87,YES,YES,FALSE
1030,102,4299,199.13,28,9,0.0882,1614,7.11,11/9/2024,Paris,Mobile,8.11,1.95,22.13,1414.87,YES,YES,TRUE
1031,150,5019,199.13,20,8,0.0533,1614,9.96,18-11-2024,Baghdad,Desktop,8.11,1.33,24.89,1414.87,YES,YES,TRUE
1032,103,3257,199.13,27,7,0.068,1614,7.38,26-11-2024,Baghdad,Desktop,8.11,1.93,28.45,1414.87,YES,YES,TRUE
1033,129,4538,199.13,13,5,0.0388,1614,15.32,11/6/2024,Cairo,Mobile,8.11,1.54,39.83,1414.87,YES,YES,FALSE
1034,126,5460,199.13,19,9,0.0714,1614,10.48,11/2/2024,Tokyo,Desktop,8.11,1.58,22.13,1414.87,YES,YES,TRUE
1035,102,4011,199.13,16,5,0.049,1614,12.45,11/5/2024,Cairo,Desktop,8.11,1.95,39.83,1414.87,YES,YES,FALSE
1036,196,5750,199.13,24,7,0.0357,1614,8.3,1/11/2024,Paris,Tablet,8.11,1.02,28.45,1414.87,YES,YES,FALSE
1037,174,3578,199.13,15,8,0.046,1614,13.28,11/14/2024,Riyad,Desktop,8.11,1.14,24.89,1414.87,YES,YES,FALSE
1038,87,4973,199.13,25,7,0.0805,1614,7.97,11/29/2024,Cairo,Desktop,8.11,2.29,28.45,1414.87,YES,YES,TRUE
1039,186,4879,199.13,11,9,0.0484,1614,18.1,11/4/2024,Cairo,Desktop,8.11,1.07,22.13,1414.87,YES,YES,FALSE
1040,191,5885,199.13,22,5,0.0262,1614,9.05,11/11/2024,Paris,Desktop,8.11,1.04,39.83,1414.87,YES,YES,FALSE
1041,106,4007,199.13,19,5,0.0472,1614,10.48,11/24/2024,Baghdad,Tablet,8.11,1.88,39.83,1414.87,YES,YES,FALSE
1042,111,4147,199.13,19,2,0.018,1614,10.48,11/16/2024,Cairo,Desktop,8.11,1.79,99.56,1414.87,YES,YES,FALSE
1043,99,5284,199.13,23,11,0.1111,1614,8.66,11/12/2024,Tokyo,Mobile,8.11,2.01,18.1,1414.87,YES,YES,TRUE
1044,130,3468,199.13,10,5,0.0385,1614,19.91,11/23/2024,Riyad,Tablet,8.11,1.53,39.83,1414.87,YES,YES,FALSE
1045,143,5182,199.13,23,3,0.021,1614,8.66,11/8/2024,Baghdad,Mobile,8.11,1.39,66.38,1414.87,YES,YES,FALSE
1046,195,3097,199.13,11,6,0.0308,1614,18.1,12/11/2024,Paris,Mobile,8.11,1.02,33.19,1414.87,YES,YES,FALSE
1047,128,3313,199.13,19,3,0.0234,1614,10.48,11/27/2024,Canberra,Desktop,8.11,1.56,66.38,1414.87,YES,YES,FALSE
1048,220,5514,199.13,28,3,0.0136,1614,7.11,11/25/2024,Riyad,Tablet,8.11,0.91,66.38,1414.87,YES,YES,FALSE
1049,180,4126,199.13,10,6,0.0333,1614,19.91,12/11/2024,Paris,Mobile,8.11,1.11,33.19,1414.87,YES,YES,FALSE
1050,186,3740,199.13,15,8,0.043,1614,13.28,11/14/2024,Riyad,Desktop,8.11,1.07,24.89,1414.87,YES,YES,FALSE
1051,120,4488,199.13,15,3,0.025,1614,13.28,11/23/2024,Tokyo,Mobile,8.11,1.66,66.38,1414.87,YES,YES,FALSE
1052,159,3087,199.13,26,8,0.0503,1614,7.66,11/12/2024,Rome,Mobile,8.11,1.25,24.89,1414.87,YES,YES,TRUE
1053,187,4410,199.13,15,4,0.0214,1614,13.28,11/8/2024,Tokyo,Tablet,8.11,1.06,49.78,1414.87,YES,YES,FALSE
1054,131,5312,199.13,17,9,0.0687,1614,11.71,11/8/2024,Baghdad,Desktop,8.11,1.52,22.13,1414.87,YES,YES,TRUE
1055,166,2912,199.13,21,7,0.0422,1614,9.48,29-11-2024,Paris,Desktop,8.11,1.2,28.45,1414.87,YES,YES,FALSE
1056,122,5211,199.13,23,7,0.0574,1614,8.66,11/5/2024,Rome,Tablet,8.11,1.63,28.45,1414.87,YES,YES,TRUE
1057,161,5669,199.13,25,6,0.0373,1614,7.97,11/11/2024,Baghdad,Tablet,8.11,1.24,33.19,1414.87,YES,YES,FALSE
1058,113,5552,199.13,25,9,0.0796,1614,7.97,11/12/2024,Tokyo,Mobile,8.11,1.76,22.13,1414.87,YES,YES,TRUE
1059,112,4034,199.13,26,10,0.0893,1614,7.66,11/20/2024,Cairo,Tablet,8.11,1.78,19.91,1414.87,YES,YES,TRUE
1060,180,4653,199.13,23,3,0.0167,1614,8.66,11/25/2024,Riyad,Tablet,8.11,1.11,66.38,1414.87,YES,YES,FALSE
1061,96,3724,199.13,25,6,0.0625,1614,7.97,11/14/2024,Paris,Desktop,8.11,2.07,33.19,1414.87,YES,YES,TRUE
1062,113,6089,199.13,21,8,0.0708,1614,9.48,11/29/2024,Cairo,Desktop,8.11,1.76,24.89,1414.87,YES,YES,TRUE
1063,121,4306,199.13,25,6,0.0496,1614,7.97,11/14/2024,Paris,Desktop,8.11,1.65,33.19,1414.87,YES,YES,FALSE
1064,134,5862,199.13,11,8,0.0597,1614,18.1,11/3/2024,Rome,Tablet,8.11,1.49,24.89,1414.87,YES,YES,TRUE
1065,152,3782,199.13,28,8,0.0526,1614,7.11,11/8/2024,Paris,Tablet,8.11,1.31,24.89,1414.87,YES,YES,TRUE
1066,204,3979,199.13,16,8,0.0392,1614,12.45,11/14/2024,Riyad,Desktop,8.11,0.98,24.89,1414.87,YES,YES,FALSE
1067,180,2748,199.13,17,3,0.0167,1614,11.71,11/11/2024,Baghdad,Mobile,8.11,1.11,66.38,1414.87,YES,YES,FALSE
1068,177,5719,199.13,20,7,0.0395,1614,9.96,16-11-2024,Baghdad,Tablet,8.11,1.13,28.45,1414.87,YES,YES,FALSE
1069,78,4717,199.13,23,4,0.0513,1614,8.66,12/11/2024,Tokyo,Tablet,8.11,2.55,49.78,1414.87,YES,YES,TRUE
1070,125,3475,199.13,12,6,0.048,1614,16.59,11/23/2024,Riyad,Tablet,8.11,1.59,33.19,1414.87,YES,YES,FALSE
1071,151,3023,199.13,18,6,0.0397,1614,11.06,11/26/2024,Baghdad,Tablet,8.11,1.32,33.19,1414.87,YES,YES,FALSE
1072,187,3854,199.13,16,4,0.0214,1614,12.45,11/8/2024,Tokyo,Tablet,8.11,1.06,49.78,1414.87,YES,YES,FALSE
1073,119,3823,199.13,28,10,0.084,1614,7.11,11/9/2024,Paris,Mobile,8.11,1.67,19.91,1414.87,YES,YES,TRUE
1074,158,5232,199.13,27,9,0.057,1614,7.38,11/24/2024,Baghdad,Mobile,8.11,1.26,22.13,1414.87,YES,YES,TRUE
1075,135,4683,199.13,24,3,0.0222,1614,8.3,11/8/2024,Baghdad,Mobile,8.11,1.48,66.38,1414.87,YES,YES,FALSE
1076,174,4183,199.13,10,10,0.0575,1614,19.91,11/4/2024,Cairo,Desktop,8.11,1.14,19.91,1414.87,YES,YES,TRUE
1077,104,5459,199.13,29,6,0.0577,1614,6.87,11/20/2024,Tokyo,Desktop,8.11,1.91,33.19,1414.87,YES,YES,TRUE
1078,177,3753,199.13,24,9,0.0508,1614,8.3,11/12/2024,Rome,Mobile,8.11,1.13,22.13,1414.87,YES,YES,TRUE
1079,212,5565,199.13,15,6,0.0283,1614,13.28,11/16/2024,Baghdad,Mobile,8.11,0.94,33.19,1414.87,YES,YES,FALSE
1080,98,5104,199.13,17,10,0.102,1614,11.71,1/11/2024,Tokyo,Desktop,8.11,2.03,19.91,1414.87,YES,YES,TRUE
1081,199,5687,199.13,12,6,0.0302,1614,16.59,11/16/2024,Baghdad,Mobile,8.11,1,33.19,1414.87,YES,YES,FALSE
1082,175,2873,199.13,19,3,0.0171,1614,10.48,11/11/2024,Baghdad,Mobile,8.11,1.14,66.38,1414.87,YES,YES,FALSE
1083,125,4760,199.13,10,5,0.04,1614,19.91,11/6/2024,Cairo,Mobile,8.11,1.59,39.83,1414.87,YES,YES,FALSE
1084,119,4362,199.13,17,6,0.0504,1614,11.71,11/5/2024,Baghdad,Desktop,8.11,1.67,33.19,1414.87,YES,YES,TRUE
1085,92,4556,199.13,13,7,0.0761,1614,15.32,11/5/2024,Cairo,Desktop,8.11,2.16,28.45,1414.87,YES,YES,TRUE
1086,194,3541,199.13,18,3,0.0155,1614,11.06,11/11/2024,Baghdad,Mobile,8.11,1.03,66.38,1414.87,YES,YES,FALSE
1087,98,4647,199.13,16,6,0.0612,1614,12.45,11/5/2024,Cairo,Desktop,8.11,2.03,33.19,1414.87,YES,YES,TRUE
1088,137,5478,199.13,21,9,0.0657,1614,9.48,11/8/2024,Baghdad,Desktop,8.11,1.45,22.13,1414.87,YES,YES,TRUE
1089,113,4631,199.13,11,5,0.0442,1614,18.1,22-11-2024,Tokyo,Desktop,8.11,1.76,39.83,1414.87,YES,YES,FALSE
1090,81,3874,199.13,10,2,0.0247,1614,19.91,20-11-2024,Tokyo,Tablet,8.11,2.46,99.56,1414.87,YES,YES,FALSE
1091,130,5092,199.13,24,6,0.0462,1614,8.3,11/5/2024,Rome,Tablet,8.11,1.53,33.19,1414.87,YES,YES,FALSE
1092,127,5787,199.13,23,8,0.063,1614,8.66,11/25/2024,Tokyo,Mobile,8.11,1.57,24.89,1414.87,YES,YES,TRUE
1093,132,4456,199.13,13,6,0.0455,1614,15.32,11/5/2024,Baghdad,Desktop,8.11,1.51,33.19,1414.87,YES,YES,FALSE
1094,159,5299,199.13,25,6,0.0377,1614,7.97,11/5/2024,Paris,Desktop,8.11,1.25,33.19,1414.87,YES,YES,FALSE
1095,137,4438,199.13,19,7,0.0511,1614,10.48,29-11-2024,Paris,Desktop,8.11,1.45,28.45,1414.87,YES,YES,TRUE
1096,112,5510,199.13,16,10,0.0893,1614,12.45,11/26/2024,Baghdad,Tablet,8.11,1.78,19.91,1414.87,YES,YES,TRUE
1097,182,3958,199.13,24,8,0.044,1614,8.3,23-11-2024,Baghdad,Mobile,8.11,1.09,24.89,1414.87,YES,YES,FALSE
1098,101,5247,199.13,17,9,0.0891,1614,11.71,11/26/2024,Baghdad,Tablet,8.11,1.97,22.13,1414.87,YES,YES,TRUE
1099,143,6777,199.13,11,8,0.0559,1614,18.1,11/7/2024,Tokyo,Desktop,8.11,1.39,24.89,1414.87,YES,YES,TRUE
1100,112,5260,199.13,28,6,0.0536,1614,7.11,11/15/2024,Riyad,Tablet,8.11,1.78,33.19,1414.87,YES,YES,TRUE
1101,103,4374,199.13,16,5,0.0485,1614,12.45,11/24/2024,Baghdad,Tablet,8.11,1.93,39.83,1414.87,YES,YES,FALSE
1102,74,4427,199.13,17,7,0.0946,1614,11.71,30-11-2024,Rome,Mobile,8.11,2.69,28.45,1414.87,YES,YES,TRUE
1103,131,4412,199.13,15,6,0.0458,1614,13.28,11/9/2024,Cairo,Desktop,8.11,1.52,33.19,1414.87,YES,YES,FALSE
1104,118,5013,199.13,19,3,0.0254,1614,10.48,21-11-2024,Baghdad,Desktop,8.11,1.69,66.38,1414.87,YES,YES,FALSE
1105,175,6424,199.13,14,6,0.0343,1614,14.22,11/2/2024,Riyad,Desktop,8.11,1.14,33.19,1414.87,YES,YES,FALSE
1106,119,2958,199.13,18,3,0.0252,1614,11.06,11/27/2024,Canberra,Desktop,8.11,1.67,66.38,1414.87,YES,YES,FALSE
1107,94,5661,199.13,20,8,0.0851,1614,9.96,20-11-2024,Riyad,Tablet,8.11,2.12,24.89,1414.87,YES,YES,TRUE
1108,108,3318,199.13,29,7,0.0648,1614,6.87,11/19/2024,Rome,Desktop,8.11,1.84,28.45,1414.87,YES,YES,TRUE
1109,214,5849,199.13,27,5,0.0234,1614,7.38,11/12/2024,Baghdad,Mobile,8.11,0.93,39.83,1414.87,YES,YES,FALSE
1110,145,4937,199.13,16,6,0.0414,1614,12.45,11/9/2024,Cairo,Desktop,8.11,1.37,33.19,1414.87,YES,YES,FALSE
1111,174,4226,199.13,15,9,0.0517,1614,13.28,11/25/2024,Baghdad,Mobile,8.11,1.14,22.13,1414.87,YES,YES,TRUE
1112,40,5463,199.13,19,12,0.3,1614,10.48,11/21/2024,Tokyo,Desktop,8.11,4.98,16.59,1414.87,YES,YES,TRUE
1113,142,5111,199.13,15,7,0.0493,1614,13.28,11/25/2024,Rome,Mobile,8.11,1.4,28.45,1414.87,YES,YES,FALSE
1114,89,3332,199.13,12,3,0.0337,1614,16.59,20-11-2024,Tokyo,Tablet,8.11,2.24,66.38,1414.87,YES,YES,FALSE
1115,121,4933,199.13,12,5,0.0413,1614,16.59,22-11-2024,Tokyo,Desktop,8.11,1.65,39.83,1414.87,YES,YES,FALSE
1116,166,3066,199.13,15,9,0.0542,1614,13.28,11/25/2024,Baghdad,Mobile,8.11,1.2,22.13,1414.87,YES,YES,TRUE
1117,118,6031,199.13,11,8,0.0678,1614,18.1,11/3/2024,Rome,Tablet,8.11,1.69,24.89,1414.87,YES,YES,TRUE
1118,93,5995,199.13,11,6,0.0645,1614,18.1,16-11-2024,Tokyo,Mobile,8.11,2.14,33.19,1414.87,YES,YES,TRUE
1119,108,3393,199.13,18,10,0.0926,1614,11.06,21-11-2024,Baghdad,Mobile,8.11,1.84,19.91,1414.87,YES,YES,TRUE
1120,180,3895,199.13,28,9,0.05,1614,7.11,11/22/2024,Cairo,Desktop,8.11,1.11,22.13,1414.87,YES,YES,TRUE
1121,94,3400,199.13,24,5,0.0532,1614,8.3,11/22/2024,Beijin,Desktop,8.11,2.12,39.83,1414.87,YES,YES,TRUE
1122,195,3740,199.13,9,7,0.0359,1614,22.13,16-11-2024,Riyad,Mobile,8.11,1.02,28.45,1414.87,YES,YES,FALSE
1123,184,5319,199.13,23,3,0.0163,1614,8.66,11/24/2024,Beyrouth,Tablet,8.11,1.08,66.38,1414.87,YES,YES,FALSE
1124,148,4680,199.13,31,7,0.0473,1614,6.42,3/11/2024,Riyad,Tablet,8.11,1.35,28.45,1414.87,YES,YES,FALSE
1125,119,3628,199.13,30,6,0.0504,1614,6.64,11/19/2024,Rome,Desktop,8.11,1.67,33.19,1414.87,YES,YES,TRUE
1126,172,4844,199.13,31,8,0.0465,1614,6.42,11/28/2024,Rome,Mobile,8.11,1.16,24.89,1414.87,YES,YES,FALSE
1127,192,4093,199.13,11,7,0.0365,1614,18.1,16-11-2024,Riyad,Mobile,8.11,1.04,28.45,1414.87,YES,YES,FALSE
1128,161,4791,199.13,21,3,0.0186,1614,9.48,11/24/2024,Beyrouth,Tablet,8.11,1.24,66.38,1414.87,YES,YES,FALSE
1129,128,5871,199.13,19,3,0.0234,1614,10.48,11/23/2024,Tokyo,Mobile,8.11,1.56,66.38,1414.87,YES,YES,FALSE
1130,177,6064,199.13,13,6,0.0339,1614,15.32,11/16/2024,Baghdad,Mobile,8.11,1.13,33.19,1414.87,YES,YES,FALSE
1131,152,6176,199.13,22,7,0.0461,1614,9.05,11/3/2024,Tokyo,Tablet,8.11,1.31,28.45,1414.87,YES,YES,FALSE
1132,111,3054,199.13,22,11,0.0991,1614,9.05,21-11-2024,Baghdad,Mobile,8.11,1.79,18.1,1414.87,YES,YES,TRUE
1133,155,4109,199.13,16,9,0.0581,1614,12.45,12/11/2024,Cairo,Mobile,8.11,1.28,22.13,1414.87,YES,YES,TRUE
1134,171,3980,199.13,30,9,0.0526,1614,6.64,12/11/2024,Cairo,Tablet,8.11,1.16,22.13,1414.87,YES,YES,TRUE
1135,118,3991,199.13,11,5,0.0424,1614,18.1,22-11-2024,Tokyo,Desktop,8.11,1.69,39.83,1414.87,YES,YES,FALSE
1136,98,4656,199.13,16,6,0.0612,1614,12.45,6/11/2024,Paris,Tablet,8.11,2.03,33.19,1414.87,YES,YES,TRUE
1137,86,3484,199.13,28,10,0.1163,1614,7.11,23-11-2024,Cairo,Desktop,8.11,2.32,19.91,1414.87,YES,YES,TRUE
1138,125,4493,199.13,17,10,0.08,1614,11.71,11/20/2024,Riyad,Tablet,8.11,1.59,19.91,1414.87,YES,YES,TRUE
1139,159,4931,199.13,10,9,0.0566,1614,19.91,20-11-2024,Rome,Mobile,8.11,1.25,22.13,1414.87,YES,YES,TRUE
1140,207,5286,199.13,21,6,0.029,1614,9.48,1/11/2024,Paris,Tablet,8.11,0.96,33.19,1414.87,YES,YES,FALSE
1141,159,4488,199.13,30,8,0.0503,1614,6.64,11/28/2024,Rome,Mobile,8.11,1.25,24.89,1414.87,YES,YES,TRUE
1142,181,2888,199.13,24,7,0.0387,1614,8.3,11/4/2024,Cairo,Tablet,8.11,1.1,28.45,1414.87,YES,YES,FALSE
1143,165,4070,199.13,21,3,0.0182,1614,9.48,11/23/2024,Rome,Desktop,8.11,1.21,66.38,1414.87,YES,YES,FALSE
1144,117,4019,199.13,26,7,0.0598,1614,7.66,11/14/2024,Paris,Desktop,8.11,1.7,28.45,1414.87,YES,YES,TRUE
1145,124,5020,199.13,20,6,0.0484,1614,9.96,9/11/2024,Tokyo,Mobile,8.11,1.61,33.19,1414.87,YES,YES,FALSE
1146,174,2938,199.13,20,7,0.0402,1614,9.96,11/4/2024,Cairo,Tablet,8.11,1.14,28.45,1414.87,YES,YES,FALSE
1147,93,6280,199.13,21,8,0.086,1614,9.48,11/29/2024,Cairo,Desktop,8.11,2.14,24.89,1414.87,YES,YES,TRUE
1148,89,3601,199.13,12,3,0.0337,1614,16.59,20-11-2024,Tokyo,Tablet,8.11,2.24,66.38,1414.87,YES,YES,FALSE
1149,150,5367,199.13,19,7,0.0467,1614,10.48,16-11-2024,Baghdad,Tablet,8.11,1.33,28.45,1414.87,YES,YES,FALSE
1150,143,5486,199.13,27,8,0.0559,1614,7.38,11/10/2024,Cairo,Desktop,8.11,1.39,24.89,1414.87,YES,YES,TRUE
1151,151,3105,199.13,19,3,0.0199,1614,10.48,11/27/2024,Canberra,Desktop,8.11,1.32,66.38,1414.87,YES,YES,FALSE
1152,112,3405,199.13,16,5,0.0446,1614,12.45,11/24/2024,Baghdad,Tablet,8.11,1.78,39.83,1414.87,YES,YES,FALSE
1153,154,5192,199.13,10,8,0.0519,1614,19.91,11/7/2024,Tokyo,Desktop,8.11,1.29,24.89,1414.87,YES,YES,TRUE
1154,191,5365,199.13,29,6,0.0314,1614,6.87,11/12/2024,Baghdad,Mobile,8.11,1.04,33.19,1414.87,YES,YES,FALSE
1155,95,3744,199.13,19,4,0.0421,1614,10.48,11/28/2024,Riyad,Tablet,8.11,2.1,49.78,1414.87,YES,YES,FALSE
1156,165,5496,199.13,24,3,0.0182,1614,8.3,11/24/2024,Beyrouth,Tablet,8.11,1.21,66.38,1414.87,YES,YES,FALSE
1157,129,4640,199.13,20,7,0.0543,1614,9.96,11/5/2024,Tokyo,Desktop,8.11,1.54,28.45,1414.87,YES,YES,TRUE
1158,102,4652,199.13,28,4,0.0392,1614,7.11,15-11-2024,Paris,Mobile,8.11,1.95,49.78,1414.87,YES,YES,FALSE
1159,93,4256,199.13,25,11,0.1183,1614,7.97,11/5/2024,Rome,Desktop,8.11,2.14,18.1,1414.87,YES,YES,TRUE
1160,112,4325,199.13,29,11,0.0982,1614,6.87,11/9/2024,Paris,Mobile,8.11,1.78,18.1,1414.87,YES,YES,TRUE
1161,103,5501,199.13,12,5,0.0485,1614,16.59,22-11-2024,Tokyo,Desktop,8.11,1.93,39.83,1414.87,YES,YES,FALSE
1162,89,4608,199.13,28,9,0.1011,1614,7.11,11/5/2024,Rome,Desktop,8.11,2.24,22.13,1414.87,YES,YES,TRUE
1163,123,4923,199.13,18,3,0.0244,1614,11.06,11/16/2024,Cairo,Desktop,8.11,1.62,66.38,1414.87,YES,YES,FALSE
1164,168,4813,199.13,11,11,0.0655,1614,18.1,11/4/2024,Cairo,Desktop,8.11,1.19,18.1,1414.87,YES,YES,TRUE
1165,169,3116,199.13,27,6,0.0355,1614,7.38,11/4/2024,Cairo,Tablet,8.11,1.18,33.19,1414.87,YES,YES,FALSE
1166,120,3968,199.13,28,4,0.0333,1614,7.11,11/8/2024,Rome,Mobile,8.11,1.66,49.78,1414.87,YES,YES,FALSE
1167,178,4359,199.13,18,10,0.0562,1614,11.06,11/26/2024,Tokyo,Mobile,8.11,1.12,19.91,1414.87,YES,YES,TRUE
1168,94,5512,199.13,24,8,0.0851,1614,8.3,20-11-2024,Riyad,Tablet,8.11,2.12,24.89,1414.87,YES,YES,TRUE
1169,114,3891,199.13,28,9,0.0789,1614,7.11,11/20/2024,Cairo,Tablet,8.11,1.75,22.13,1414.87,YES,YES,TRUE
1170,184,5736,199.13,19,8,0.0435,1614,10.48,11/3/2024,Tokyo,Tablet,8.11,1.08,24.89,1414.87,YES,YES,FALSE
1171,171,4548,199.13,10,8,0.0468,1614,19.91,20-11-2024,Rome,Mobile,8.11,1.16,24.89,1414.87,YES,YES,FALSE
1172,82,4093,199.13,24,10,0.122,1614,8.3,4/11/2024,Cairo,Desktop,8.11,2.43,19.91,1414.87,YES,YES,TRUE
1173,177,4115,199.13,31,7,0.0395,1614,6.42,11/8/2024,Paris,Tablet,8.11,1.13,28.45,1414.87,YES,YES,FALSE
1174,135,4409,199.13,36,4,0.0296,1614,5.53,11/8/2024,Rome,Mobile,8.11,1.48,49.78,1414.87,YES,YES,FALSE
1175,112,5274,199.13,16,10,0.0893,1614,12.45,11/26/2024,Baghdad,Tablet,8.11,1.78,19.91,1414.87,YES,YES,TRUE
1176,143,5298,199.13,25,3,0.021,1614,7.97,11/8/2024,Baghdad,Mobile,8.11,1.39,66.38,1414.87,YES,YES,FALSE
1177,181,5034,199.13,16,9,0.0497,1614,12.45,11/10/2024,Riyad,Mobile,8.11,1.1,22.13,1414.87,YES,YES,TRUE
1178,168,3230,199.13,25,7,0.0417,1614,7.97,11/4/2024,Cairo,Tablet,8.11,1.19,28.45,1414.87,YES,YES,FALSE
1179,205,4799,199.13,14,8,0.039,1614,14.22,11/10/2024,Riyad,Mobile,8.11,0.97,24.89,1414.87,YES,YES,FALSE
1180,117,3951,199.13,27,11,0.094,1614,7.38,11/9/2024,Paris,Mobile,8.11,1.7,18.1,1414.87,YES,YES,TRUE
1181,116,4328,199.13,9,8,0.069,1614,22.13,11/3/2024,Rome,Tablet,8.11,1.72,24.89,1414.87,YES,YES,TRUE
1182,115,3326,199.13,11,6,0.0522,1614,18.1,11/23/2024,Riyad,Tablet,8.11,1.73,33.19,1414.87,YES,YES,TRUE
1183,129,4640,199.13,20,7,0.0543,1614,9.96,11/5/2024,Tokyo,Desktop,8.11,1.54,28.45,1414.87,YES,YES,TRUE
1184,119,3807,199.13,18,5,0.042,1614,11.06,11/28/2024,Riyad,Tablet,8.11,1.67,39.83,1414.87,YES,YES,FALSE
1185,112,4041,199.13,20,4,0.0357,1614,9.96,21-11-2024,Baghdad,Desktop,8.11,1.78,49.78,1414.87,YES,YES,FALSE
1186,197,3928,199.13,9,9,0.0457,1614,22.13,11/21/2024,Paris,Tablet,8.11,1.01,22.13,1414.87,YES,YES,FALSE
1187,111,6033,199.13,11,8,0.0721,1614,18.1,11/3/2024,Rome,Tablet,8.11,1.79,24.89,1414.87,YES,YES,TRUE
1188,141,4983,199.13,14,6,0.0426,1614,14.22,11/25/2024,Rome,Mobile,8.11,1.41,33.19,1414.87,YES,YES,FALSE
1189,129,4640,199.13,20,7,0.0543,1614,9.96,11/5/2024,Tokyo,Desktop,8.11,1.54,28.45,1414.87,YES,YES,TRUE
1190,104,4289,199.13,14,6,0.0577,1614,14.22,11/5/2024,Cairo,Desktop,8.11,1.91,33.19,1414.87,YES,YES,TRUE
1191,185,4300,199.13,11,10,0.0541,1614,18.1,11/4/2024,Cairo,Desktop,8.11,1.08,19.91,1414.87,YES,YES,TRUE
1192,196,6221,199.13,28,5,0.0255,1614,7.11,11/12/2024,Baghdad,Mobile,8.11,1.02,39.83,1414.87,YES,YES,FALSE
1193,103,5237,199.13,28,5,0.0485,1614,7.11,15-11-2024,Paris,Mobile,8.11,1.93,39.83,1414.87,YES,YES,FALSE
1194,130,3316,199.13,29,6,0.0462,1614,6.87,11/19/2024,Rome,Desktop,8.11,1.53,33.19,1414.87,YES,YES,FALSE
1195,210,4024,199.13,18,11,0.0524,1614,11.06,11/26/2024,Tokyo,Mobile,8.11,0.95,18.1,1414.87,YES,YES,TRUE
1196,171,5307,199.13,18,8,0.0468,1614,11.06,11/3/2024,Tokyo,Tablet,8.11,1.16,24.89,1414.87,YES,YES,FALSE
1197,114,5711,199.13,31,4,0.0351,1614,6.42,11/24/2024,London,Tablet,8.11,1.75,49.78,1414.87,YES,YES,FALSE
1198,108,5339,199.13,11,9,0.0833,1614,18.1,11/3/2024,Rome,Tablet,8.11,1.84,22.13,1414.87,YES,YES,TRUE
1199,123,4165,199.13,29,4,0.0325,1614,6.87,11/8/2024,Rome,Mobile,8.11,1.62,49.78,1414.87,YES,YES,FALSE
1200,175,3257,199.13,33,8,0.0457,1614,6.03,11/22/2024,Cairo,Desktop,8.11,1.14,24.89,1414.87,YES,YES,FALSE
1201,137,3690,199.13,20,7,0.0511,1614,9.96,29-11-2024,Paris,Desktop,8.11,1.45,28.45,1414.87,YES,YES,TRUE
1202,162,4277,199.13,28,10,0.0617,1614,7.11,11/24/2024,Baghdad,Mobile,8.11,1.23,19.91,1414.87,YES,YES,TRUE
1203,124,4347,199.13,23,3,0.0242,1614,8.66,11/8/2024,Baghdad,Mobile,8.11,1.61,66.38,1414.87,YES,YES,FALSE
1204,105,3484,199.13,13,6,0.0571,1614,15.32,11/23/2024,Riyad,Tablet,8.11,1.9,33.19,1414.87,YES,YES,TRUE
1205,88,5882,199.13,26,8,0.0909,1614,7.66,11/29/2024,Cairo,Desktop,8.11,2.26,24.89,1414.87,YES,YES,TRUE
1206,198,4141,199.13,15,4,0.0202,1614,13.28,11/8/2024,Tokyo,Tablet,8.11,1.01,49.78,1414.87,YES,YES,FALSE
1207,184,3205,199.13,21,5,0.0272,1614,9.48,11/7/2024,Paris,Mobile,8.11,1.08,39.83,1414.87,YES,YES,FALSE
1208,84,4040,199.13,12,3,0.0357,1614,16.59,20-11-2024,Tokyo,Tablet,8.11,2.37,66.38,1414.87,YES,YES,FALSE
1209,94,4935,199.13,18,10,0.1064,1614,11.06,11/20/2024,Riyad,Tablet,8.11,2.12,19.91,1414.87,YES,YES,TRUE
1210,196,3815,199.13,15,7,0.0357,1614,13.28,11/14/2024,Riyad,Desktop,8.11,1.02,28.45,1414.87,YES,YES,FALSE
1211,147,3107,199.13,30,9,0.0612,1614,6.64,11/22/2024,Cairo,Desktop,8.11,1.35,22.13,1414.87,YES,YES,TRUE
1212,204,3640,199.13,21,7,0.0343,1614,9.48,23-11-2024,Baghdad,Mobile,8.11,0.98,28.45,1414.87,YES,YES,FALSE
1213,184,5913,199.13,29,5,0.0272,1614,6.87,30-11-2024,Tokyo,Tablet,8.11,1.08,39.83,1414.87,YES,YES,FALSE
1214,138,5318,199.13,25,7,0.0507,1614,7.97,11/5/2024,Paris,Desktop,8.11,1.44,28.45,1414.87,YES,YES,TRUE
1215,85,3303,199.13,22,9,0.1059,1614,9.05,11/13/2024,Tokyo,Mobile,8.11,2.34,22.13,1414.87,YES,YES,TRUE
1216,154,4821,199.13,25,6,0.039,1614,7.97,11/5/2024,Paris,Desktop,8.11,1.29,33.19,1414.87,YES,YES,FALSE
1217,108,3643,199.13,18,10,0.0926,1614,11.06,21-11-2024,Baghdad,Mobile,8.11,1.84,19.91,1414.87,YES,YES,TRUE
1218,129,4640,199.13,20,7,0.0543,1614,9.96,11/5/2024,Tokyo,Desktop,8.11,1.54,28.45,1414.87,YES,YES,TRUE
1219,176,3074,199.13,18,4,0.0227,1614,11.06,11/11/2024,Baghdad,Mobile,8.11,1.13,49.78,1414.87,YES,YES,FALSE
1220,147,3767,199.13,30,8,0.0544,1614,6.64,12/11/2024,Cairo,Tablet,8.11,1.35,24.89,1414.87,YES,YES,TRUE
1221,113,3997,199.13,20,10,0.0885,1614,9.96,21-11-2024,Baghdad,Mobile,8.11,1.76,19.91,1414.87,YES,YES,TRUE
1222,148,4852,199.13,10,9,0.0608,1614,19.91,20-11-2024,Rome,Mobile,8.11,1.35,22.13,1414.87,YES,YES,TRUE
1223,109,5991,199.13,28,4,0.0367,1614,7.11,11/24/2024,London,Tablet,8.11,1.83,49.78,1414.87,YES,YES,FALSE
1224,42,4976,199.13,19,9,0.2143,1614,10.48,11/21/2024,Tokyo,Desktop,8.11,4.74,22.13,1414.87,YES,YES,TRUE
1225,89,4048,199.13,14,3,0.0337,1614,14.22,20-11-2024,Tokyo,Tablet,8.11,2.24,66.38,1414.87,YES,YES,FALSE
1226,117,6388,199.13,11,7,0.0598,1614,18.1,11/3/2024,Rome,Tablet,8.11,1.7,28.45,1414.87,YES,YES,TRUE
1227,122,3215,199.13,33,5,0.041,1614,6.03,11/19/2024,Rome,Desktop,8.11,1.63,39.83,1414.87,YES,YES,FALSE
1228,190,4877,199.13,19,3,0.0158,1614,10.48,11/23/2024,Rome,Desktop,8.11,1.05,66.38,1414.87,YES,YES,FALSE
1229,125,3905,199.13,25,10,0.08,1614,7.97,11/20/2024,Cairo,Tablet,8.11,1.59,19.91,1414.87,YES,YES,TRUE
1230,108,4461,199.13,19,3,0.0278,1614,10.48,21-11-2024,Baghdad,Desktop,8.11,1.84,66.38,1414.87,YES,YES,FALSE
1231,106,4355,199.13,15,6,0.0566,1614,13.28,11/5/2024,Cairo,Desktop,8.11,1.88,33.19,1414.87,YES,YES,TRUE
1232,119,4658,199.13,28,6,0.0504,1614,7.11,11/14/2024,Paris,Desktop,8.11,1.67,33.19,1414.87,YES,YES,TRUE
1233,133,6176,199.13,26,8,0.0602,1614,7.66,11/10/2024,Cairo,Desktop,8.11,1.5,24.89,1414.87,YES,YES,TRUE
1234,113,4970,199.13,13,6,0.0531,1614,15.32,11/25/2024,Rome,Mobile,8.11,1.76,33.19,1414.87,YES,YES,TRUE
1235,102,4726,199.13,23,11,0.1078,1614,8.66,11/5/2024,Rome,Desktop,8.11,1.95,18.1,1414.87,YES,YES,TRUE
1236,173,5172,199.13,27,7,0.0405,1614,7.38,11/11/2024,Baghdad,Tablet,8.11,1.15,28.45,1414.87,YES,YES,FALSE
1237,212,3623,199.13,9,8,0.0377,1614,22.13,16-11-2024,Riyad,Mobile,8.11,0.94,24.89,1414.87,YES,YES,FALSE
1238,152,4438,199.13,24,7,0.0461,1614,8.3,12/11/2024,Cairo,Tablet,8.11,1.31,28.45,1414.87,YES,YES,FALSE
1239,114,5227,199.13,18,5,0.0439,1614,11.06,9/11/2024,Tokyo,Mobile,8.11,1.75,39.83,1414.87,YES,YES,FALSE
1240,101,3196,199.13,28,11,0.1089,1614,7.11,23-11-2024,Cairo,Desktop,8.11,1.97,18.1,1414.87,YES,YES,TRUE
1241,95,3468,199.13,34,7,0.0737,1614,5.86,26-11-2024,Baghdad,Desktop,8.11,2.1,28.45,1414.87,YES,YES,TRUE
1242,166,5762,199.13,25,9,0.0542,1614,7.97,11/7/2024,Riyad,Tablet,8.11,1.2,22.13,1414.87,YES,YES,TRUE
1243,125,6062,199.13,26,8,0.064,1614,7.66,11/25/2024,Tokyo,Mobile,8.11,1.59,24.89,1414.87,YES,YES,TRUE
1244,124,4336,199.13,23,5,0.0403,1614,8.66,11/1/2024,Riyad,Tablet,8.11,1.61,39.83,1414.87,YES,YES,FALSE
1245,114,3173,199.13,29,6,0.0526,1614,6.87,11/19/2024,Rome,Desktop,8.11,1.75,33.19,1414.87,YES,YES,TRUE
1246,195,5971,199.13,23,7,0.0359,1614,8.66,11/3/2024,Tokyo,Tablet,8.11,1.02,28.45,1414.87,YES,YES,FALSE
1247,193,5237,199.13,24,9,0.0466,1614,8.3,11/24/2024,Baghdad,Mobile,8.11,1.03,22.13,1414.87,YES,YES,FALSE
1248,102,4639,199.13,15,11,0.1078,1614,13.28,11/26/2024,Baghdad,Tablet,8.11,1.95,18.1,1414.87,YES,YES,TRUE
1249,96,4439,199.13,25,10,0.1042,1614,7.97,11/5/2024,Rome,Desktop,8.11,2.07,19.91,1414.87,YES,YES,TRUE
1250,124,5166,199.13,19,3,0.0242,1614,10.48,11/16/2024,Cairo,Desktop,8.11,1.61,66.38,1414.87,YES,YES,FALSE
1251,199,4090,199.13,18,3,0.0151,1614,11.06,11/23/2024,Rome,Desktop,8.11,1,66.38,1414.87,YES,YES,FALSE
1252,118,5021,199.13,20,5,0.0424,1614,9.96,9/11/2024,Tokyo,Mobile,8.11,1.69,39.83,1414.87,YES,YES,FALSE
1253,185,6354,199.13,27,5,0.027,1614,7.38,11/12/2024,Baghdad,Mobile,8.11,1.08,39.83,1414.87,YES,YES,FALSE
1254,163,3559,199.13,22,8,0.0491,1614,9.05,29-11-2024,Paris,Desktop,8.11,1.22,24.89,1414.87,YES,YES,FALSE
1255,105,3969,199.13,20,12,0.1143,1614,9.96,11/20/2024,Riyad,Tablet,8.11,1.9,16.59,1414.87,YES,YES,TRUE
1256,199,4331,199.13,17,4,0.0201,1614,11.71,11/8/2024,Tokyo,Tablet,8.11,1,49.78,1414.87,YES,YES,FALSE
1257,158,3027,199.13,17,3,0.019,1614,11.71,11/11/2024,Baghdad,Mobile,8.11,1.26,66.38,1414.87,YES,YES,FALSE
1258,123,2773,199.13,19,3,0.0244,1614,10.48,11/27/2024,Canberra,Desktop,8.11,1.62,66.38,1414.87,YES,YES,FALSE
1259,107,3214,199.13,26,6,0.0561,1614,7.66,11/19/2024,Rome,Desktop,8.11,1.86,33.19,1414.87,YES,YES,TRUE
1260,82,5142,199.13,10,6,0.0732,1614,19.91,16-11-2024,Tokyo,Mobile,8.11,2.43,33.19,1414.87,YES,YES,TRUE
1261,129,6346,199.13,26,9,0.0698,1614,7.66,11/25/2024,Tokyo,Mobile,8.11,1.54,22.13,1414.87,YES,YES,TRUE
1262,143,6030,199.13,18,7,0.049,1614,11.06,18-11-2024,Baghdad,Desktop,8.11,1.39,28.45,1414.87,YES,YES,FALSE
1263,187,5435,199.13,27,5,0.0267,1614,7.38,11/12/2024,Baghdad,Mobile,8.11,1.06,39.83,1414.87,YES,YES,FALSE
1264,116,3360,199.13,29,6,0.0517,1614,6.87,11/19/2024,Rome,Desktop,8.11,1.72,33.19,1414.87,YES,YES,TRUE
1265,111,4565,199.13,16,10,0.0901,1614,12.45,11/26/2024,Baghdad,Tablet,8.11,1.79,19.91,1414.87,YES,YES,TRUE
1266,161,3233,199.13,13,11,0.0683,1614,15.32,11/25/2024,Baghdad,Mobile,8.11,1.24,18.1,1414.87,YES,YES,TRUE
1267,109,6178,199.13,21,6,0.055,1614,9.48,14-11-2024,Tokyo,Desktop,8.11,1.83,33.19,1414.87,YES,YES,TRUE
1268,71,4374,199.13,26,9,0.1268,1614,7.66,11/16/2024,Beyrouth,Tablet,8.11,2.8,22.13,1414.87,YES,YES,TRUE
1269,88,5422,199.13,24,10,0.1136,1614,8.3,11/12/2024,Tokyo,Mobile,8.11,2.26,19.91,1414.87,YES,YES,TRUE
1270,129,4640,199.13,20,7,0.0543,1614,9.96,11/5/2024,Tokyo,Desktop,8.11,1.54,28.45,1414.87,YES,YES,TRUE
1271,111,3652,199.13,12,6,0.0541,1614,16.59,11/23/2024,Riyad,Tablet,8.11,1.79,33.19,1414.87,YES,YES,TRUE
1272,191,2673,199.13,25,8,0.0419,1614,7.97,23-11-2024,Baghdad,Mobile,8.11,1.04,24.89,1414.87,YES,YES,FALSE
1273,189,3489,199.13,24,7,0.037,1614,8.3,23-11-2024,Baghdad,Mobile,8.11,1.05,28.45,1414.87,YES,YES,FALSE
1274,167,4288,199.13,15,10,0.0599,1614,13.28,11/26/2024,Tokyo,Mobile,8.11,1.19,19.91,1414.87,YES,YES,TRUE
1275,143,4197,199.13,17,9,0.0629,1614,11.71,12/11/2024,Cairo,Mobile,8.11,1.39,22.13,1414.87,YES,YES,TRUE
1276,102,4809,199.13,15,8,0.0784,1614,13.28,11/16/2024,London,Desktop,8.11,1.95,24.89,1414.87,YES,YES,TRUE
1277,132,6149,199.13,21,7,0.053,1614,9.48,11/25/2024,Tokyo,Mobile,8.11,1.51,28.45,1414.87,YES,YES,TRUE
1278,106,4493,199.13,11,5,0.0472,1614,18.1,22-11-2024,Tokyo,Desktop,8.11,1.88,39.83,1414.87,YES,YES,FALSE
1279,144,6162,199.13,30,6,0.0417,1614,6.64,11/5/2024,Paris,Desktop,8.11,1.38,33.19,1414.87,YES,YES,FALSE
1280,121,4717,199.13,18,10,0.0826,1614,11.06,11/2/2024,Tokyo,Desktop,8.11,1.65,19.91,1414.87,YES,YES,TRUE
1281,101,5012,199.13,28,8,0.0792,1614,7.11,11/16/2024,Beyrouth,Tablet,8.11,1.97,24.89,1414.87,YES,YES,TRUE
1282,162,5150,199.13,24,8,0.0494,1614,8.3,11/11/2024,Baghdad,Tablet,8.11,1.23,24.89,1414.87,YES,YES,FALSE
1283,103,5665,199.13,21,8,0.0777,1614,9.48,20-11-2024,Riyad,Tablet,8.11,1.93,24.89,1414.87,YES,YES,TRUE
1284,136,4780,199.13,19,3,0.0221,1614,10.48,11/16/2024,Cairo,Desktop,8.11,1.46,66.38,1414.87,YES,YES,FALSE
1285,108,4853,199.13,26,5,0.0463,1614,7.66,15-11-2024,Paris,Mobile,8.11,1.84,39.83,1414.87,YES,YES,FALSE
1286,111,4492,199.13,30,10,0.0901,1614,6.64,11/9/2024,Paris,Mobile,8.11,1.79,19.91,1414.87,YES,YES,TRUE
1287,110,4692,199.13,11,5,0.0455,1614,18.1,22-11-2024,Tokyo,Desktop,8.11,1.81,39.83,1414.87,YES,YES,FALSE
1288,177,4230,199.13,14,10,0.0565,1614,14.22,11/4/2024,Cairo,Desktop,8.11,1.13,19.91,1414.87,YES,YES,TRUE
1289,177,4901,199.13,17,7,0.0395,1614,11.71,16-11-2024,Baghdad,Tablet,8.11,1.13,28.45,1414.87,YES,YES,FALSE
1290,198,5105,199.13,13,6,0.0303,1614,15.32,11/16/2024,Baghdad,Mobile,8.11,1.01,33.19,1414.87,YES,YES,FALSE
1291,106,4204,199.13,13,7,0.066,1614,15.32,11/16/2024,London,Desktop,8.11,1.88,28.45,1414.87,YES,YES,TRUE
1292,102,3878,199.13,29,7,0.0686,1614,6.87,11/14/2024,Paris,Desktop,8.11,1.95,28.45,1414.87,YES,YES,TRUE
1293,118,5285,199.13,17,3,0.0254,1614,11.71,11/23/2024,Tokyo,Mobile,8.11,1.69,66.38,1414.87,YES,YES,FALSE
1294,175,4584,199.13,18,8,0.0457,1614,11.06,12/11/2024,Cairo,Mobile,8.11,1.14,24.89,1414.87,YES,YES,FALSE
1295,177,3035,199.13,22,8,0.0452,1614,9.05,11/4/2024,Cairo,Tablet,8.11,1.13,24.89,1414.87,YES,YES,FALSE
1296,106,5726,199.13,17,10,0.0943,1614,11.71,11/26/2024,Baghdad,Tablet,8.11,1.88,19.91,1414.87,YES,YES,TRUE
1297,129,3098,199.13,31,10,0.0775,1614,6.42,11/20/2024,Cairo,Tablet,8.11,1.54,19.91,1414.87,YES,YES,TRUE
1298,136,3868,199.13,10,10,0.0735,1614,19.91,11/9/2024,Cairo,Desktop,8.11,1.46,19.91,1414.87,YES,YES,TRUE
1299,129,4640,199.13,20,7,0.0543,1614,9.96,11/5/2024,Tokyo,Desktop,8.11,1.54,28.45,1414.87,YES,YES,TRUE
1300,82,5122,199.13,23,7,0.0854,1614,8.66,30-11-2024,Rome,Mobile,8.11,2.43,28.45,1414.87,YES,YES,TRUE
1301,115,5304,199.13,19,8,0.0696,1614,10.48,11/8/2024,Baghdad,Desktop,8.11,1.73,24.89,1414.87,YES,YES,TRUE
1302,192,5857,199.13,24,10,0.0521,1614,8.3,11/7/2024,Riyad,Tablet,8.11,1.04,19.91,1414.87,YES,YES,TRUE
1303,149,4717,199.13,29,9,0.0604,1614,6.87,11/24/2024,Baghdad,Mobile,8.11,1.34,22.13,1414.87,YES,YES,TRUE
1304,129,4640,199.13,20,7,0.0543,1614,9.96,11/5/2024,Tokyo,Desktop,8.11,1.54,28.45,1414.87,YES,YES,TRUE
1305,131,4432,199.13,28,5,0.0382,1614,7.11,11/8/2024,Rome,Mobile,8.11,1.52,39.83,1414.87,YES,YES,FALSE
1306,114,3814,199.13,15,6,0.0526,1614,13.28,11/5/2024,Cairo,Desktop,8.11,1.75,33.19,1414.87,YES,YES,TRUE
1307,109,5003,199.13,21,9,0.0826,1614,9.48,11/20/2024,Riyad,Tablet,8.11,1.83,22.13,1414.87,YES,YES,TRUE
1308,128,3309,199.13,16,11,0.0859,1614,12.45,11/25/2024,Baghdad,Mobile,8.11,1.56,18.1,1414.87,YES,YES,TRUE
1309,132,3583,199.13,12,9,0.0682,1614,16.59,11/9/2024,Cairo,Desktop,8.11,1.51,22.13,1414.87,YES,YES,TRUE
1310,156,5367,199.13,16,3,0.0192,1614,12.45,11/23/2024,Tokyo,Mobile,8.11,1.28,66.38,1414.87,YES,YES,FALSE
1311,108,5867,199.13,30,6,0.0556,1614,6.64,11/15/2024,Riyad,Tablet,8.11,1.84,33.19,1414.87,YES,YES,TRUE
1312,110,5537,199.13,19,9,0.0818,1614,10.48,11/8/2024,Baghdad,Desktop,8.11,1.81,22.13,1414.87,YES,YES,TRUE
1313,90,6736,199.13,12,5,0.0556,1614,16.59,11/9/2024,Rome,Tablet,8.11,2.21,39.83,1414.87,YES,YES,TRUE
1314,177,6429,199.13,22,4,0.0226,1614,9.05,11/11/2024,Paris,Desktop,8.11,1.13,49.78,1414.87,YES,YES,FALSE
1315,128,4170,199.13,31,7,0.0547,1614,6.42,3/11/2024,Riyad,Tablet,8.11,1.56,28.45,1414.87,YES,YES,TRUE
1316,179,5315,199.13,23,3,0.0168,1614,8.66,11/24/2024,Beyrouth,Tablet,8.11,1.11,66.38,1414.87,YES,YES,FALSE
1317,102,3808,199.13,23,5,0.049,1614,8.66,11/22/2024,Beijin,Desktop,8.11,1.95,39.83,1414.87,YES,YES,FALSE
1318,86,3650,199.13,18,5,0.0581,1614,11.06,11/24/2024,Baghdad,Tablet,8.11,2.32,39.83,1414.87,YES,YES,TRUE
1319,149,3357,199.13,30,8,0.0537,1614,6.64,12/11/2024,Cairo,Tablet,8.11,1.34,24.89,1414.87,YES,YES,TRUE
1320,83,4784,199.13,19,7,0.0843,1614,10.48,30-11-2024,Rome,Mobile,8.11,2.4,28.45,1414.87,YES,YES,TRUE
1321,191,6157,199.13,21,7,0.0366,1614,9.48,1/11/2024,Paris,Tablet,8.11,1.04,28.45,1414.87,YES,YES,FALSE
1322,102,3910,199.13,17,6,0.0588,1614,11.71,11/5/2024,Cairo,Desktop,8.11,1.95,33.19,1414.87,YES,YES,TRUE
1323,113,3979,199.13,13,5,0.0442,1614,15.32,11/5/2024,Baghdad,Desktop,8.11,1.76,39.83,1414.87,YES,YES,FALSE
1324,107,6215,199.13,24,7,0.0654,1614,8.3,11/15/2024,Riyad,Tablet,8.11,1.86,28.45,1414.87,YES,YES,TRUE
1325,156,4456,199.13,14,8,0.0513,1614,14.22,27-11-2024,Cairo,Mobile,8.11,1.28,24.89,1414.87,YES,YES,TRUE
1326,128,4919,199.13,27,10,0.0781,1614,7.38,11/9/2024,Paris,Mobile,8.11,1.56,19.91,1414.87,YES,YES,TRUE
1327,87,5272,199.13,25,6,0.069,1614,7.97,11/15/2024,Riyad,Tablet,8.11,2.29,33.19,1414.87,YES,YES,TRUE
1328,92,6415,199.13,20,6,0.0652,1614,9.96,14-11-2024,Tokyo,Desktop,8.11,2.16,33.19,1414.87,YES,YES,TRUE
1329,129,4640,199.13,20,7,0.0543,1614,9.96,11/5/2024,Tokyo,Desktop,8.11,1.54,28.45,1414.87,YES,YES,TRUE
1330,116,4574,199.13,21,8,0.069,1614,9.48,11/29/2024,Cairo,Desktop,8.11,1.72,24.89,1414.87,YES,YES,TRUE
1331,88,3335,199.13,24,8,0.0909,1614,8.3,11/13/2024,Tokyo,Mobile,8.11,2.26,24.89,1414.87,YES,YES,TRUE
1332,156,3261,199.13,24,8,0.0513,1614,8.3,17-11-2024,Rome,Mobile,8.11,1.28,24.89,1414.87,YES,YES,TRUE
1333,150,4607,199.13,16,7,0.0467,1614,12.45,11/9/2024,Cairo,Desktop,8.11,1.33,28.45,1414.87,YES,YES,FALSE
1334,173,5325,199.13,21,3,0.0173,1614,9.48,11/25/2024,Riyad,Tablet,8.11,1.15,66.38,1414.87,YES,YES,FALSE
1335,93,3162,199.13,24,9,0.0968,1614,8.3,23-11-2024,Cairo,Desktop,8.11,2.14,22.13,1414.87,YES,YES,TRUE
1336,105,3510,199.13,29,9,0.0857,1614,6.87,11/20/2024,Cairo,Tablet,8.11,1.9,22.13,1414.87,YES,YES,TRUE
1337,109,5804,199.13,26,7,0.0642,1614,7.66,11/25/2024,Tokyo,Mobile,8.11,1.83,28.45,1414.87,YES,YES,TRUE
1338,107,4384,199.13,13,8,0.0748,1614,15.32,11/16/2024,London,Desktop,8.11,1.86,24.89,1414.87,YES,YES,TRUE
1339,114,3547,199.13,18,3,0.0263,1614,11.06,11/27/2024,Canberra,Desktop,8.11,1.75,66.38,1414.87,YES,YES,FALSE
1340,193,4764,199.13,14,3,0.0155,1614,14.22,11/8/2024,Tokyo,Tablet,8.11,1.03,66.38,1414.87,YES,YES,FALSE
1341,140,3102,199.13,28,8,0.0571,1614,7.11,11/22/2024,Cairo,Desktop,8.11,1.42,24.89,1414.87,YES,YES,TRUE
1342,103,3410,199.13,16,5,0.0485,1614,12.45,11/24/2024,Baghdad,Tablet,8.11,1.93,39.83,1414.87,YES,YES,FALSE
1343,83,5278,199.13,11,5,0.0602,1614,18.1,11/9/2024,Rome,Tablet,8.11,2.4,39.83,1414.87,YES,YES,TRUE
1344,112,5340,199.13,24,6,0.0536,1614,8.3,11/15/2024,Riyad,Tablet,8.11,1.78,33.19,1414.87,YES,YES,TRUE
1345,113,3143,199.13,17,9,0.0796,1614,11.71,21-11-2024,Baghdad,Mobile,8.11,1.76,22.13,1414.87,YES,YES,TRUE
1346,214,6185,199.13,20,10,0.0467,1614,9.96,11/7/2024,Riyad,Tablet,8.11,0.93,19.91,1414.87,YES,YES,FALSE
1347,129,4640,199.13,20,7,0.0543,1614,9.96,11/5/2024,Tokyo,Desktop,8.11,1.54,28.45,1414.87,YES,YES,TRUE
1348,175,4791,199.13,21,3,0.0171,1614,9.48,11/23/2024,Rome,Desktop,8.11,1.14,66.38,1414.87,YES,YES,FALSE
1349,173,5932,199.13,21,4,0.0231,1614,9.48,11/11/2024,Paris,Desktop,8.11,1.15,49.78,1414.87,YES,YES,FALSE
1350,87,3858,199.13,19,4,0.046,1614,10.48,12/11/2024,Tokyo,Tablet,8.11,2.29,49.78,1414.87,YES,YES,FALSE
1351,185,4914,199.13,26,3,0.0162,1614,7.66,11/25/2024,Riyad,Tablet,8.11,1.08,66.38,1414.87,YES,YES,FALSE
1352,82,3945,199.13,13,3,0.0366,1614,15.32,20-11-2024,Tokyo,Tablet,8.11,2.43,66.38,1414.87,YES,YES,FALSE
1353,101,4270,199.13,27,7,0.0693,1614,7.38,11/14/2024,Paris,Desktop,8.11,1.97,28.45,1414.87,YES,YES,TRUE
1354,163,4782,199.13,23,3,0.0184,1614,8.66,11/24/2024,Beyrouth,Tablet,8.11,1.22,66.38,1414.87,YES,YES,FALSE
1355,103,5517,199.13,13,5,0.0485,1614,15.32,11/25/2024,Rome,Mobile,8.11,1.93,39.83,1414.87,YES,YES,FALSE
1356,91,3885,199.13,15,6,0.0659,1614,13.28,11/5/2024,Cairo,Desktop,8.11,2.19,33.19,1414.87,YES,YES,TRUE
1357,119,4723,199.13,30,4,0.0336,1614,6.64,11/24/2024,London,Tablet,8.11,1.67,49.78,1414.87,YES,YES,FALSE
1358,106,4722,199.13,29,7,0.066,1614,6.87,11/20/2024,Tokyo,Desktop,8.11,1.88,28.45,1414.87,YES,YES,TRUE
1359,93,4932,199.13,18,3,0.0323,1614,11.06,21-11-2024,Baghdad,Desktop,8.11,2.14,66.38,1414.87,YES,YES,FALSE
1360,110,3165,199.13,30,7,0.0636,1614,6.64,26-11-2024,Baghdad,Desktop,8.11,1.81,28.45,1414.87,YES,YES,TRUE
1361,79,5211,199.13,18,8,0.1013,1614,11.06,30-11-2024,Rome,Mobile,8.11,2.52,24.89,1414.87,YES,YES,TRUE
1362,122,4931,199.13,18,10,0.082,1614,11.06,11/2/2024,Tokyo,Desktop,8.11,1.63,19.91,1414.87,YES,YES,TRUE
1363,101,6174,199.13,21,10,0.099,1614,9.48,20-11-2024,Riyad,Tablet,8.11,1.97,19.91,1414.87,YES,YES,TRUE
1364,207,5730,199.13,24,6,0.029,1614,8.3,1/11/2024,Paris,Tablet,8.11,0.96,33.19,1414.87,YES,YES,FALSE
1365,148,4330,199.13,37,7,0.0473,1614,5.38,11/28/2024,Rome,Mobile,8.11,1.35,28.45,1414.87,YES,YES,FALSE
1366,85,3833,199.13,11,3,0.0353,1614,18.1,20-11-2024,Tokyo,Tablet,8.11,2.34,66.38,1414.87,YES,YES,FALSE
1367,124,3168,199.13,21,6,0.0484,1614,9.48,11/26/2024,Baghdad,Tablet,8.11,1.61,33.19,1414.87,YES,YES,FALSE
1368,233,3586,199.13,10,8,0.0343,1614,19.91,16-11-2024,Riyad,Mobile,8.11,0.85,24.89,1414.87,YES,YES,FALSE
1369,107,5148,199.13,18,5,0.0467,1614,11.06,9/11/2024,Tokyo,Mobile,8.11,1.86,39.83,1414.87,YES,YES,FALSE
1370,104,3652,199.13,19,4,0.0385,1614,10.48,11/28/2024,Riyad,Tablet,8.11,1.91,49.78,1414.87,YES,YES,FALSE
1371,143,3320,199.13,36,8,0.0559,1614,5.53,11/22/2024,Cairo,Desktop,8.11,1.39,24.89,1414.87,YES,YES,TRUE
1372,108,4962,199.13,20,5,0.0463,1614,9.96,9/11/2024,Tokyo,Mobile,8.11,1.84,39.83,1414.87,YES,YES,FALSE
1373,112,3236,199.13,23,5,0.0446,1614,8.66,11/22/2024,Beijin,Desktop,8.11,1.78,39.83,1414.87,YES,YES,FALSE
1374,173,5034,199.13,22,5,0.0289,1614,9.05,11/1/2024,Riyad,Tablet,8.11,1.15,39.83,1414.87,YES,YES,FALSE
1375,81,3777,199.13,24,10,0.1235,1614,8.3,4/11/2024,Cairo,Desktop,8.11,2.46,19.91,1414.87,YES,YES,TRUE
1376,89,4389,199.13,26,10,0.1124,1614,7.66,11/5/2024,Rome,Desktop,8.11,2.24,19.91,1414.87,YES,YES,TRUE
1377,109,3656,199.13,11,10,0.0917,1614,18.1,11/9/2024,Cairo,Desktop,8.11,1.83,19.91,1414.87,YES,YES,TRUE
1378,169,4702,199.13,16,7,0.0414,1614,12.45,27-11-2024,Cairo,Mobile,8.11,1.18,28.45,1414.87,YES,YES,FALSE
1379,84,5431,199.13,10,6,0.0714,1614,19.91,11/9/2024,Rome,Tablet,8.11,2.37,33.19,1414.87,YES,YES,TRUE
1380,99,4307,199.13,15,7,0.0707,1614,13.28,11/16/2024,London,Desktop,8.11,2.01,28.45,1414.87,YES,YES,TRUE
1381,146,4168,199.13,27,6,0.0411,1614,7.38,3/11/2024,Riyad,Tablet,8.11,1.36,33.19,1414.87,YES,YES,FALSE
1382,155,4856,199.13,14,5,0.0323,1614,14.22,11/9/2024,Cairo,Desktop,8.11,1.28,39.83,1414.87,YES,YES,FALSE
1383,154,3735,199.13,16,6,0.039,1614,12.45,11/9/2024,Cairo,Desktop,8.11,1.29,33.19,1414.87,YES,YES,FALSE
1384,167,4579,199.13,15,10,0.0599,1614,13.28,11/26/2024,Tokyo,Mobile,8.11,1.19,19.91,1414.87,YES,YES,TRUE
1385,116,4616,199.13,11,6,0.0517,1614,18.1,11/25/2024,Rome,Mobile,8.11,1.72,33.19,1414.87,YES,YES,TRUE
1386,95,5131,199.13,11,6,0.0632,1614,18.1,16-11-2024,Tokyo,Mobile,8.11,2.1,33.19,1414.87,YES,YES,TRUE
1387,156,3223,199.13,30,9,0.0577,1614,6.64,11/22/2024,Cairo,Desktop,8.11,1.28,22.13,1414.87,YES,YES,TRUE
1388,116,5528,199.13,17,10,0.0862,1614,11.71,11/20/2024,Riyad,Tablet,8.11,1.72,19.91,1414.87,YES,YES,TRUE
1389,200,6576,199.13,24,5,0.025,1614,8.3,30-11-2024,Tokyo,Tablet,8.11,1,39.83,1414.87,YES,YES,FALSE
1390,90,5704,199.13,23,6,0.0667,1614,8.66,14-11-2024,Tokyo,Desktop,8.11,2.21,33.19,1414.87,YES,YES,TRUE
1391,104,5159,199.13,20,9,0.0865,1614,9.96,11/8/2024,Baghdad,Desktop,8.11,1.91,22.13,1414.87,YES,YES,TRUE
1392,177,4934,199.13,28,6,0.0339,1614,7.11,30-11-2024,Tokyo,Tablet,8.11,1.13,33.19,1414.87,YES,YES,FALSE
1393,159,4359,199.13,24,3,0.0189,1614,8.3,11/23/2024,Rome,Desktop,8.11,1.25,66.38,1414.87,YES,YES,FALSE
1394,209,5529,199.13,25,7,0.0335,1614,7.97,1/11/2024,Paris,Tablet,8.11,0.95,28.45,1414.87,YES,YES,FALSE
1395,107,4204,199.13,16,7,0.0654,1614,12.45,11/16/2024,London,Desktop,8.11,1.86,28.45,1414.87,YES,YES,TRUE
1396,123,3736,199.13,18,5,0.0407,1614,11.06,11/28/2024,Riyad,Tablet,8.11,1.62,39.83,1414.87,YES,YES,FALSE
1397,104,3793,199.13,14,6,0.0577,1614,14.22,11/24/2024,Baghdad,Tablet,8.11,1.91,33.19,1414.87,YES,YES,TRUE
1398,121,5693,199.13,18,11,0.0909,1614,11.06,11/2/2024,Tokyo,Desktop,8.11,1.65,18.1,1414.87,YES,YES,TRUE
1399,92,3411,199.13,24,11,0.1196,1614,8.3,4/11/2024,Cairo,Desktop,8.11,2.16,18.1,1414.87,YES,YES,TRUE
1400,117,4975,199.13,16,9,0.0769,1614,12.45,11/26/2024,Baghdad,Tablet,8.11,1.7,22.13,1414.87,YES,YES,TRUE
1401,90,4224,199.13,23,11,0.1222,1614,8.66,11/16/2024,Beyrouth,Tablet,8.11,2.21,18.1,1414.87,YES,YES,TRUE
1402,143,4087,199.13,32,4,0.028,1614,6.22,11/8/2024,Rome,Mobile,8.11,1.39,49.78,1414.87,YES,YES,FALSE
1403,95,5684,199.13,27,9,0.0947,1614,7.38,11/12/2024,Tokyo,Mobile,8.11,2.1,22.13,1414.87,YES,YES,TRUE
1404,119,4543,199.13,13,4,0.0336,1614,15.32,11/6/2024,Cairo,Mobile,8.11,1.67,49.78,1414.87,YES,YES,FALSE
1405,132,4915,199.13,27,5,0.0379,1614,7.38,11/15/2024,Riyad,Desktop,8.11,1.51,39.83,1414.87,YES,YES,FALSE
1406,175,5003,199.13,27,6,0.0343,1614,7.38,11/11/2024,Baghdad,Tablet,8.11,1.14,33.19,1414.87,YES,YES,FALSE
1407,152,5447,199.13,24,9,0.0592,1614,8.3,11/10/2024,Cairo,Desktop,8.11,1.31,22.13,1414.87,YES,YES,TRUE
1408,88,3223,199.13,21,7,0.0795,1614,9.48,11/20/2024,Tokyo,Tablet,8.11,2.26,28.45,1414.87,YES,YES,TRUE
1409,96,3672,199.13,11,3,0.0312,1614,18.1,20-11-2024,Tokyo,Tablet,8.11,2.07,66.38,1414.87,YES,YES,FALSE
1410,94,4009,199.13,25,6,0.0638,1614,7.97,11/14/2024,Paris,Desktop,8.11,2.12,33.19,1414.87,YES,YES,TRUE
1411,173,4307,199.13,20,4,0.0231,1614,9.96,11/23/2024,Rome,Desktop,8.11,1.15,49.78,1414.87,YES,YES,FALSE
1412,156,3241,199.13,14,9,0.0577,1614,14.22,11/25/2024,Baghdad,Mobile,8.11,1.28,22.13,1414.87,YES,YES,TRUE
1413,98,5017,199.13,15,10,0.102,1614,13.28,1/11/2024,Tokyo,Desktop,8.11,2.03,19.91,1414.87,YES,YES,TRUE
1414,102,6033,199.13,10,4,0.0392,1614,19.91,11/9/2024,Rome,Tablet,8.11,1.95,49.78,1414.87,YES,YES,FALSE
1415,173,4448,199.13,23,3,0.0173,1614,8.66,11/23/2024,Rome,Desktop,8.11,1.15,66.38,1414.87,YES,YES,FALSE
1416,104,4566,199.13,18,9,0.0865,1614,11.06,11/20/2024,Riyad,Tablet,8.11,1.91,22.13,1414.87,YES,YES,TRUE
1417,188,4890,199.13,15,4,0.0213,1614,13.28,11/8/2024,Tokyo,Tablet,8.11,1.06,49.78,1414.87,YES,YES,FALSE
1418,151,2759,199.13,19,7,0.0464,1614,10.48,11/4/2024,Cairo,Tablet,8.11,1.32,28.45,1414.87,YES,YES,FALSE
1419,168,2919,199.13,19,3,0.0179,1614,10.48,11/11/2024,Baghdad,Mobile,8.11,1.19,66.38,1414.87,YES,YES,FALSE
1420,118,4741,199.13,27,4,0.0339,1614,7.38,15-11-2024,Paris,Mobile,8.11,1.69,49.78,1414.87,YES,YES,FALSE
1421,89,4996,199.13,24,9,0.1011,1614,8.3,11/12/2024,Tokyo,Mobile,8.11,2.24,22.13,1414.87,YES,YES,TRUE
1422,94,3725,199.13,23,5,0.0532,1614,8.66,11/22/2024,Beijin,Desktop,8.11,2.12,39.83,1414.87,YES,YES,TRUE
1423,44,5072,199.13,24,11,0.25,1614,8.3,11/21/2024,Tokyo,Desktop,8.11,4.53,18.1,1414.87,YES,YES,TRUE
1424,138,4103,199.13,11,6,0.0435,1614,18.1,11/5/2024,Baghdad,Desktop,8.11,1.44,33.19,1414.87,YES,YES,FALSE
1425,183,5581,199.13,12,7,0.0383,1614,16.59,11/2/2024,Riyad,Desktop,8.11,1.09,28.45,1414.87,YES,YES,FALSE
1426,138,5402,199.13,27,6,0.0435,1614,7.38,3/11/2024,Riyad,Tablet,8.11,1.44,33.19,1414.87,YES,YES,FALSE
1427,147,2948,199.13,20,5,0.034,1614,9.96,11/7/2024,Paris,Mobile,8.11,1.35,39.83,1414.87,YES,YES,FALSE
1428,79,3368,199.13,28,11,0.1392,1614,7.11,4/11/2024,Cairo,Desktop,8.11,2.52,18.1,1414.87,YES,YES,TRUE
1429,104,4738,199.13,26,4,0.0385,1614,7.66,11/24/2024,London,Tablet,8.11,1.91,49.78,1414.87,YES,YES,FALSE
1430,77,4281,199.13,25,9,0.1169,1614,7.97,4/11/2024,Cairo,Desktop,8.11,2.59,22.13,1414.87,YES,YES,TRUE
1431,115,6210,199.13,26,9,0.0783,1614,7.66,11/25/2024,Tokyo,Mobile,8.11,1.73,22.13,1414.87,YES,YES,TRUE
1432,100,4601,199.13,28,5,0.05,1614,7.11,15-11-2024,Paris,Mobile,8.11,1.99,39.83,1414.87,YES,YES,TRUE
1433,116,4109,199.13,10,9,0.0776,1614,19.91,11/9/2024,Cairo,Desktop,8.11,1.72,22.13,1414.87,YES,YES,TRUE
1434,115,4680,199.13,24,10,0.087,1614,8.3,11/9/2024,Paris,Mobile,8.11,1.73,19.91,1414.87,YES,YES,TRUE
1435,85,4735,199.13,21,7,0.0824,1614,9.48,30-11-2024,Rome,Mobile,8.11,2.34,28.45,1414.87,YES,YES,TRUE
1436,128,4842,199.13,17,10,0.0781,1614,11.71,11/26/2024,Baghdad,Tablet,8.11,1.56,19.91,1414.87,YES,YES,TRUE
1437,129,4640,199.13,20,7,0.0543,1614,9.96,11/5/2024,Tokyo,Desktop,8.11,1.54,28.45,1414.87,YES,YES,TRUE
1438,119,4028,199.13,31,9,0.0756,1614,6.42,11/20/2024,Cairo,Tablet,8.11,1.67,22.13,1414.87,YES,YES,TRUE
1439,88,3458,199.13,25,9,0.1023,1614,7.97,11/13/2024,Tokyo,Mobile,8.11,2.26,22.13,1414.87,YES,YES,TRUE
1440,84,5062,199.13,12,5,0.0595,1614,16.59,11/9/2024,Rome,Tablet,8.11,2.37,39.83,1414.87,YES,YES,TRUE
1441,119,4211,199.13,25,6,0.0504,1614,7.97,11/14/2024,Paris,Desktop,8.11,1.67,33.19,1414.87,YES,YES,TRUE
1442,120,5729,199.13,15,11,0.0917,1614,13.28,11/26/2024,Baghdad,Tablet,8.11,1.66,18.1,1414.87,YES,YES,TRUE
1443,201,3817,199.13,11,7,0.0348,1614,18.1,12/11/2024,Paris,Mobile,8.11,0.99,28.45,1414.87,YES,YES,FALSE
1444,122,3486,199.13,18,3,0.0246,1614,11.06,11/27/2024,Canberra,Desktop,8.11,1.63,66.38,1414.87,YES,YES,FALSE
1445,140,5362,199.13,21,7,0.05,1614,9.48,18-11-2024,Baghdad,Desktop,8.11,1.42,28.45,1414.87,YES,YES,TRUE
1446,134,3181,199.13,20,5,0.0373,1614,9.96,11/7/2024,Paris,Mobile,8.11,1.49,39.83,1414.87,YES,YES,FALSE
1447,129,4640,199.13,20,7,0.0543,1614,9.96,11/5/2024,Tokyo,Desktop,8.11,1.54,28.45,1414.87,YES,YES,TRUE
1448,165,4614,199.13,19,3,0.0182,1614,10.48,11/23/2024,Rome,Desktop,8.11,1.21,66.38,1414.87,YES,YES,FALSE
1449,111,5276,199.13,12,5,0.045,1614,16.59,11/6/2024,Cairo,Mobile,8.11,1.79,39.83,1414.87,YES,YES,FALSE
1450,155,4719,199.13,15,6,0.0387,1614,13.28,11/9/2024,Cairo,Desktop,8.11,1.28,33.19,1414.87,YES,YES,FALSE
1451,182,4933,199.13,16,8,0.044,1614,12.45,16-11-2024,Baghdad,Tablet,8.11,1.09,24.89,1414.87,YES,YES,FALSE
1452,108,4618,199.13,16,5,0.0463,1614,12.45,6/11/2024,Paris,Tablet,8.11,1.84,39.83,1414.87,YES,YES,FALSE
1453,175,4281,199.13,15,11,0.0629,1614,13.28,11/26/2024,Tokyo,Mobile,8.11,1.14,18.1,1414.87,YES,YES,TRUE
1454,176,5792,199.13,25,6,0.0341,1614,7.97,11/12/2024,Baghdad,Mobile,8.11,1.13,33.19,1414.87,YES,YES,FALSE
1455,109,4062,199.13,10,6,0.055,1614,19.91,11/23/2024,Riyad,Tablet,8.11,1.83,33.19,1414.87,YES,YES,TRUE
1456,115,4548,199.13,29,6,0.0522,1614,6.87,11/20/2024,Tokyo,Desktop,8.11,1.73,33.19,1414.87,YES,YES,TRUE
1457,201,6393,199.13,28,5,0.0249,1614,7.11,11/12/2024,Baghdad,Mobile,8.11,0.99,39.83,1414.87,YES,YES,FALSE
1458,114,5223,199.13,24,8,0.0702,1614,8.3,11/25/2024,Tokyo,Mobile,8.11,1.75,24.89,1414.87,YES,YES,TRUE
1459,212,3781,199.13,9,7,0.033,1614,22.13,12/11/2024,Paris,Mobile,8.11,0.94,28.45,1414.87,YES,YES,FALSE
1460,99,6508,199.13,20,6,0.0606,1614,9.96,14-11-2024,Tokyo,Desktop,8.11,2.01,33.19,1414.87,YES,YES,TRUE
1461,138,5482,199.13,10,6,0.0435,1614,19.91,11/7/2024,Tokyo,Desktop,8.11,1.44,33.19,1414.87,YES,YES,FALSE
1462,102,5119,199.13,27,4,0.0392,1614,7.38,11/24/2024,London,Tablet,8.11,1.95,49.78,1414.87,YES,YES,FALSE
1463,118,4474,199.13,18,5,0.0424,1614,11.06,6/11/2024,Paris,Tablet,8.11,1.69,39.83,1414.87,YES,YES,FALSE
1464,111,4917,199.13,17,8,0.0721,1614,11.71,1/11/2024,Tokyo,Desktop,8.11,1.79,24.89,1414.87,YES,YES,TRUE
1465,188,4436,199.13,10,10,0.0532,1614,19.91,11/21/2024,Paris,Tablet,8.11,1.06,19.91,1414.87,YES,YES,TRUE
1466,123,4593,199.13,20,3,0.0244,1614,9.96,21-11-2024,Baghdad,Desktop,8.11,1.62,66.38,1414.87,YES,YES,FALSE
1467,193,5374,199.13,10,9,0.0466,1614,19.91,20-11-2024,Rome,Mobile,8.11,1.03,22.13,1414.87,YES,YES,FALSE
1468,183,4320,199.13,15,4,0.0219,1614,13.28,11/8/2024,Tokyo,Tablet,8.11,1.09,49.78,1414.87,YES,YES,FALSE
1469,106,4163,199.13,29,5,0.0472,1614,6.87,15-11-2024,Paris,Mobile,8.11,1.88,39.83,1414.87,YES,YES,FALSE
1470,105,5834,199.13,29,6,0.0571,1614,6.87,11/15/2024,Riyad,Tablet,8.11,1.9,33.19,1414.87,YES,YES,TRUE
1471,108,3292,199.13,27,9,0.0833,1614,7.38,11/20/2024,Cairo,Tablet,8.11,1.84,22.13,1414.87,YES,YES,TRUE
1472,213,6656,199.13,24,10,0.0469,1614,8.3,11/7/2024,Riyad,Tablet,8.11,0.93,19.91,1414.87,YES,YES,FALSE
1473,125,4923,199.13,22,8,0.064,1614,9.05,11/25/2024,Tokyo,Mobile,8.11,1.59,24.89,1414.87,YES,YES,TRUE
1474,111,4462,199.13,23,5,0.045,1614,8.66,15-11-2024,Paris,Mobile,8.11,1.79,39.83,1414.87,YES,YES,FALSE
1475,119,4564,199.13,28,10,0.084,1614,7.11,11/9/2024,Paris,Mobile,8.11,1.67,19.91,1414.87,YES,YES,TRUE
1476,200,5573,199.13,12,6,0.03,1614,16.59,11/2/2024,Riyad,Desktop,8.11,1,33.19,1414.87,YES,YES,FALSE
1477,115,3242,199.13,21,4,0.0348,1614,9.48,11/28/2024,Riyad,Tablet,8.11,1.73,49.78,1414.87,YES,YES,FALSE
1478,100,6913,199.13,24,6,0.06,1614,8.3,11/15/2024,Riyad,Tablet,8.11,1.99,33.19,1414.87,YES,YES,TRUE
1479,109,2955,199.13,25,11,0.1009,1614,7.97,23-11-2024,Cairo,Desktop,8.11,1.83,18.1,1414.87,YES,YES,TRUE
1480,207,5845,199.13,25,5,0.0242,1614,7.97,11/12/2024,Baghdad,Mobile,8.11,0.96,39.83,1414.87,YES,YES,FALSE
1481,94,3113,199.13,32,7,0.0745,1614,6.22,26-11-2024,Baghdad,Desktop,8.11,2.12,28.45,1414.87,YES,YES,TRUE
1482,129,4640,199.13,20,7,0.0543,1614,9.96,11/5/2024,Tokyo,Desktop,8.11,1.54,28.45,1414.87,YES,YES,TRUE
1483,130,5671,199.13,15,3,0.0231,1614,13.28,11/23/2024,Tokyo,Mobile,8.11,1.53,66.38,1414.87,YES,YES,FALSE
1484,107,4926,199.13,16,9,0.0841,1614,12.45,1/11/2024,Tokyo,Desktop,8.11,1.86,22.13,1414.87,YES,YES,TRUE
1485,126,4725,199.13,28,4,0.0317,1614,7.11,11/15/2024,Riyad,Desktop,8.11,1.58,49.78,1414.87,YES,YES,FALSE
1486,150,4226,199.13,18,9,0.06,1614,11.06,11/26/2024,Tokyo,Mobile,8.11,1.33,22.13,1414.87,YES,YES,TRUE
1487,175,6145,199.13,26,5,0.0286,1614,7.66,30-11-2024,Tokyo,Tablet,8.11,1.14,39.83,1414.87,YES,YES,FALSE
1488,96,4350,199.13,18,3,0.0312,1614,11.06,21-11-2024,Baghdad,Desktop,8.11,2.07,66.38,1414.87,YES,YES,FALSE
1489,85,4497,199.13,24,4,0.0471,1614,8.3,12/11/2024,Tokyo,Tablet,8.11,2.34,49.78,1414.87,YES,YES,FALSE
1490,185,5492,199.13,13,6,0.0324,1614,15.32,11/2/2024,Riyad,Desktop,8.11,1.08,33.19,1414.87,YES,YES,FALSE
1491,107,4707,199.13,19,10,0.0935,1614,10.48,11/20/2024,Riyad,Tablet,8.11,1.86,19.91,1414.87,YES,YES,TRUE
1492,191,4385,199.13,13,4,0.0209,1614,15.32,11/8/2024,Tokyo,Tablet,8.11,1.04,49.78,1414.87,YES,YES,FALSE
1493,102,4431,199.13,14,10,0.098,1614,14.22,11/26/2024,Baghdad,Tablet,8.11,1.95,19.91,1414.87,YES,YES,TRUE
1494,129,4640,199.13,20,7,0.0543,1614,9.96,11/5/2024,Tokyo,Desktop,8.11,1.54,28.45,1414.87,YES,YES,TRUE
1495,157,4262,199.13,15,7,0.0446,1614,13.28,11/9/2024,Cairo,Desktop,8.11,1.27,28.45,1414.87,YES,YES,FALSE
1496,179,4016,199.13,31,7,0.0391,1614,6.42,11/8/2024,Paris,Tablet,8.11,1.11,28.45,1414.87,YES,YES,FALSE
1497,169,2788,199.13,18,4,0.0237,1614,11.06,11/11/2024,Baghdad,Mobile,8.11,1.18,49.78,1414.87,YES,YES,FALSE
1498,120,5295,199.13,17,8,0.0667,1614,11.71,11/8/2024,Baghdad,Desktop,8.11,1.66,24.89,1414.87,YES,YES,TRUE
1499,116,4208,199.13,16,7,0.0603,1614,12.45,11/5/2024,Cairo,Desktop,8.11,1.72,28.45,1414.87,YES,YES,TRUE
1500,90,4219,199.13,23,10,0.1111,1614,8.66,11/16/2024,Beyrouth,Tablet,8.11,2.21,19.91,1414.87,YES,YES,TRUE
1501,178,4682,199.13,14,4,0.0225,1614,14.22,11/8/2024,Tokyo,Tablet,8.11,1.12,49.78,1414.87,YES,YES,FALSE
1502,172,4647,199.13,20,3,0.0174,1614,9.96,11/23/2024,Rome,Desktop,8.11,1.16,66.38,1414.87,YES,YES,FALSE
1503,88,3782,199.13,14,3,0.0341,1614,14.22,20-11-2024,Tokyo,Tablet,8.11,2.26,66.38,1414.87,YES,YES,FALSE
1504,186,4795,199.13,14,4,0.0215,1614,14.22,11/8/2024,Tokyo,Tablet,8.11,1.07,49.78,1414.87,YES,YES,FALSE
1505,90,3428,199.13,20,4,0.0444,1614,9.96,12/11/2024,Tokyo,Tablet,8.11,2.21,49.78,1414.87,YES,YES,FALSE
1506,132,4026,199.13,19,9,0.0682,1614,10.48,12/11/2024,Cairo,Mobile,8.11,1.51,22.13,1414.87,YES,YES,TRUE
1507,94,4902,199.13,23,7,0.0745,1614,8.66,11/29/2024,Cairo,Desktop,8.11,2.12,28.45,1414.87,YES,YES,TRUE
1508,103,5826,199.13,18,11,0.1068,1614,11.06,1/11/2024,Tokyo,Desktop,8.11,1.93,18.1,1414.87,YES,YES,TRUE
1509,192,6187,199.13,22,9,0.0469,1614,9.05,11/7/2024,Riyad,Tablet,8.11,1.04,22.13,1414.87,YES,YES,FALSE
1510,99,4188,199.13,15,7,0.0707,1614,13.28,11/16/2024,London,Desktop,8.11,2.01,28.45,1414.87,YES,YES,TRUE
1511,126,5222,199.13,18,3,0.0238,1614,11.06,11/23/2024,Tokyo,Mobile,8.11,1.58,66.38,1414.87,YES,YES,FALSE
1512,117,4184,199.13,19,5,0.0427,1614,10.48,6/11/2024,Paris,Tablet,8.11,1.7,39.83,1414.87,YES,YES,FALSE
1513,111,4458,199.13,19,3,0.027,1614,10.48,21-11-2024,Baghdad,Desktop,8.11,1.79,66.38,1414.87,YES,YES,FALSE
1514,87,3472,199.13,22,8,0.092,1614,9.05,11/20/2024,Tokyo,Tablet,8.11,2.29,24.89,1414.87,YES,YES,TRUE
1515,122,5281,199.13,24,7,0.0574,1614,8.3,11/5/2024,Rome,Tablet,8.11,1.63,28.45,1414.87,YES,YES,TRUE
1516,171,3529,199.13,15,3,0.0175,1614,13.28,11/11/2024,Baghdad,Mobile,8.11,1.16,66.38,1414.87,YES,YES,FALSE
1517,123,5946,199.13,24,7,0.0569,1614,8.3,11/5/2024,Rome,Tablet,8.11,1.62,28.45,1414.87,YES,YES,TRUE
1518,119,4158,199.13,28,11,0.0924,1614,7.11,11/20/2024,Cairo,Tablet,8.11,1.67,18.1,1414.87,YES,YES,TRUE
1519,211,6094,199.13,23,6,0.0284,1614,8.66,1/11/2024,Paris,Tablet,8.11,0.94,33.19,1414.87,YES,YES,FALSE
1520,184,4159,199.13,21,3,0.0163,1614,9.48,11/23/2024,Rome,Desktop,8.11,1.08,66.38,1414.87,YES,YES,FALSE
1521,176,4876,199.13,24,9,0.0511,1614,8.3,11/24/2024,Baghdad,Mobile,8.11,1.13,22.13,1414.87,YES,YES,TRUE
1522,182,3837,199.13,15,9,0.0495,1614,13.28,11/14/2024,Riyad,Desktop,8.11,1.09,22.13,1414.87,YES,YES,FALSE
1523,129,4640,199.13,20,7,0.0543,1614,9.96,11/5/2024,Tokyo,Desktop,8.11,1.54,28.45,1414.87,YES,YES,TRUE
1524,194,3123,199.13,18,3,0.0155,1614,11.06,11/11/2024,Baghdad,Mobile,8.11,1.03,66.38,1414.87,YES,YES,FALSE
1525,80,4121,199.13,24,10,0.125,1614,8.3,4/11/2024,Cairo,Desktop,8.11,2.49,19.91,1414.87,YES,YES,TRUE
1526,84,3383,199.13,23,8,0.0952,1614,8.66,11/20/2024,Tokyo,Tablet,8.11,2.37,24.89,1414.87,YES,YES,TRUE
1527,151,4086,199.13,22,8,0.053,1614,9.05,17-11-2024,Rome,Mobile,8.11,1.32,24.89,1414.87,YES,YES,TRUE
1528,143,5091,199.13,22,9,0.0629,1614,9.05,11/10/2024,Cairo,Desktop,8.11,1.39,22.13,1414.87,YES,YES,TRUE
1529,101,5403,199.13,20,10,0.099,1614,9.96,11/20/2024,Riyad,Tablet,8.11,1.97,19.91,1414.87,YES,YES,TRUE
1530,118,5244,199.13,14,11,0.0932,1614,14.22,11/2/2024,Tokyo,Desktop,8.11,1.69,18.1,1414.87,YES,YES,TRUE
1531,117,4797,199.13,24,7,0.0598,1614,8.3,11/5/2024,Rome,Tablet,8.11,1.7,28.45,1414.87,YES,YES,TRUE
1532,117,4796,199.13,24,3,0.0256,1614,8.3,11/8/2024,Baghdad,Mobile,8.11,1.7,66.38,1414.87,YES,YES,FALSE
1533,147,2702,199.13,19,5,0.034,1614,10.48,11/7/2024,Paris,Mobile,8.11,1.35,39.83,1414.87,YES,YES,FALSE
1534,147,4663,199.13,22,9,0.0612,1614,9.05,12/11/2024,Cairo,Mobile,8.11,1.35,22.13,1414.87,YES,YES,TRUE
1535,103,4399,199.13,21,3,0.0291,1614,9.48,21-11-2024,Baghdad,Desktop,8.11,1.93,66.38,1414.87,YES,YES,FALSE
1536,100,3924,199.13,22,4,0.04,1614,9.05,12/11/2024,Tokyo,Tablet,8.11,1.99,49.78,1414.87,YES,YES,FALSE
1537,91,5889,199.13,19,5,0.0549,1614,10.48,14-11-2024,Tokyo,Desktop,8.11,2.19,39.83,1414.87,YES,YES,TRUE
1538,135,3521,199.13,24,6,0.0444,1614,8.3,29-11-2024,Paris,Desktop,8.11,1.48,33.19,1414.87,YES,YES,FALSE
1539,78,4393,199.13,16,6,0.0769,1614,12.45,11/5/2024,Cairo,Desktop,8.11,2.55,33.19,1414.87,YES,YES,TRUE
1540,87,3468,199.13,18,4,0.046,1614,11.06,12/11/2024,Tokyo,Tablet,8.11,2.29,49.78,1414.87,YES,YES,FALSE
1541,109,3575,199.13,20,5,0.0459,1614,9.96,11/28/2024,Riyad,Tablet,8.11,1.83,39.83,1414.87,YES,YES,FALSE
1542,82,6454,199.13,12,5,0.061,1614,16.59,11/9/2024,Rome,Tablet,8.11,2.43,39.83,1414.87,YES,YES,TRUE
1543,110,4187,199.13,15,5,0.0455,1614,13.28,11/24/2024,Baghdad,Tablet,8.11,1.81,39.83,1414.87,YES,YES,FALSE
1544,155,4898,199.13,22,5,0.0323,1614,9.05,11/1/2024,Riyad,Tablet,8.11,1.28,39.83,1414.87,YES,YES,FALSE
1545,146,3539,199.13,22,7,0.0479,1614,9.05,29-11-2024,Paris,Desktop,8.11,1.36,28.45,1414.87,YES,YES,FALSE
1546,176,4296,199.13,10,9,0.0511,1614,19.91,11/4/2024,Cairo,Desktop,8.11,1.13,22.13,1414.87,YES,YES,TRUE
1547,154,3218,199.13,17,6,0.039,1614,11.71,11/26/2024,Baghdad,Tablet,8.11,1.29,33.19,1414.87,YES,YES,FALSE
1548,145,4836,199.13,20,5,0.0345,1614,9.96,11/1/2024,Riyad,Tablet,8.11,1.37,39.83,1414.87,YES,YES,FALSE
1549,106,3846,199.13,21,4,0.0377,1614,9.48,11/28/2024,Riyad,Tablet,8.11,1.88,49.78,1414.87,YES,YES,FALSE
1550,129,4269,199.13,14,7,0.0543,1614,14.22,11/9/2024,Cairo,Desktop,8.11,1.54,28.45,1414.87,YES,YES,TRUE
1551,97,4985,199.13,20,6,0.0619,1614,9.96,14-11-2024,Tokyo,Desktop,8.11,2.05,33.19,1414.87,YES,YES,TRUE
1552,91,3450,199.13,19,9,0.0989,1614,10.48,11/13/2024,Tokyo,Mobile,8.11,2.19,22.13,1414.87,YES,YES,TRUE
1553,184,3047,199.13,27,7,0.038,1614,7.38,11/22/2024,Cairo,Desktop,8.11,1.08,28.45,1414.87,YES,YES,FALSE
1554,196,3996,199.13,9,8,0.0408,1614,22.13,16-11-2024,Riyad,Mobile,8.11,1.02,24.89,1414.87,YES,YES,FALSE
1555,82,3714,199.13,12,4,0.0488,1614,16.59,20-11-2024,Tokyo,Tablet,8.11,2.43,49.78,1414.87,YES,YES,FALSE
1556,176,4828,199.13,13,6,0.0341,1614,15.32,11/16/2024,Baghdad,Mobile,8.11,1.13,33.19,1414.87,YES,YES,FALSE
1557,121,4519,199.13,17,5,0.0413,1614,11.71,6/11/2024,Paris,Tablet,8.11,1.65,39.83,1414.87,YES,YES,FALSE
1558,129,4640,199.13,20,7,0.0543,1614,9.96,11/5/2024,Tokyo,Desktop,8.11,1.54,28.45,1414.87,YES,YES,TRUE
1559,114,5136,199.13,27,4,0.0351,1614,7.38,15-11-2024,Paris,Mobile,8.11,1.75,49.78,1414.87,YES,YES,FALSE
1560,127,5217,199.13,16,11,0.0866,1614,12.45,11/2/2024,Tokyo,Desktop,8.11,1.57,18.1,1414.87,YES,YES,TRUE
1561,162,3806,199.13,16,10,0.0617,1614,12.45,11/25/2024,Baghdad,Mobile,8.11,1.23,19.91,1414.87,YES,YES,TRUE
1562,116,5868,199.13,24,6,0.0517,1614,8.3,11/5/2024,Rome,Tablet,8.11,1.72,33.19,1414.87,YES,YES,TRUE
1563,118,4635,199.13,11,5,0.0424,1614,18.1,22-11-2024,Tokyo,Desktop,8.11,1.69,39.83,1414.87,YES,YES,FALSE
1564,158,2818,199.13,28,8,0.0506,1614,7.11,11/22/2024,Cairo,Desktop,8.11,1.26,24.89,1414.87,YES,YES,TRUE
1565,183,3548,199.13,11,9,0.0492,1614,18.1,16-11-2024,Riyad,Mobile,8.11,1.09,22.13,1414.87,YES,YES,FALSE
1566,200,3884,199.13,18,3,0.015,1614,11.06,11/23/2024,Rome,Desktop,8.11,1,66.38,1414.87,YES,YES,FALSE
1567,98,4141,199.13,23,5,0.051,1614,8.66,11/22/2024,Beijin,Desktop,8.11,2.03,39.83,1414.87,YES,YES,TRUE
1568,123,3761,199.13,28,10,0.0813,1614,7.11,11/20/2024,Cairo,Tablet,8.11,1.62,19.91,1414.87,YES,YES,TRUE
1569,73,6218,199.13,11,6,0.0822,1614,18.1,16-11-2024,Tokyo,Mobile,8.11,2.73,33.19,1414.87,YES,YES,TRUE
1570,95,5230,199.13,10,5,0.0526,1614,19.91,11/9/2024,Rome,Tablet,8.11,2.1,39.83,1414.87,YES,YES,TRUE
1571,130,4416,199.13,15,6,0.0462,1614,13.28,6/11/2024,Paris,Tablet,8.11,1.53,33.19,1414.87,YES,YES,FALSE
1572,141,4838,199.13,26,4,0.0284,1614,7.66,11/15/2024,Riyad,Desktop,8.11,1.41,49.78,1414.87,YES,YES,FALSE
1573,127,5431,199.13,11,5,0.0394,1614,18.1,11/6/2024,Cairo,Mobile,8.11,1.57,39.83,1414.87,YES,YES,FALSE
1574,114,4987,199.13,31,5,0.0439,1614,6.42,15-11-2024,Paris,Mobile,8.11,1.75,39.83,1414.87,YES,YES,FALSE
1575,175,3793,199.13,12,10,0.0571,1614,16.59,11/21/2024,Paris,Tablet,8.11,1.14,19.91,1414.87,YES,YES,TRUE
1576,197,6052,199.13,24,3,0.0152,1614,8.3,11/25/2024,Riyad,Tablet,8.11,1.01,66.38,1414.87,YES,YES,FALSE
1577,176,4721,199.13,13,4,0.0227,1614,15.32,11/8/2024,Tokyo,Tablet,8.11,1.13,49.78,1414.87,YES,YES,FALSE
1578,105,3396,199.13,20,11,0.1048,1614,9.96,21-11-2024,Baghdad,Mobile,8.11,1.9,18.1,1414.87,YES,YES,TRUE
1579,186,3330,199.13,16,10,0.0538,1614,12.45,11/26/2024,Tokyo,Mobile,8.11,1.07,19.91,1414.87,YES,YES,TRUE
1580,203,6092,199.13,27,5,0.0246,1614,7.38,30-11-2024,Tokyo,Tablet,8.11,0.98,39.83,1414.87,YES,YES,FALSE
1581,107,4454,199.13,26,10,0.0935,1614,7.66,11/9/2024,Paris,Mobile,8.11,1.86,19.91,1414.87,YES,YES,TRUE
1582,96,5505,199.13,21,8,0.0833,1614,9.48,11/29/2024,Cairo,Desktop,8.11,2.07,24.89,1414.87,YES,YES,TRUE
1583,99,4353,199.13,14,6,0.0606,1614,14.22,11/16/2024,London,Desktop,8.11,2.01,33.19,1414.87,YES,YES,TRUE
1584,91,3197,199.13,19,10,0.1099,1614,10.48,11/13/2024,Tokyo,Mobile,8.11,2.19,19.91,1414.87,YES,YES,TRUE
1585,93,3506,199.13,23,6,0.0645,1614,8.66,11/22/2024,Beijin,Desktop,8.11,2.14,33.19,1414.87,YES,YES,TRUE
1586,115,4429,199.13,29,6,0.0522,1614,6.87,11/14/2024,Paris,Desktop,8.11,1.73,33.19,1414.87,YES,YES,TRUE
1587,152,4591,199.13,27,7,0.0461,1614,7.38,3/11/2024,Riyad,Tablet,8.11,1.31,28.45,1414.87,YES,YES,FALSE
1588,192,5064,199.13,15,10,0.0521,1614,13.28,11/10/2024,Riyad,Mobile,8.11,1.04,19.91,1414.87,YES,YES,TRUE
1589,112,4839,199.13,11,8,0.0714,1614,18.1,11/16/2024,London,Desktop,8.11,1.78,24.89,1414.87,YES,YES,TRUE
1590,99,3590,199.13,26,6,0.0606,1614,7.66,11/22/2024,Beijin,Desktop,8.11,2.01,33.19,1414.87,YES,YES,TRUE
1591,99,3783,199.13,15,4,0.0404,1614,13.28,11/24/2024,Baghdad,Tablet,8.11,2.01,49.78,1414.87,YES,YES,FALSE
1592,37,5370,199.13,24,10,0.2703,1614,8.3,11/21/2024,Tokyo,Desktop,8.11,5.38,19.91,1414.87,YES,YES,TRUE
1593,119,3141,199.13,19,10,0.084,1614,10.48,21-11-2024,Baghdad,Mobile,8.11,1.67,19.91,1414.87,YES,YES,TRUE
1594,84,4629,199.13,25,9,0.1071,1614,7.97,11/16/2024,Beyrouth,Tablet,8.11,2.37,22.13,1414.87,YES,YES,TRUE
1595,181,4829,199.13,16,8,0.0442,1614,12.45,11/3/2024,Tokyo,Tablet,8.11,1.1,24.89,1414.87,YES,YES,FALSE
1596,111,3920,199.13,32,7,0.0631,1614,6.22,11/14/2024,Paris,Desktop,8.11,1.79,28.45,1414.87,YES,YES,TRUE
1597,133,3120,199.13,22,7,0.0526,1614,9.05,29-11-2024,Paris,Desktop,8.11,1.5,28.45,1414.87,YES,YES,TRUE
1598,119,4164,199.13,16,6,0.0504,1614,12.45,11/5/2024,Baghdad,Desktop,8.11,1.67,33.19,1414.87,YES,YES,TRUE
1599,96,6041,199.13,13,5,0.0521,1614,15.32,11/9/2024,Rome,Tablet,8.11,2.07,39.83,1414.87,YES,YES,TRUE
1600,144,5055,199.13,24,3,0.0208,1614,8.3,11/8/2024,Baghdad,Mobile,8.11,1.38,66.38,1414.87,YES,YES,FALSE
1601,103,6113,199.13,12,8,0.0777,1614,16.59,11/3/2024,Rome,Tablet,8.11,1.93,24.89,1414.87,YES,YES,TRUE
1602,116,5876,199.13,14,11,0.0948,1614,14.22,11/26/2024,Baghdad,Tablet,8.11,1.72,18.1,1414.87,YES,YES,TRUE
1603,118,5495,199.13,18,9,0.0763,1614,11.06,11/2/2024,Tokyo,Desktop,8.11,1.69,22.13,1414.87,YES,YES,TRUE
1604,240,5443,199.13,27,4,0.0167,1614,7.38,30-11-2024,Tokyo,Tablet,8.11,0.83,49.78,1414.87,YES,YES,FALSE
1605,92,3678,199.13,19,3,0.0326,1614,10.48,12/11/2024,Tokyo,Tablet,8.11,2.16,66.38,1414.87,YES,YES,FALSE
1606,161,5223,199.13,18,6,0.0373,1614,11.06,16-11-2024,Baghdad,Tablet,8.11,1.24,33.19,1414.87,YES,YES,FALSE
1607,97,3530,199.13,11,3,0.0309,1614,18.1,20-11-2024,Tokyo,Tablet,8.11,2.05,66.38,1414.87,YES,YES,FALSE
1608,96,3196,199.13,11,6,0.0625,1614,18.1,11/23/2024,Riyad,Tablet,8.11,2.07,33.19,1414.87,YES,YES,TRUE
1609,169,5020,199.13,26,8,0.0473,1614,7.66,11/24/2024,Baghdad,Mobile,8.11,1.18,24.89,1414.87,YES,YES,FALSE
1610,166,4727,199.13,23,6,0.0361,1614,8.66,3/11/2024,Riyad,Tablet,8.11,1.2,33.19,1414.87,YES,YES,FALSE
1611,123,4291,199.13,17,3,0.0244,1614,11.71,11/16/2024,Cairo,Desktop,8.11,1.62,66.38,1414.87,YES,YES,FALSE
1612,152,5148,199.13,18,6,0.0395,1614,11.06,11/3/2024,Tokyo,Tablet,8.11,1.31,33.19,1414.87,YES,YES,FALSE
1613,182,5583,199.13,30,5,0.0275,1614,6.64,30-11-2024,Tokyo,Tablet,8.11,1.09,39.83,1414.87,YES,YES,FALSE
1614,108,3366,199.13,28,10,0.0926,1614,7.11,23-11-2024,Cairo,Desktop,8.11,1.84,19.91,1414.87,YES,YES,TRUE
1615,181,6013,199.13,21,7,0.0387,1614,9.48,11/3/2024,Tokyo,Tablet,8.11,1.1,28.45,1414.87,YES,YES,FALSE
1616,81,4522,199.13,12,3,0.037,1614,16.59,20-11-2024,Tokyo,Tablet,8.11,2.46,66.38,1414.87,YES,YES,FALSE
1617,91,5683,199.13,22,9,0.0989,1614,9.05,20-11-2024,Riyad,Tablet,8.11,2.19,22.13,1414.87,YES,YES,TRUE
1618,160,4498,199.13,27,9,0.0562,1614,7.38,11/24/2024,Baghdad,Mobile,8.11,1.24,22.13,1414.87,YES,YES,TRUE
1619,161,3519,199.13,29,9,0.0559,1614,6.87,11/22/2024,Cairo,Desktop,8.11,1.24,22.13,1414.87,YES,YES,TRUE
1620,122,3332,199.13,20,10,0.082,1614,9.96,21-11-2024,Baghdad,Mobile,8.11,1.63,19.91,1414.87,YES,YES,TRUE
1621,204,5791,199.13,20,4,0.0196,1614,9.96,11/11/2024,Paris,Desktop,8.11,0.98,49.78,1414.87,YES,YES,FALSE
1622,148,4223,199.13,26,6,0.0405,1614,7.66,3/11/2024,Riyad,Tablet,8.11,1.35,33.19,1414.87,YES,YES,FALSE
1623,161,2376,199.13,22,7,0.0435,1614,9.05,11/4/2024,Cairo,Tablet,8.11,1.24,28.45,1414.87,YES,YES,FALSE
1624,130,5330,199.13,26,6,0.0462,1614,7.66,11/5/2024,Paris,Desktop,8.11,1.53,33.19,1414.87,YES,YES,FALSE
1625,106,5381,199.13,20,7,0.066,1614,9.96,11/29/2024,Cairo,Desktop,8.11,1.88,28.45,1414.87,YES,YES,TRUE
1626,148,5754,199.13,18,7,0.0473,1614,11.06,16-11-2024,Baghdad,Tablet,8.11,1.35,28.45,1414.87,YES,YES,FALSE
1627,153,3362,199.13,26,9,0.0588,1614,7.66,11/22/2024,Cairo,Desktop,8.11,1.3,22.13,1414.87,YES,YES,TRUE
1628,92,3483,199.13,22,4,0.0435,1614,9.05,12/11/2024,Tokyo,Tablet,8.11,2.16,49.78,1414.87,YES,YES,FALSE
1629,178,3665,199.13,10,7,0.0393,1614,19.91,12/11/2024,Paris,Mobile,8.11,1.12,28.45,1414.87,YES,YES,FALSE
1630,83,3784,199.13,29,8,0.0964,1614,6.87,11/16/2024,Beyrouth,Tablet,8.11,2.4,24.89,1414.87,YES,YES,TRUE
1631,111,3021,199.13,10,5,0.045,1614,19.91,11/23/2024,Riyad,Tablet,8.11,1.79,39.83,1414.87,YES,YES,FALSE
1632,173,3526,199.13,26,8,0.0462,1614,7.66,11/12/2024,Rome,Mobile,8.11,1.15,24.89,1414.87,YES,YES,FALSE
1633,113,4409,199.13,15,7,0.0619,1614,13.28,11/16/2024,London,Desktop,8.11,1.76,28.45,1414.87,YES,YES,TRUE
1634,152,5373,199.13,22,5,0.0329,1614,9.05,11/1/2024,Riyad,Tablet,8.11,1.31,39.83,1414.87,YES,YES,FALSE
1635,146,4447,199.13,24,6,0.0411,1614,8.3,11/5/2024,Paris,Desktop,8.11,1.36,33.19,1414.87,YES,YES,FALSE
1636,140,3517,199.13,21,7,0.05,1614,9.48,17-11-2024,Rome,Mobile,8.11,1.42,28.45,1414.87,YES,YES,TRUE
1637,130,3064,199.13,15,6,0.0462,1614,13.28,11/26/2024,Baghdad,Tablet,8.11,1.53,33.19,1414.87,YES,YES,FALSE
1638,98,5879,199.13,21,8,0.0816,1614,9.48,11/29/2024,Cairo,Desktop,8.11,2.03,24.89,1414.87,YES,YES,TRUE
1639,104,3807,199.13,22,4,0.0385,1614,9.05,11/22/2024,Beijin,Desktop,8.11,1.91,49.78,1414.87,YES,YES,FALSE
1640,185,3160,199.13,25,7,0.0378,1614,7.97,11/4/2024,Cairo,Tablet,8.11,1.08,28.45,1414.87,YES,YES,FALSE
1641,98,5635,199.13,17,9,0.0918,1614,11.71,11/8/2024,Baghdad,Desktop,8.11,2.03,22.13,1414.87,YES,YES,TRUE
1642,157,4516,199.13,27,8,0.051,1614,7.38,11/24/2024,Baghdad,Mobile,8.11,1.27,24.89,1414.87,YES,YES,TRUE
1643,95,4115,199.13,12,3,0.0316,1614,16.59,20-11-2024,Tokyo,Tablet,8.11,2.1,66.38,1414.87,YES,YES,FALSE
1644,114,4980,199.13,28,4,0.0351,1614,7.11,11/24/2024,London,Tablet,8.11,1.75,49.78,1414.87,YES,YES,FALSE
1645,172,5166,199.13,13,6,0.0349,1614,15.32,11/16/2024,Baghdad,Mobile,8.11,1.16,33.19,1414.87,YES,YES,FALSE
1646,223,6147,199.13,30,5,0.0224,1614,6.64,30-11-2024,Tokyo,Tablet,8.11,0.89,39.83,1414.87,YES,YES,FALSE
1647,179,2661,199.13,16,3,0.0168,1614,12.45,11/11/2024,Baghdad,Mobile,8.11,1.11,66.38,1414.87,YES,YES,FALSE
1648,128,5168,199.13,18,3,0.0234,1614,11.06,11/16/2024,Cairo,Desktop,8.11,1.56,66.38,1414.87,YES,YES,FALSE
1649,127,3319,199.13,27,6,0.0472,1614,7.38,11/19/2024,Rome,Desktop,8.11,1.57,33.19,1414.87,YES,YES,FALSE
1650,107,3826,199.13,21,10,0.0935,1614,9.48,21-11-2024,Baghdad,Mobile,8.11,1.86,19.91,1414.87,YES,YES,TRUE
1651,98,4477,199.13,16,8,0.0816,1614,12.45,11/16/2024,London,Desktop,8.11,2.03,24.89,1414.87,YES,YES,TRUE
1652,150,5494,199.13,14,3,0.02,1614,14.22,11/23/2024,Tokyo,Mobile,8.11,1.33,66.38,1414.87,YES,YES,FALSE
1653,188,4480,199.13,17,3,0.016,1614,11.71,11/23/2024,Rome,Desktop,8.11,1.06,66.38,1414.87,YES,YES,FALSE
1654,120,4683,199.13,16,10,0.0833,1614,12.45,11/26/2024,Baghdad,Tablet,8.11,1.66,19.91,1414.87,YES,YES,TRUE
1655,123,4733,199.13,21,10,0.0813,1614,9.48,11/8/2024,Baghdad,Desktop,8.11,1.62,19.91,1414.87,YES,YES,TRUE
1656,173,6079,199.13,23,4,0.0231,1614,8.66,11/11/2024,Paris,Desktop,8.11,1.15,49.78,1414.87,YES,YES,FALSE
1657,213,5147,199.13,16,9,0.0423,1614,12.45,11/10/2024,Riyad,Mobile,8.11,0.93,22.13,1414.87,YES,YES,FALSE
1658,131,4693,199.13,31,5,0.0382,1614,6.42,11/15/2024,Riyad,Desktop,8.11,1.52,39.83,1414.87,YES,YES,FALSE
1659,88,5317,199.13,12,5,0.0568,1614,16.59,11/9/2024,Rome,Tablet,8.11,2.26,39.83,1414.87,YES,YES,TRUE
1660,129,4640,199.13,20,7,0.0543,1614,9.96,11/5/2024,Tokyo,Desktop,8.11,1.54,28.45,1414.87,YES,YES,TRUE
1661,146,4152,199.13,21,3,0.0205,1614,9.48,11/23/2024,Rome,Desktop,8.11,1.36,66.38,1414.87,YES,YES,FALSE
1662,88,3224,199.13,19,8,0.0909,1614,10.48,11/13/2024,Tokyo,Mobile,8.11,2.26,24.89,1414.87,YES,YES,TRUE
1663,82,2892,199.13,22,7,0.0854,1614,9.05,11/20/2024,Tokyo,Tablet,8.11,2.43,28.45,1414.87,YES,YES,TRUE
1664,74,3338,199.13,23,8,0.1081,1614,8.66,11/20/2024,Tokyo,Tablet,8.11,2.69,24.89,1414.87,YES,YES,TRUE
1665,117,3521,199.13,11,6,0.0513,1614,18.1,11/23/2024,Riyad,Tablet,8.11,1.7,33.19,1414.87,YES,YES,TRUE
1666,122,5119,199.13,18,3,0.0246,1614,11.06,21-11-2024,Baghdad,Desktop,8.11,1.63,66.38,1414.87,YES,YES,FALSE
1667,121,4908,199.13,30,5,0.0413,1614,6.64,15-11-2024,Paris,Mobile,8.11,1.65,39.83,1414.87,YES,YES,FALSE
1668,99,6397,199.13,25,6,0.0606,1614,7.97,11/15/2024,Riyad,Tablet,8.11,2.01,33.19,1414.87,YES,YES,TRUE
1669,166,5529,199.13,19,7,0.0422,1614,10.48,16-11-2024,Baghdad,Tablet,8.11,1.2,28.45,1414.87,YES,YES,FALSE
1670,116,5129,199.13,19,10,0.0862,1614,10.48,11/20/2024,Riyad,Tablet,8.11,1.72,19.91,1414.87,YES,YES,TRUE
1671,129,4640,199.13,20,7,0.0543,1614,9.96,11/5/2024,Tokyo,Desktop,8.11,1.54,28.45,1414.87,YES,YES,TRUE
1672,110,6117,199.13,25,4,0.0364,1614,7.97,11/24/2024,London,Tablet,8.11,1.81,49.78,1414.87,YES,YES,FALSE
1673,146,5858,199.13,10,7,0.0479,1614,19.91,11/7/2024,Tokyo,Desktop,8.11,1.36,28.45,1414.87,YES,YES,FALSE
1674,154,4130,199.13,16,6,0.039,1614,12.45,11/9/2024,Cairo,Desktop,8.11,1.29,33.19,1414.87,YES,YES,FALSE
1675,156,3777,199.13,23,7,0.0449,1614,8.66,17-11-2024,Rome,Mobile,8.11,1.28,28.45,1414.87,YES,YES,FALSE
1676,179,4580,199.13,10,10,0.0559,1614,19.91,11/4/2024,Cairo,Desktop,8.11,1.11,19.91,1414.87,YES,YES,TRUE
1677,89,4358,199.13,17,5,0.0562,1614,11.71,12/11/2024,Tokyo,Tablet,8.11,2.24,39.83,1414.87,YES,YES,TRUE
1678,139,4656,199.13,16,5,0.036,1614,12.45,11/5/2024,Baghdad,Desktop,8.11,1.43,39.83,1414.87,YES,YES,FALSE
1679,139,6275,199.13,14,7,0.0504,1614,14.22,11/25/2024,Rome,Mobile,8.11,1.43,28.45,1414.87,YES,YES,TRUE
1680,105,3792,199.13,23,5,0.0476,1614,8.66,11/22/2024,Beijin,Desktop,8.11,1.9,39.83,1414.87,YES,YES,FALSE
1681,189,5319,199.13,17,8,0.0423,1614,11.71,16-11-2024,Baghdad,Tablet,8.11,1.05,24.89,1414.87,YES,YES,FALSE
1682,83,2980,199.13,21,9,0.1084,1614,9.48,11/13/2024,Tokyo,Mobile,8.11,2.4,22.13,1414.87,YES,YES,TRUE
1683,193,4256,199.13,31,8,0.0415,1614,6.42,11/8/2024,Paris,Tablet,8.11,1.03,24.89,1414.87,YES,YES,FALSE
1684,164,3168,199.13,15,10,0.061,1614,13.28,11/25/2024,Baghdad,Mobile,8.11,1.21,19.91,1414.87,YES,YES,TRUE
1685,141,4343,199.13,24,5,0.0355,1614,8.3,11/14/2024,Paris,Desktop,8.11,1.41,39.83,1414.87,YES,YES,FALSE
1686,105,3780,199.13,28,10,0.0952,1614,7.11,11/20/2024,Cairo,Tablet,8.11,1.9,19.91,1414.87,YES,YES,TRUE
1687,85,4018,199.13,22,4,0.0471,1614,9.05,12/11/2024,Tokyo,Tablet,8.11,2.34,49.78,1414.87,YES,YES,FALSE
1688,174,4647,199.13,30,8,0.046,1614,6.64,11/28/2024,Rome,Mobile,8.11,1.14,24.89,1414.87,YES,YES,FALSE
1689,190,5438,199.13,23,3,0.0158,1614,8.66,11/24/2024,Beyrouth,Tablet,8.11,1.05,66.38,1414.87,YES,YES,FALSE
1690,165,3416,199.13,26,7,0.0424,1614,7.66,3/11/2024,Riyad,Tablet,8.11,1.21,28.45,1414.87,YES,YES,FALSE
1691,134,3233,199.13,16,6,0.0448,1614,12.45,11/26/2024,Baghdad,Tablet,8.11,1.49,33.19,1414.87,YES,YES,FALSE
1692,161,5066,199.13,14,5,0.0311,1614,14.22,11/9/2024,Cairo,Desktop,8.11,1.24,39.83,1414.87,YES,YES,FALSE
1693,132,6449,199.13,20,8,0.0606,1614,9.96,11/25/2024,Tokyo,Mobile,8.11,1.51,24.89,1414.87,YES,YES,TRUE
1694,95,6125,199.13,12,6,0.0632,1614,16.59,16-11-2024,Tokyo,Mobile,8.11,2.1,33.19,1414.87,YES,YES,TRUE
1695,160,5795,199.13,10,7,0.0438,1614,19.91,20-11-2024,Rome,Mobile,8.11,1.24,28.45,1414.87,YES,YES,FALSE
1696,136,5056,199.13,12,5,0.0368,1614,16.59,11/6/2024,Cairo,Mobile,8.11,1.46,39.83,1414.87,YES,YES,FALSE
1697,212,5160,199.13,15,8,0.0377,1614,13.28,11/10/2024,Riyad,Mobile,8.11,0.94,24.89,1414.87,YES,YES,FALSE
1698,180,4629,199.13,14,8,0.0444,1614,14.22,27-11-2024,Cairo,Mobile,8.11,1.11,24.89,1414.87,YES,YES,FALSE
1699,167,3733,199.13,25,9,0.0539,1614,7.97,12/11/2024,Cairo,Tablet,8.11,1.19,22.13,1414.87,YES,YES,TRUE
1700,125,3086,199.13,27,5,0.04,1614,7.38,11/19/2024,Rome,Desktop,8.11,1.59,39.83,1414.87,YES,YES,FALSE
1701,179,2882,199.13,21,7,0.0391,1614,9.48,11/4/2024,Cairo,Tablet,8.11,1.11,28.45,1414.87,YES,YES,FALSE
1702,198,4404,199.13,18,5,0.0253,1614,11.06,11/8/2024,Tokyo,Tablet,8.11,1.01,39.83,1414.87,YES,YES,FALSE
1703,150,4816,199.13,16,7,0.0467,1614,12.45,11/9/2024,Cairo,Desktop,8.11,1.33,28.45,1414.87,YES,YES,FALSE
1704,157,4687,199.13,30,8,0.051,1614,6.64,11/28/2024,Rome,Mobile,8.11,1.27,24.89,1414.87,YES,YES,TRUE
1705,82,3760,199.13,22,4,0.0488,1614,9.05,12/11/2024,Tokyo,Tablet,8.11,2.43,49.78,1414.87,YES,YES,FALSE
1706,117,3111,199.13,20,3,0.0256,1614,9.96,11/27/2024,Canberra,Desktop,8.11,1.7,66.38,1414.87,YES,YES,FALSE
1707,179,6083,199.13,12,5,0.0279,1614,16.59,11/2/2024,Riyad,Desktop,8.11,1.11,39.83,1414.87,YES,YES,FALSE
1708,181,4580,199.13,11,9,0.0497,1614,18.1,11/4/2024,Cairo,Desktop,8.11,1.1,22.13,1414.87,YES,YES,TRUE
1709,182,2751,199.13,17,3,0.0165,1614,11.71,11/11/2024,Baghdad,Mobile,8.11,1.09,66.38,1414.87,YES,YES,FALSE
1710,196,5201,199.13,29,5,0.0255,1614,6.87,30-11-2024,Tokyo,Tablet,8.11,1.02,39.83,1414.87,YES,YES,FALSE
1711,119,3508,199.13,18,3,0.0252,1614,11.06,11/27/2024,Canberra,Desktop,8.11,1.67,66.38,1414.87,YES,YES,FALSE
1712,96,4763,199.13,11,5,0.0521,1614,18.1,11/9/2024,Rome,Tablet,8.11,2.07,39.83,1414.87,YES,YES,TRUE
1713,177,4500,199.13,11,9,0.0508,1614,18.1,11/4/2024,Cairo,Desktop,8.11,1.13,22.13,1414.87,YES,YES,TRUE
1714,133,6495,199.13,28,9,0.0677,1614,7.11,11/10/2024,Cairo,Desktop,8.11,1.5,22.13,1414.87,YES,YES,TRUE
1715,127,5635,199.13,11,5,0.0394,1614,18.1,11/6/2024,Cairo,Mobile,8.11,1.57,39.83,1414.87,YES,YES,FALSE
1716,99,4744,199.13,16,5,0.0505,1614,12.45,6/11/2024,Paris,Tablet,8.11,2.01,39.83,1414.87,YES,YES,TRUE
1717,140,4682,199.13,16,9,0.0643,1614,12.45,12/11/2024,Cairo,Mobile,8.11,1.42,22.13,1414.87,YES,YES,TRUE
1718,137,6408,199.13,13,6,0.0438,1614,15.32,11/25/2024,Rome,Mobile,8.11,1.45,33.19,1414.87,YES,YES,FALSE
1719,87,3206,199.13,16,5,0.0575,1614,12.45,11/24/2024,Baghdad,Tablet,8.11,2.29,39.83,1414.87,YES,YES,TRUE
1720,136,3138,199.13,18,3,0.0221,1614,11.06,11/27/2024,Canberra,Desktop,8.11,1.46,66.38,1414.87,YES,YES,FALSE
1721,129,4640,199.13,20,7,0.0543,1614,9.96,11/5/2024,Tokyo,Desktop,8.11,1.54,28.45,1414.87,YES,YES,TRUE
1722,115,5179,199.13,19,11,0.0957,1614,10.48,11/2/2024,Tokyo,Desktop,8.11,1.73,18.1,1414.87,YES,YES,TRUE
1723,106,4944,199.13,16,6,0.0566,1614,12.45,11/16/2024,London,Desktop,8.11,1.88,33.19,1414.87,YES,YES,TRUE
1724,105,5884,199.13,23,9,0.0857,1614,8.66,20-11-2024,Riyad,Tablet,8.11,1.9,22.13,1414.87,YES,YES,TRUE
1725,167,5161,199.13,10,7,0.0419,1614,19.91,20-11-2024,Rome,Mobile,8.11,1.19,28.45,1414.87,YES,YES,FALSE
1726,134,4130,199.13,14,6,0.0448,1614,14.22,11/5/2024,Baghdad,Desktop,8.11,1.49,33.19,1414.87,YES,YES,FALSE
1727,129,4640,199.13,20,7,0.0543,1614,9.96,11/5/2024,Tokyo,Desktop,8.11,1.54,28.45,1414.87,YES,YES,TRUE
1728,138,4915,199.13,17,9,0.0652,1614,11.71,18-11-2024,Baghdad,Desktop,8.11,1.44,22.13,1414.87,YES,YES,TRUE
1729,168,3091,199.13,19,3,0.0179,1614,10.48,11/11/2024,Baghdad,Mobile,8.11,1.19,66.38,1414.87,YES,YES,FALSE
1730,176,4037,199.13,19,11,0.0625,1614,10.48,11/26/2024,Tokyo,Mobile,8.11,1.13,18.1,1414.87,YES,YES,TRUE
1731,137,3508,199.13,16,3,0.0219,1614,12.45,11/27/2024,Canberra,Desktop,8.11,1.45,66.38,1414.87,YES,YES,FALSE
1732,191,5951,199.13,12,6,0.0314,1614,16.59,11/16/2024,Baghdad,Mobile,8.11,1.04,33.19,1414.87,YES,YES,FALSE
1733,127,5278,199.13,29,5,0.0394,1614,6.87,11/15/2024,Riyad,Desktop,8.11,1.57,39.83,1414.87,YES,YES,FALSE
1734,152,3052,199.13,23,10,0.0658,1614,8.66,11/12/2024,Rome,Mobile,8.11,1.31,19.91,1414.87,YES,YES,TRUE
1735,201,5128,199.13,24,9,0.0448,1614,8.3,11/7/2024,Riyad,Tablet,8.11,0.99,22.13,1414.87,YES,YES,FALSE
1736,129,4270,199.13,26,5,0.0388,1614,7.66,11/14/2024,Paris,Desktop,8.11,1.54,39.83,1414.87,YES,YES,FALSE
1737,99,3900,199.13,33,8,0.0808,1614,6.03,26-11-2024,Baghdad,Desktop,8.11,2.01,24.89,1414.87,YES,YES,TRUE
1738,187,5682,199.13,15,9,0.0481,1614,13.28,11/10/2024,Riyad,Mobile,8.11,1.06,22.13,1414.87,YES,YES,FALSE
1739,125,4794,199.13,23,10,0.08,1614,8.66,11/8/2024,Baghdad,Desktop,8.11,1.59,19.91,1414.87,YES,YES,TRUE
1740,147,3219,199.13,21,5,0.034,1614,9.48,11/7/2024,Paris,Mobile,8.11,1.35,39.83,1414.87,YES,YES,FALSE
1741,39,5594,199.13,20,10,0.2564,1614,9.96,11/21/2024,Tokyo,Desktop,8.11,5.11,19.91,1414.87,YES,YES,TRUE
1742,123,3320,199.13,13,11,0.0894,1614,15.32,11/9/2024,Cairo,Desktop,8.11,1.62,18.1,1414.87,YES,YES,TRUE
1743,217,4190,199.13,11,7,0.0323,1614,18.1,16-11-2024,Riyad,Mobile,8.11,0.92,28.45,1414.87,YES,YES,FALSE
1744,87,4801,199.13,28,5,0.0575,1614,7.11,15-11-2024,Paris,Mobile,8.11,2.29,39.83,1414.87,YES,YES,TRUE
1745,177,5185,199.13,19,7,0.0395,1614,10.48,16-11-2024,Baghdad,Tablet,8.11,1.13,28.45,1414.87,YES,YES,FALSE
1746,189,3749,199.13,9,6,0.0317,1614,22.13,12/11/2024,Paris,Mobile,8.11,1.05,33.19,1414.87,YES,YES,FALSE
1747,83,3658,199.13,18,10,0.1205,1614,11.06,11/13/2024,Tokyo,Mobile,8.11,2.4,19.91,1414.87,YES,YES,TRUE
1748,137,5271,199.13,23,8,0.0584,1614,8.66,11/25/2024,Tokyo,Mobile,8.11,1.45,24.89,1414.87,YES,YES,TRUE
1749,130,4966,199.13,29,10,0.0769,1614,6.87,11/10/2024,Cairo,Desktop,8.11,1.53,19.91,1414.87,YES,YES,TRUE
1750,179,5495,199.13,25,3,0.0168,1614,7.97,11/25/2024,Riyad,Tablet,8.11,1.11,66.38,1414.87,YES,YES,FALSE
1751,111,4863,199.13,13,8,0.0721,1614,15.32,11/3/2024,Rome,Tablet,8.11,1.79,24.89,1414.87,YES,YES,TRUE
1752,150,5151,199.13,28,6,0.04,1614,7.11,11/5/2024,Paris,Desktop,8.11,1.33,33.19,1414.87,YES,YES,FALSE
1753,167,5592,199.13,10,8,0.0479,1614,19.91,20-11-2024,Rome,Mobile,8.11,1.19,24.89,1414.87,YES,YES,FALSE
1754,170,3951,199.13,11,8,0.0471,1614,18.1,16-11-2024,Riyad,Mobile,8.11,1.17,24.89,1414.87,YES,YES,FALSE
1755,155,5659,199.13,20,8,0.0516,1614,9.96,16-11-2024,Baghdad,Tablet,8.11,1.28,24.89,1414.87,YES,YES,TRUE
1756,112,5732,199.13,22,8,0.0714,1614,9.05,11/29/2024,Cairo,Desktop,8.11,1.78,24.89,1414.87,YES,YES,TRUE
1757,189,6916,199.13,28,5,0.0265,1614,7.11,30-11-2024,Tokyo,Tablet,8.11,1.05,39.83,1414.87,YES,YES,FALSE
1758,127,3137,199.13,28,5,0.0394,1614,7.11,11/19/2024,Rome,Desktop,8.11,1.57,39.83,1414.87,YES,YES,FALSE
1759,191,6124,199.13,19,9,0.0471,1614,10.48,11/7/2024,Riyad,Tablet,8.11,1.04,22.13,1414.87,YES,YES,FALSE
1760,106,5610,199.13,11,8,0.0755,1614,18.1,11/3/2024,Rome,Tablet,8.11,1.88,24.89,1414.87,YES,YES,TRUE
1761,100,3605,199.13,23,8,0.08,1614,8.66,11/20/2024,Tokyo,Tablet,8.11,1.99,24.89,1414.87,YES,YES,TRUE
1762,116,4991,199.13,19,9,0.0776,1614,10.48,11/8/2024,Baghdad,Desktop,8.11,1.72,22.13,1414.87,YES,YES,TRUE
1763,160,5789,199.13,27,7,0.0438,1614,7.38,11/11/2024,Baghdad,Tablet,8.11,1.24,28.45,1414.87,YES,YES,FALSE
1764,163,2981,199.13,20,5,0.0307,1614,9.96,11/7/2024,Paris,Mobile,8.11,1.22,39.83,1414.87,YES,YES,FALSE
1765,118,4698,199.13,13,6,0.0508,1614,15.32,11/5/2024,Baghdad,Desktop,8.11,1.69,33.19,1414.87,YES,YES,TRUE
1766,108,5180,199.13,17,12,0.1111,1614,11.71,11/26/2024,Baghdad,Tablet,8.11,1.84,16.59,1414.87,YES,YES,TRUE
1767,94,5535,199.13,24,10,0.1064,1614,8.3,11/12/2024,Tokyo,Mobile,8.11,2.12,19.91,1414.87,YES,YES,TRUE
1768,97,3351,199.13,26,11,0.1134,1614,7.66,23-11-2024,Cairo,Desktop,8.11,2.05,18.1,1414.87,YES,YES,TRUE
1769,86,4120,199.13,25,9,0.1047,1614,7.97,4/11/2024,Cairo,Desktop,8.11,2.32,22.13,1414.87,YES,YES,TRUE
1770,132,5086,199.13,16,9,0.0682,1614,12.45,11/26/2024,Baghdad,Tablet,8.11,1.51,22.13,1414.87,YES,YES,TRUE
1771,168,3672,199.13,28,8,0.0476,1614,7.11,12/11/2024,Cairo,Tablet,8.11,1.19,24.89,1414.87,YES,YES,FALSE
1772,80,4511,199.13,28,11,0.1375,1614,7.11,11/5/2024,Rome,Desktop,8.11,2.49,18.1,1414.87,YES,YES,TRUE
1773,199,5503,199.13,12,6,0.0302,1614,16.59,11/16/2024,Baghdad,Mobile,8.11,1,33.19,1414.87,YES,YES,FALSE
1774,40,4574,199.13,22,11,0.275,1614,9.05,11/21/2024,Tokyo,Desktop,8.11,4.98,18.1,1414.87,YES,YES,TRUE
1775,128,4510,199.13,33,3,0.0234,1614,6.03,11/8/2024,Rome,Mobile,8.11,1.56,66.38,1414.87,YES,YES,FALSE
1776,136,3360,199.13,10,10,0.0735,1614,19.91,11/9/2024,Cairo,Desktop,8.11,1.46,19.91,1414.87,YES,YES,TRUE
1777,129,4640,199.13,20,7,0.0543,1614,9.96,11/5/2024,Tokyo,Desktop,8.11,1.54,28.45,1414.87,YES,YES,TRUE
1778,102,5744,199.13,22,7,0.0686,1614,9.05,11/29/2024,Cairo,Desktop,8.11,1.95,28.45,1414.87,YES,YES,TRUE
1779,119,4715,199.13,27,11,0.0924,1614,7.38,11/9/2024,Paris,Mobile,8.11,1.67,18.1,1414.87,YES,YES,TRUE
1780,92,5065,199.13,24,9,0.0978,1614,8.3,20-11-2024,Riyad,Tablet,8.11,2.16,22.13,1414.87,YES,YES,TRUE
1781,93,3913,199.13,14,5,0.0538,1614,14.22,11/24/2024,Baghdad,Tablet,8.11,2.14,39.83,1414.87,YES,YES,TRUE
1782,227,4092,199.13,12,9,0.0396,1614,16.59,11/14/2024,Riyad,Desktop,8.11,0.88,22.13,1414.87,YES,YES,FALSE
1783,163,5128,199.13,11,8,0.0491,1614,18.1,20-11-2024,Rome,Mobile,8.11,1.22,24.89,1414.87,YES,YES,FALSE
1784,143,3527,199.13,16,5,0.035,1614,12.45,11/26/2024,Baghdad,Tablet,8.11,1.39,39.83,1414.87,YES,YES,FALSE
1785,112,5073,199.13,13,6,0.0536,1614,15.32,11/25/2024,Rome,Mobile,8.11,1.78,33.19,1414.87,YES,YES,TRUE
1786,147,4965,199.13,9,7,0.0476,1614,22.13,11/7/2024,Tokyo,Desktop,8.11,1.35,28.45,1414.87,YES,YES,FALSE
1787,145,3530,199.13,16,11,0.0759,1614,12.45,11/25/2024,Baghdad,Mobile,8.11,1.37,18.1,1414.87,YES,YES,TRUE
1788,140,3561,199.13,22,8,0.0571,1614,9.05,29-11-2024,Paris,Desktop,8.11,1.42,24.89,1414.87,YES,YES,TRUE
1789,121,3670,199.13,28,5,0.0413,1614,7.11,11/14/2024,Paris,Desktop,8.11,1.65,39.83,1414.87,YES,YES,FALSE
1790,150,4941,199.13,23,5,0.0333,1614,8.66,11/1/2024,Riyad,Tablet,8.11,1.33,39.83,1414.87,YES,YES,FALSE
1791,174,3685,199.13,20,8,0.046,1614,9.96,11/12/2024,Rome,Mobile,8.11,1.14,24.89,1414.87,YES,YES,FALSE
1792,85,4296,199.13,24,10,0.1176,1614,8.3,11/5/2024,Rome,Desktop,8.11,2.34,19.91,1414.87,YES,YES,TRUE
1793,202,6940,199.13,13,6,0.0297,1614,15.32,11/2/2024,Riyad,Desktop,8.11,0.99,33.19,1414.87,YES,YES,FALSE
1794,156,4143,199.13,13,8,0.0513,1614,15.32,27-11-2024,Cairo,Mobile,8.11,1.28,24.89,1414.87,YES,YES,TRUE
1795,192,4334,199.13,17,11,0.0573,1614,11.71,11/26/2024,Tokyo,Mobile,8.11,1.04,18.1,1414.87,YES,YES,TRUE
1796,209,4656,199.13,15,10,0.0478,1614,13.28,11/10/2024,Riyad,Mobile,8.11,0.95,19.91,1414.87,YES,YES,FALSE
1797,88,4049,199.13,25,11,0.125,1614,7.97,4/11/2024,Cairo,Desktop,8.11,2.26,18.1,1414.87,YES,YES,TRUE
1798,132,5048,199.13,21,3,0.0227,1614,9.48,11/8/2024,Baghdad,Mobile,8.11,1.51,66.38,1414.87,YES,YES,FALSE
1799,103,4810,199.13,22,9,0.0874,1614,9.05,11/29/2024,Cairo,Desktop,8.11,1.93,22.13,1414.87,YES,YES,TRUE
1800,140,7282,199.13,12,9,0.0643,1614,16.59,11/7/2024,Tokyo,Desktop,8.11,1.42,22.13,1414.87,YES,YES,TRUE
1801,101,5707,199.13,25,7,0.0693,1614,7.97,11/15/2024,Riyad,Tablet,8.11,1.97,28.45,1414.87,YES,YES,TRUE
1802,117,5112,199.13,17,10,0.0855,1614,11.71,11/2/2024,Tokyo,Desktop,8.11,1.7,19.91,1414.87,YES,YES,TRUE
1803,126,3354,199.13,21,5,0.0397,1614,9.48,11/7/2024,Paris,Mobile,8.11,1.58,39.83,1414.87,YES,YES,FALSE
1804,92,4622,199.13,23,9,0.0978,1614,8.66,4/11/2024,Cairo,Desktop,8.11,2.16,22.13,1414.87,YES,YES,TRUE
1805,183,4516,199.13,11,9,0.0492,1614,18.1,11/21/2024,Paris,Tablet,8.11,1.09,22.13,1414.87,YES,YES,FALSE
1806,108,3024,199.13,11,6,0.0556,1614,18.1,11/23/2024,Riyad,Tablet,8.11,1.84,33.19,1414.87,YES,YES,TRUE
1807,166,4379,199.13,20,3,0.0181,1614,9.96,11/23/2024,Rome,Desktop,8.11,1.2,66.38,1414.87,YES,YES,FALSE
1808,129,4640,199.13,20,7,0.0543,1614,9.96,11/5/2024,Tokyo,Desktop,8.11,1.54,28.45,1414.87,YES,YES,TRUE
1809,104,3586,199.13,11,6,0.0577,1614,18.1,11/23/2024,Riyad,Tablet,8.11,1.91,33.19,1414.87,YES,YES,TRUE
1810,71,3232,199.13,12,3,0.0423,1614,16.59,20-11-2024,Tokyo,Tablet,8.11,2.8,66.38,1414.87,YES,YES,FALSE
1811,177,3887,199.13,28,7,0.0395,1614,7.11,11/8/2024,Paris,Tablet,8.11,1.13,28.45,1414.87,YES,YES,FALSE
1812,126,5609,199.13,24,8,0.0635,1614,8.3,11/25/2024,Tokyo,Mobile,8.11,1.58,24.89,1414.87,YES,YES,TRUE
1813,140,5285,199.13,26,3,0.0214,1614,7.66,11/8/2024,Baghdad,Mobile,8.11,1.42,66.38,1414.87,YES,YES,FALSE
1814,177,5811,199.13,22,9,0.0508,1614,9.05,11/7/2024,Riyad,Tablet,8.11,1.13,22.13,1414.87,YES,YES,TRUE
1815,151,5183,199.13,14,6,0.0397,1614,14.22,11/9/2024,Cairo,Desktop,8.11,1.32,33.19,1414.87,YES,YES,FALSE
1816,87,4749,199.13,14,6,0.069,1614,14.22,11/5/2024,Cairo,Desktop,8.11,2.29,33.19,1414.87,YES,YES,TRUE
1817,179,6241,199.13,20,9,0.0503,1614,9.96,11/7/2024,Riyad,Tablet,8.11,1.11,22.13,1414.87,YES,YES,TRUE
1818,93,4047,199.13,17,6,0.0645,1614,11.71,11/5/2024,Cairo,Desktop,8.11,2.14,33.19,1414.87,YES,YES,TRUE
1819,96,6573,199.13,11,6,0.0625,1614,18.1,16-11-2024,Tokyo,Mobile,8.11,2.07,33.19,1414.87,YES,YES,TRUE
1820,109,3997,199.13,25,6,0.055,1614,7.97,11/14/2024,Paris,Desktop,8.11,1.83,33.19,1414.87,YES,YES,TRUE
1821,151,3776,199.13,14,10,0.0662,1614,14.22,11/25/2024,Baghdad,Mobile,8.11,1.32,19.91,1414.87,YES,YES,TRUE
1822,131,6313,199.13,26,4,0.0305,1614,7.66,11/24/2024,London,Tablet,8.11,1.52,49.78,1414.87,YES,YES,FALSE
1823,154,4811,199.13,14,6,0.039,1614,14.22,11/9/2024,Cairo,Desktop,8.11,1.29,33.19,1414.87,YES,YES,FALSE
1824,102,4860,199.13,17,6,0.0588,1614,11.71,11/5/2024,Cairo,Desktop,8.11,1.95,33.19,1414.87,YES,YES,TRUE
1825,159,2813,199.13,24,9,0.0566,1614,8.3,12/11/2024,Cairo,Tablet,8.11,1.25,22.13,1414.87,YES,YES,TRUE
1826,108,4868,199.13,13,9,0.0833,1614,15.32,11/26/2024,Baghdad,Tablet,8.11,1.84,22.13,1414.87,YES,YES,TRUE
1827,97,5882,199.13,26,8,0.0825,1614,7.66,11/5/2024,Rome,Tablet,8.11,2.05,24.89,1414.87,YES,YES,TRUE
1828,197,4239,199.13,15,8,0.0406,1614,13.28,11/14/2024,Riyad,Desktop,8.11,1.01,24.89,1414.87,YES,YES,FALSE
1829,201,5103,199.13,13,6,0.0299,1614,15.32,11/16/2024,Baghdad,Mobile,8.11,0.99,33.19,1414.87,YES,YES,FALSE
1830,194,5647,199.13,24,6,0.0309,1614,8.3,1/11/2024,Paris,Tablet,8.11,1.03,33.19,1414.87,YES,YES,FALSE
1831,100,4303,199.13,20,6,0.06,1614,9.96,14-11-2024,Tokyo,Desktop,8.11,1.99,33.19,1414.87,YES,YES,TRUE
1832,91,5529,199.13,11,4,0.044,1614,18.1,11/9/2024,Rome,Tablet,8.11,2.19,49.78,1414.87,YES,YES,FALSE
1833,95,4000,199.13,17,11,0.1158,1614,11.71,11/20/2024,Riyad,Tablet,8.11,2.1,18.1,1414.87,YES,YES,TRUE
1834,116,5440,199.13,10,6,0.0517,1614,19.91,11/6/2024,Cairo,Mobile,8.11,1.72,33.19,1414.87,YES,YES,TRUE
1835,130,4781,199.13,25,6,0.0462,1614,7.97,3/11/2024,Riyad,Tablet,8.11,1.53,33.19,1414.87,YES,YES,FALSE
1836,199,4142,199.13,18,3,0.0151,1614,11.06,11/23/2024,Rome,Desktop,8.11,1,66.38,1414.87,YES,YES,FALSE
1837,136,5656,199.13,14,6,0.0441,1614,14.22,11/25/2024,Rome,Mobile,8.11,1.46,33.19,1414.87,YES,YES,FALSE
1838,158,5835,199.13,22,5,0.0316,1614,9.05,11/12/2024,Baghdad,Mobile,8.11,1.26,39.83,1414.87,YES,YES,FALSE
1839,89,5503,199.13,19,6,0.0674,1614,10.48,14-11-2024,Tokyo,Desktop,8.11,2.24,33.19,1414.87,YES,YES,TRUE
1840,103,4085,199.13,14,7,0.068,1614,14.22,11/16/2024,London,Desktop,8.11,1.93,28.45,1414.87,YES,YES,TRUE
1841,177,4349,199.13,10,10,0.0565,1614,19.91,11/21/2024,Paris,Tablet,8.11,1.13,19.91,1414.87,YES,YES,TRUE
1842,130,3232,199.13,22,7,0.0538,1614,9.05,29-11-2024,Paris,Desktop,8.11,1.53,28.45,1414.87,YES,YES,TRUE
1843,112,2742,199.13,26,8,0.0714,1614,7.66,23-11-2024,Cairo,Desktop,8.11,1.78,24.89,1414.87,YES,YES,TRUE
1844,193,5800,199.13,19,4,0.0207,1614,10.48,11/11/2024,Paris,Desktop,8.11,1.03,49.78,1414.87,YES,YES,FALSE
1845,93,4467,199.13,29,10,0.1075,1614,6.87,11/16/2024,Beyrouth,Tablet,8.11,2.14,19.91,1414.87,YES,YES,TRUE
1846,162,4244,199.13,29,8,0.0494,1614,6.87,11/8/2024,Paris,Tablet,8.11,1.23,24.89,1414.87,YES,YES,FALSE
1847,200,5079,199.13,27,3,0.015,1614,7.38,11/25/2024,Riyad,Tablet,8.11,1,66.38,1414.87,YES,YES,FALSE
1848,129,4640,199.13,20,7,0.0543,1614,9.96,11/5/2024,Tokyo,Desktop,8.11,1.54,28.45,1414.87,YES,YES,TRUE
1849,88,5860,199.13,11,5,0.0568,1614,18.1,16-11-2024,Tokyo,Mobile,8.11,2.26,39.83,1414.87,YES,YES,TRUE
1850,87,4898,199.13,20,7,0.0805,1614,9.96,30-11-2024,Rome,Mobile,8.11,2.29,28.45,1414.87,YES,YES,TRUE
1851,116,3787,199.13,11,11,0.0948,1614,18.1,11/9/2024,Cairo,Desktop,8.11,1.72,18.1,1414.87,YES,YES,TRUE
1852,164,5405,199.13,21,6,0.0366,1614,9.48,11/1/2024,Riyad,Tablet,8.11,1.21,33.19,1414.87,YES,YES,FALSE
1853,179,6116,199.13,13,7,0.0391,1614,15.32,11/2/2024,Riyad,Desktop,8.11,1.11,28.45,1414.87,YES,YES,FALSE
1854,204,3745,199.13,27,7,0.0343,1614,7.38,23-11-2024,Baghdad,Mobile,8.11,0.98,28.45,1414.87,YES,YES,FALSE
1855,156,4557,199.13,18,9,0.0577,1614,11.06,11/26/2024,Tokyo,Mobile,8.11,1.28,22.13,1414.87,YES,YES,TRUE
1856,171,3089,199.13,26,7,0.0409,1614,7.66,23-11-2024,Baghdad,Mobile,8.11,1.16,28.45,1414.87,YES,YES,FALSE
1857,82,3319,199.13,18,4,0.0488,1614,11.06,12/11/2024,Tokyo,Tablet,8.11,2.43,49.78,1414.87,YES,YES,FALSE
1858,106,5243,199.13,14,10,0.0943,1614,14.22,1/11/2024,Tokyo,Desktop,8.11,1.88,19.91,1414.87,YES,YES,TRUE
1859,167,5009,199.13,26,7,0.0419,1614,7.66,11/11/2024,Baghdad,Tablet,8.11,1.19,28.45,1414.87,YES,YES,FALSE
1860,187,5917,199.13,14,6,0.0321,1614,14.22,11/16/2024,Baghdad,Mobile,8.11,1.06,33.19,1414.87,YES,YES,FALSE
1861,132,5148,199.13,18,8,0.0606,1614,11.06,18-11-2024,Baghdad,Desktop,8.11,1.51,24.89,1414.87,YES,YES,TRUE
1862,81,6055,199.13,10,6,0.0741,1614,19.91,16-11-2024,Tokyo,Mobile,8.11,2.46,33.19,1414.87,YES,YES,TRUE
1863,112,3845,199.13,30,6,0.0536,1614,6.64,11/14/2024,Paris,Desktop,8.11,1.78,33.19,1414.87,YES,YES,TRUE
1864,167,5103,199.13,11,8,0.0479,1614,18.1,20-11-2024,Rome,Mobile,8.11,1.19,24.89,1414.87,YES,YES,FALSE
1865,157,4663,199.13,20,6,0.0382,1614,9.96,16-11-2024,Baghdad,Tablet,8.11,1.27,33.19,1414.87,YES,YES,FALSE
1866,162,5299,199.13,18,9,0.0556,1614,11.06,18-11-2024,Baghdad,Desktop,8.11,1.23,22.13,1414.87,YES,YES,TRUE
1867,144,4252,199.13,21,4,0.0278,1614,9.48,11/1/2024,Riyad,Tablet,8.11,1.38,49.78,1414.87,YES,YES,FALSE
1868,212,6103,199.13,28,6,0.0283,1614,7.11,11/12/2024,Baghdad,Mobile,8.11,0.94,33.19,1414.87,YES,YES,FALSE
1869,136,4503,199.13,23,3,0.0221,1614,8.66,11/8/2024,Baghdad,Mobile,8.11,1.46,66.38,1414.87,YES,YES,FALSE
1870,118,4343,199.13,16,5,0.0424,1614,12.45,6/11/2024,Paris,Tablet,8.11,1.69,39.83,1414.87,YES,YES,FALSE
1871,144,5656,199.13,23,6,0.0417,1614,8.66,11/5/2024,Paris,Desktop,8.11,1.38,33.19,1414.87,YES,YES,FALSE
1872,105,5712,199.13,22,8,0.0762,1614,9.05,11/25/2024,Tokyo,Mobile,8.11,1.9,24.89,1414.87,YES,YES,TRUE
1873,100,5024,199.13,12,5,0.05,1614,16.59,16-11-2024,Tokyo,Mobile,8.11,1.99,39.83,1414.87,YES,YES,TRUE
1874,144,5620,199.13,10,8,0.0556,1614,19.91,11/7/2024,Tokyo,Desktop,8.11,1.38,24.89,1414.87,YES,YES,TRUE
1875,181,3787,199.13,18,10,0.0552,1614,11.06,11/26/2024,Tokyo,Mobile,8.11,1.1,19.91,1414.87,YES,YES,TRUE
1876,93,4131,199.13,25,10,0.1075,1614,7.97,11/5/2024,Rome,Desktop,8.11,2.14,19.91,1414.87,YES,YES,TRUE
1877,193,3777,199.13,10,7,0.0363,1614,19.91,12/11/2024,Paris,Mobile,8.11,1.03,28.45,1414.87,YES,YES,FALSE
1878,164,5756,199.13,19,7,0.0427,1614,10.48,11/3/2024,Tokyo,Tablet,8.11,1.21,28.45,1414.87,YES,YES,FALSE
1879,212,5341,199.13,15,9,0.0425,1614,13.28,11/10/2024,Riyad,Mobile,8.11,0.94,22.13,1414.87,YES,YES,FALSE
1880,116,5309,199.13,11,6,0.0517,1614,18.1,22-11-2024,Tokyo,Desktop,8.11,1.72,33.19,1414.87,YES,YES,TRUE
1881,128,4937,199.13,17,3,0.0234,1614,11.71,11/16/2024,Cairo,Desktop,8.11,1.56,66.38,1414.87,YES,YES,FALSE
1882,173,3287,199.13,29,8,0.0462,1614,6.87,11/22/2024,Cairo,Desktop,8.11,1.15,24.89,1414.87,YES,YES,FALSE
1883,132,5128,199.13,25,8,0.0606,1614,7.97,11/25/2024,Tokyo,Mobile,8.11,1.51,24.89,1414.87,YES,YES,TRUE
1884,96,4384,199.13,26,10,0.1042,1614,7.66,11/16/2024,Beyrouth,Tablet,8.11,2.07,19.91,1414.87,YES,YES,TRUE
1885,100,3300,199.13,20,4,0.04,1614,9.96,11/28/2024,Riyad,Tablet,8.11,1.99,49.78,1414.87,YES,YES,FALSE
1886,155,3482,199.13,26,8,0.0516,1614,7.66,12/11/2024,Cairo,Tablet,8.11,1.28,24.89,1414.87,YES,YES,TRUE
1887,80,3744,199.13,12,3,0.0375,1614,16.59,20-11-2024,Tokyo,Tablet,8.11,2.49,66.38,1414.87,YES,YES,FALSE
1888,195,4104,199.13,9,9,0.0462,1614,22.13,11/21/2024,Paris,Tablet,8.11,1.02,22.13,1414.87,YES,YES,FALSE
1889,168,4178,199.13,25,8,0.0476,1614,7.97,11/12/2024,Rome,Mobile,8.11,1.19,24.89,1414.87,YES,YES,FALSE
1890,126,4554,199.13,23,3,0.0238,1614,8.66,11/8/2024,Baghdad,Mobile,8.11,1.58,66.38,1414.87,YES,YES,FALSE
1891,126,4183,199.13,25,4,0.0317,1614,7.97,11/8/2024,Rome,Mobile,8.11,1.58,49.78,1414.87,YES,YES,FALSE
1892,158,2680,199.13,17,3,0.019,1614,11.71,11/11/2024,Baghdad,Mobile,8.11,1.26,66.38,1414.87,YES,YES,FALSE
1893,194,5751,199.13,22,10,0.0515,1614,9.05,11/7/2024,Riyad,Tablet,8.11,1.03,19.91,1414.87,YES,YES,TRUE
1894,105,5454,199.13,22,8,0.0762,1614,9.05,11/25/2024,Tokyo,Mobile,8.11,1.9,24.89,1414.87,YES,YES,TRUE
1895,133,5839,199.13,17,3,0.0226,1614,11.71,11/23/2024,Tokyo,Mobile,8.11,1.5,66.38,1414.87,YES,YES,FALSE
1896,173,4486,199.13,21,8,0.0462,1614,9.48,11/24/2024,Baghdad,Mobile,8.11,1.15,24.89,1414.87,YES,YES,FALSE
1897,212,4080,199.13,11,10,0.0472,1614,18.1,11/21/2024,Paris,Tablet,8.11,0.94,19.91,1414.87,YES,YES,FALSE
1898,202,5173,199.13,26,3,0.0149,1614,7.66,11/25/2024,Riyad,Tablet,8.11,0.99,66.38,1414.87,YES,YES,FALSE
1899,145,2764,199.13,19,5,0.0345,1614,10.48,11/7/2024,Paris,Mobile,8.11,1.37,39.83,1414.87,YES,YES,FALSE
1900,179,4410,199.13,26,9,0.0503,1614,7.66,11/24/2024,Baghdad,Mobile,8.11,1.11,22.13,1414.87,YES,YES,TRUE
1901,139,3214,199.13,16,11,0.0791,1614,12.45,11/25/2024,Baghdad,Mobile,8.11,1.43,18.1,1414.87,YES,YES,TRUE
1902,180,3798,199.13,10,8,0.0444,1614,19.91,16-11-2024,Riyad,Mobile,8.11,1.11,24.89,1414.87,YES,YES,FALSE
1903,146,5331,199.13,23,3,0.0205,1614,8.66,11/8/2024,Baghdad,Mobile,8.11,1.36,66.38,1414.87,YES,YES,FALSE
1904,90,4775,199.13,24,5,0.0556,1614,8.3,15-11-2024,Paris,Mobile,8.11,2.21,39.83,1414.87,YES,YES,TRUE
1905,119,5216,199.13,20,11,0.0924,1614,9.96,11/2/2024,Tokyo,Desktop,8.11,1.67,18.1,1414.87,YES,YES,TRUE
1906,115,2810,199.13,19,3,0.0261,1614,10.48,11/27/2024,Canberra,Desktop,8.11,1.73,66.38,1414.87,YES,YES,FALSE
1907,157,3506,199.13,30,8,0.051,1614,6.64,11/22/2024,Cairo,Desktop,8.11,1.27,24.89,1414.87,YES,YES,TRUE
1908,95,4248,199.13,14,7,0.0737,1614,14.22,11/16/2024,London,Desktop,8.11,2.1,28.45,1414.87,YES,YES,TRUE
1909,174,4931,199.13,28,9,0.0517,1614,7.11,11/24/2024,Baghdad,Mobile,8.11,1.14,22.13,1414.87,YES,YES,TRUE
1910,166,3708,199.13,25,8,0.0482,1614,7.97,11/12/2024,Rome,Mobile,8.11,1.2,24.89,1414.87,YES,YES,FALSE
1911,126,3635,199.13,17,5,0.0397,1614,11.71,11/28/2024,Riyad,Tablet,8.11,1.58,39.83,1414.87,YES,YES,FALSE
1912,87,3414,199.13,12,3,0.0345,1614,16.59,20-11-2024,Tokyo,Tablet,8.11,2.29,66.38,1414.87,YES,YES,FALSE
1913,93,4483,199.13,14,7,0.0753,1614,14.22,11/5/2024,Cairo,Desktop,8.11,2.14,28.45,1414.87,YES,YES,TRUE
1914,82,4149,199.13,23,9,0.1098,1614,8.66,4/11/2024,Cairo,Desktop,8.11,2.43,22.13,1414.87,YES,YES,TRUE
1915,171,5788,199.13,28,5,0.0292,1614,7.11,11/12/2024,Baghdad,Mobile,8.11,1.16,39.83,1414.87,YES,YES,FALSE
1916,182,5583,199.13,11,6,0.033,1614,18.1,11/2/2024,Riyad,Desktop,8.11,1.09,33.19,1414.87,YES,YES,FALSE
1917,106,3776,199.13,21,5,0.0472,1614,9.48,11/22/2024,Beijin,Desktop,8.11,1.88,39.83,1414.87,YES,YES,FALSE
1918,225,6029,199.13,26,5,0.0222,1614,7.66,30-11-2024,Tokyo,Tablet,8.11,0.89,39.83,1414.87,YES,YES,FALSE
1919,84,3256,199.13,22,8,0.0952,1614,9.05,11/20/2024,Tokyo,Tablet,8.11,2.37,24.89,1414.87,YES,YES,TRUE
1920,192,3247,199.13,11,7,0.0365,1614,18.1,12/11/2024,Paris,Mobile,8.11,1.04,28.45,1414.87,YES,YES,FALSE
1921,82,3473,199.13,24,10,0.122,1614,8.3,11/13/2024,Tokyo,Mobile,8.11,2.43,19.91,1414.87,YES,YES,TRUE
1922,115,4754,199.13,11,5,0.0435,1614,18.1,22-11-2024,Tokyo,Desktop,8.11,1.73,39.83,1414.87,YES,YES,FALSE
1923,102,4861,199.13,28,9,0.0882,1614,7.11,11/5/2024,Rome,Desktop,8.11,1.95,22.13,1414.87,YES,YES,TRUE
1924,187,4892,199.13,16,4,0.0214,1614,12.45,11/8/2024,Tokyo,Tablet,8.11,1.06,49.78,1414.87,YES,YES,FALSE
1925,212,5038,199.13,24,9,0.0425,1614,8.3,11/7/2024,Riyad,Tablet,8.11,0.94,22.13,1414.87,YES,YES,FALSE
1926,82,5387,199.13,11,5,0.061,1614,18.1,11/9/2024,Rome,Tablet,8.11,2.43,39.83,1414.87,YES,YES,TRUE
1927,117,4904,199.13,18,9,0.0769,1614,11.06,11/20/2024,Riyad,Tablet,8.11,1.7,22.13,1414.87,YES,YES,TRUE
1928,105,5674,199.13,18,6,0.0571,1614,11.06,14-11-2024,Tokyo,Desktop,8.11,1.9,33.19,1414.87,YES,YES,TRUE
1929,129,4640,199.13,20,7,0.0543,1614,9.96,11/5/2024,Tokyo,Desktop,8.11,1.54,28.45,1414.87,YES,YES,TRUE
1930,115,4223,199.13,20,9,0.0783,1614,9.96,11/8/2024,Baghdad,Desktop,8.11,1.73,22.13,1414.87,YES,YES,TRUE
1931,129,4640,199.13,20,7,0.0543,1614,9.96,11/5/2024,Tokyo,Desktop,8.11,1.54,28.45,1414.87,YES,YES,TRUE
1932,97,5448,199.13,15,9,0.0928,1614,13.28,1/11/2024,Tokyo,Desktop,8.11,2.05,22.13,1414.87,YES,YES,TRUE
1933,116,3335,199.13,21,6,0.0517,1614,9.48,11/28/2024,Riyad,Tablet,8.11,1.72,33.19,1414.87,YES,YES,TRUE
1934,168,2834,199.13,17,3,0.0179,1614,11.71,11/11/2024,Baghdad,Mobile,8.11,1.19,66.38,1414.87,YES,YES,FALSE
1935,210,5154,199.13,21,3,0.0143,1614,9.48,11/24/2024,Beyrouth,Tablet,8.11,0.95,66.38,1414.87,YES,YES,FALSE
1936,120,4503,199.13,26,6,0.05,1614,7.66,11/14/2024,Paris,Desktop,8.11,1.66,33.19,1414.87,YES,YES,TRUE
1937,185,3596,199.13,11,8,0.0432,1614,18.1,12/11/2024,Paris,Mobile,8.11,1.08,24.89,1414.87,YES,YES,FALSE
1938,191,4208,199.13,14,7,0.0366,1614,14.22,11/14/2024,Riyad,Desktop,8.11,1.04,28.45,1414.87,YES,YES,FALSE
1939,192,4141,199.13,15,4,0.0208,1614,13.28,11/8/2024,Tokyo,Tablet,8.11,1.04,49.78,1414.87,YES,YES,FALSE
1940,117,4754,199.13,27,7,0.0598,1614,7.38,11/20/2024,Tokyo,Desktop,8.11,1.7,28.45,1414.87,YES,YES,TRUE
1941,133,3526,199.13,14,5,0.0376,1614,14.22,11/5/2024,Baghdad,Desktop,8.11,1.5,39.83,1414.87,YES,YES,FALSE
1942,117,4101,199.13,26,10,0.0855,1614,7.66,11/9/2024,Paris,Mobile,8.11,1.7,19.91,1414.87,YES,YES,TRUE
1943,169,3760,199.13,21,9,0.0533,1614,9.48,11/12/2024,Rome,Mobile,8.11,1.18,22.13,1414.87,YES,YES,TRUE
1944,149,4178,199.13,23,8,0.0537,1614,8.66,17-11-2024,Rome,Mobile,8.11,1.34,24.89,1414.87,YES,YES,TRUE
1945,127,3354,199.13,25,6,0.0472,1614,7.97,11/19/2024,Rome,Desktop,8.11,1.57,33.19,1414.87,YES,YES,FALSE
1946,99,3048,199.13,29,10,0.101,1614,6.87,23-11-2024,Cairo,Desktop,8.11,2.01,19.91,1414.87,YES,YES,TRUE
1947,119,4927,199.13,19,9,0.0756,1614,10.48,11/8/2024,Baghdad,Desktop,8.11,1.67,22.13,1414.87,YES,YES,TRUE
1948,89,5759,199.13,24,9,0.1011,1614,8.3,11/12/2024,Tokyo,Mobile,8.11,2.24,22.13,1414.87,YES,YES,TRUE
1949,109,2770,199.13,32,7,0.0642,1614,6.22,26-11-2024,Baghdad,Desktop,8.11,1.83,28.45,1414.87,YES,YES,TRUE
1950,144,3163,199.13,14,10,0.0694,1614,14.22,11/25/2024,Baghdad,Mobile,8.11,1.38,19.91,1414.87,YES,YES,TRUE
1951,200,5751,199.13,14,10,0.05,1614,14.22,11/10/2024,Riyad,Mobile,8.11,1,19.91,1414.87,YES,YES,TRUE
1952,110,4979,199.13,23,4,0.0364,1614,8.66,11/24/2024,London,Tablet,8.11,1.81,49.78,1414.87,YES,YES,FALSE
1953,100,3148,199.13,24,7,0.07,1614,8.3,11/20/2024,Tokyo,Tablet,8.11,1.99,28.45,1414.87,YES,YES,TRUE
1954,101,4871,199.13,31,5,0.0495,1614,6.42,15-11-2024,Paris,Mobile,8.11,1.97,39.83,1414.87,YES,YES,FALSE
1955,182,5276,199.13,13,9,0.0495,1614,15.32,11/10/2024,Riyad,Mobile,8.11,1.09,22.13,1414.87,YES,YES,FALSE
1956,93,5129,199.13,19,6,0.0645,1614,10.48,14-11-2024,Tokyo,Desktop,8.11,2.14,33.19,1414.87,YES,YES,TRUE
1957,179,4332,199.13,20,3,0.0168,1614,9.96,11/23/2024,Rome,Desktop,8.11,1.11,66.38,1414.87,YES,YES,FALSE
1958,109,5381,199.13,18,5,0.0459,1614,11.06,9/11/2024,Tokyo,Mobile,8.11,1.83,39.83,1414.87,YES,YES,FALSE
1959,172,3500,199.13,17,3,0.0174,1614,11.71,11/11/2024,Baghdad,Mobile,8.11,1.16,66.38,1414.87,YES,YES,FALSE
1960,130,3282,199.13,15,10,0.0769,1614,13.28,11/25/2024,Baghdad,Mobile,8.11,1.53,19.91,1414.87,YES,YES,TRUE
1961,153,4606,199.13,15,6,0.0392,1614,13.28,11/9/2024,Cairo,Desktop,8.11,1.3,33.19,1414.87,YES,YES,FALSE
1962,144,5186,199.13,14,6,0.0417,1614,14.22,11/9/2024,Cairo,Desktop,8.11,1.38,33.19,1414.87,YES,YES,FALSE
1963,76,3204,199.13,21,7,0.0921,1614,9.48,11/13/2024,Tokyo,Mobile,8.11,2.62,28.45,1414.87,YES,YES,TRUE
1964,134,2943,199.13,25,7,0.0522,1614,7.97,11/19/2024,Rome,Desktop,8.11,1.49,28.45,1414.87,YES,YES,TRUE
1965,110,5234,199.13,18,5,0.0455,1614,11.06,9/11/2024,Tokyo,Mobile,8.11,1.81,39.83,1414.87,YES,YES,FALSE
1966,119,6315,199.13,9,8,0.0672,1614,22.13,11/3/2024,Rome,Tablet,8.11,1.67,24.89,1414.87,YES,YES,TRUE
1967,89,5709,199.13,24,9,0.1011,1614,8.3,11/12/2024,Tokyo,Mobile,8.11,2.24,22.13,1414.87,YES,YES,TRUE
1968,114,3585,199.13,23,5,0.0439,1614,8.66,11/22/2024,Beijin,Desktop,8.11,1.75,39.83,1414.87,YES,YES,FALSE
1969,136,3735,199.13,32,4,0.0294,1614,6.22,11/8/2024,Rome,Mobile,8.11,1.46,49.78,1414.87,YES,YES,FALSE
1970,131,3170,199.13,17,6,0.0458,1614,11.71,11/26/2024,Baghdad,Tablet,8.11,1.52,33.19,1414.87,YES,YES,FALSE
1971,80,5880,199.13,11,5,0.0625,1614,18.1,11/9/2024,Rome,Tablet,8.11,2.49,39.83,1414.87,YES,YES,TRUE
1972,164,3029,199.13,30,7,0.0427,1614,6.64,11/22/2024,Cairo,Desktop,8.11,1.21,28.45,1414.87,YES,YES,FALSE
1973,180,4062,199.13,8,8,0.0444,1614,24.89,11/21/2024,Paris,Tablet,8.11,1.11,24.89,1414.87,YES,YES,FALSE
1974,164,5061,199.13,15,7,0.0427,1614,13.28,16-11-2024,Baghdad,Tablet,8.11,1.21,28.45,1414.87,YES,YES,FALSE
1975,202,3727,199.13,15,9,0.0446,1614,13.28,11/14/2024,Riyad,Desktop,8.11,0.99,22.13,1414.87,YES,YES,FALSE
1976,105,4356,199.13,28,6,0.0571,1614,7.11,11/14/2024,Paris,Desktop,8.11,1.9,33.19,1414.87,YES,YES,TRUE
1977,126,3375,199.13,18,3,0.0238,1614,11.06,11/27/2024,Canberra,Desktop,8.11,1.58,66.38,1414.87,YES,YES,FALSE
1978,202,5999,199.13,26,5,0.0248,1614,7.66,30-11-2024,Tokyo,Tablet,8.11,0.99,39.83,1414.87,YES,YES,FALSE
1979,150,4472,199.13,27,5,0.0333,1614,7.38,11/15/2024,Riyad,Desktop,8.11,1.33,39.83,1414.87,YES,YES,FALSE
1980,162,3242,199.13,26,8,0.0494,1614,7.66,12/11/2024,Cairo,Tablet,8.11,1.23,24.89,1414.87,YES,YES,FALSE
1981,99,5512,199.13,21,6,0.0606,1614,9.48,14-11-2024,Tokyo,Desktop,8.11,2.01,33.19,1414.87,YES,YES,TRUE
1982,77,5552,199.13,12,6,0.0779,1614,16.59,16-11-2024,Tokyo,Mobile,8.11,2.59,33.19,1414.87,YES,YES,TRUE
1983,109,6106,199.13,16,9,0.0826,1614,12.45,11/2/2024,Tokyo,Desktop,8.11,1.83,22.13,1414.87,YES,YES,TRUE
1984,153,5099,199.13,19,7,0.0458,1614,10.48,12/11/2024,Cairo,Mobile,8.11,1.3,28.45,1414.87,YES,YES,FALSE
1985,122,3816,199.13,29,6,0.0492,1614,6.87,11/19/2024,Rome,Desktop,8.11,1.63,33.19,1414.87,YES,YES,FALSE
1986,119,4639,199.13,20,9,0.0756,1614,9.96,11/8/2024,Baghdad,Desktop,8.11,1.67,22.13,1414.87,YES,YES,TRUE
1987,162,3255,199.13,23,5,0.0309,1614,8.66,11/7/2024,Paris,Mobile,8.11,1.23,39.83,1414.87,YES,YES,FALSE
1988,90,4802,199.13,15,7,0.0778,1614,13.28,11/5/2024,Cairo,Desktop,8.11,2.21,28.45,1414.87,YES,YES,TRUE
1989,110,4530,199.13,30,6,0.0545,1614,6.64,11/14/2024,Paris,Desktop,8.11,1.81,33.19,1414.87,YES,YES,TRUE
1990,118,4353,199.13,15,6,0.0508,1614,13.28,6/11/2024,Paris,Tablet,8.11,1.69,33.19,1414.87,YES,YES,TRUE
1991,103,5364,199.13,26,5,0.0485,1614,7.66,15-11-2024,Paris,Mobile,8.11,1.93,39.83,1414.87,YES,YES,FALSE
1992,167,3113,199.13,17,5,0.0299,1614,11.71,11/7/2024,Paris,Mobile,8.11,1.19,39.83,1414.87,YES,YES,FALSE
1993,93,3756,199.13,12,3,0.0323,1614,16.59,20-11-2024,Tokyo,Tablet,8.11,2.14,66.38,1414.87,YES,YES,FALSE
1994,200,5205,199.13,24,9,0.045,1614,8.3,11/7/2024,Riyad,Tablet,8.11,1,22.13,1414.87,YES,YES,FALSE
1995,206,3161,199.13,18,8,0.0388,1614,11.06,11/4/2024,Cairo,Tablet,8.11,0.97,24.89,1414.87,YES,YES,FALSE
1996,172,3664,199.13,10,7,0.0407,1614,19.91,12/11/2024,Paris,Mobile,8.11,1.16,28.45,1414.87,YES,YES,FALSE
1997,123,3414,199.13,29,6,0.0488,1614,6.87,11/19/2024,Rome,Desktop,8.11,1.62,33.19,1414.87,YES,YES,FALSE
1998,148,5237,199.13,20,7,0.0473,1614,9.96,18-11-2024,Baghdad,Desktop,8.11,1.35,28.45,1414.87,YES,YES,FALSE
1999,181,6021,199.13,21,10,0.0552,1614,9.48,11/7/2024,Riyad,Tablet,8.11,1.1,19.91,1414.87,YES,YES,TRUE
2000,99,3200,199.13,29,9,0.0909,1614,6.87,23-11-2024,Cairo,Desktop,8.11,2.01,22.13,1414.87,YES,YES,TRUE
2001,110,5963,199.13,23,7,0.0636,1614,8.66,11/25/2024,Tokyo,Mobile,8.11,1.81,28.45,1414.87,YES,YES,TRUE
2002,101,3116,199.13,30,7,0.0693,1614,6.64,26-11-2024,Baghdad,Desktop,8.11,1.97,28.45,1414.87,YES,YES,TRUE
2003,123,4369,199.13,15,8,0.065,1614,13.28,11/26/2024,Baghdad,Tablet,8.11,1.62,24.89,1414.87,YES,YES,TRUE
2004,136,3898,199.13,11,9,0.0662,1614,18.1,11/9/2024,Cairo,Desktop,8.11,1.46,22.13,1414.87,YES,YES,TRUE
2005,75,3132,199.13,24,10,0.1333,1614,8.3,11/20/2024,Tokyo,Tablet,8.11,2.66,19.91,1414.87,YES,YES,TRUE
2006,162,4925,199.13,19,7,0.0432,1614,10.48,11/3/2024,Tokyo,Tablet,8.11,1.23,28.45,1414.87,YES,YES,FALSE
2007,91,3414,199.13,12,3,0.033,1614,16.59,20-11-2024,Tokyo,Tablet,8.11,2.19,66.38,1414.87,YES,YES,FALSE
2008,86,3427,199.13,23,9,0.1047,1614,8.66,11/13/2024,Tokyo,Mobile,8.11,2.32,22.13,1414.87,YES,YES,TRUE
2009,151,5119,199.13,15,8,0.053,1614,13.28,11/10/2024,Riyad,Mobile,8.11,1.32,24.89,1414.87,YES,YES,TRUE
2010,156,2642,199.13,15,6,0.0385,1614,13.28,11/26/2024,Baghdad,Tablet,8.11,1.28,33.19,1414.87,YES,YES,FALSE
2011,147,4850,199.13,23,5,0.034,1614,8.66,11/1/2024,Riyad,Tablet,8.11,1.35,39.83,1414.87,YES,YES,FALSE
2012,172,5533,199.13,26,3,0.0174,1614,7.66,11/24/2024,Beyrouth,Tablet,8.11,1.16,66.38,1414.87,YES,YES,FALSE
2013,190,5636,199.13,14,5,0.0263,1614,14.22,11/2/2024,Riyad,Desktop,8.11,1.05,39.83,1414.87,YES,YES,FALSE
2014,98,4438,199.13,15,8,0.0816,1614,13.28,11/16/2024,London,Desktop,8.11,2.03,24.89,1414.87,YES,YES,TRUE
2015,81,5799,199.13,9,5,0.0617,1614,22.13,11/9/2024,Rome,Tablet,8.11,2.46,39.83,1414.87,YES,YES,TRUE
2016,181,5860,199.13,18,7,0.0387,1614,11.06,11/3/2024,Tokyo,Tablet,8.11,1.1,28.45,1414.87,YES,YES,FALSE
2017,179,3586,199.13,14,10,0.0559,1614,14.22,11/25/2024,Baghdad,Mobile,8.11,1.11,19.91,1414.87,YES,YES,TRUE
2018,145,4256,199.13,16,3,0.0207,1614,12.45,11/23/2024,Tokyo,Mobile,8.11,1.37,66.38,1414.87,YES,YES,FALSE
2019,113,4013,199.13,22,9,0.0796,1614,9.05,21-11-2024,Baghdad,Mobile,8.11,1.76,22.13,1414.87,YES,YES,TRUE
2020,113,5114,199.13,25,5,0.0442,1614,7.97,15-11-2024,Paris,Mobile,8.11,1.76,39.83,1414.87,YES,YES,FALSE
2021,120,5919,199.13,18,11,0.0917,1614,11.06,11/26/2024,Baghdad,Tablet,8.11,1.66,18.1,1414.87,YES,YES,TRUE
2022,154,4035,199.13,16,10,0.0649,1614,12.45,11/26/2024,Tokyo,Mobile,8.11,1.29,19.91,1414.87,YES,YES,TRUE
2023,101,2719,199.13,27,6,0.0594,1614,7.38,26-11-2024,Baghdad,Desktop,8.11,1.97,33.19,1414.87,YES,YES,TRUE
2024,158,4686,199.13,32,7,0.0443,1614,6.22,11/28/2024,Rome,Mobile,8.11,1.26,28.45,1414.87,YES,YES,FALSE
2025,149,3639,199.13,23,8,0.0537,1614,8.66,29-11-2024,Paris,Desktop,8.11,1.34,24.89,1414.87,YES,YES,TRUE
2026,143,6250,199.13,12,8,0.0559,1614,16.59,11/7/2024,Tokyo,Desktop,8.11,1.39,24.89,1414.87,YES,YES,TRUE
2027,204,4064,199.13,9,7,0.0343,1614,22.13,12/11/2024,Paris,Mobile,8.11,0.98,28.45,1414.87,YES,YES,FALSE
2028,147,5898,199.13,11,9,0.0612,1614,18.1,11/7/2024,Tokyo,Desktop,8.11,1.35,22.13,1414.87,YES,YES,TRUE
2029,94,3196,199.13,17,3,0.0319,1614,11.71,11/27/2024,Canberra,Desktop,8.11,2.12,66.38,1414.87,YES,YES,FALSE
2030,152,3243,199.13,19,5,0.0329,1614,10.48,11/7/2024,Paris,Mobile,8.11,1.31,39.83,1414.87,YES,YES,FALSE
2031,119,3614,199.13,20,5,0.042,1614,9.96,11/28/2024,Riyad,Tablet,8.11,1.67,39.83,1414.87,YES,YES,FALSE
2032,172,3264,199.13,22,9,0.0523,1614,9.05,11/12/2024,Rome,Mobile,8.11,1.16,22.13,1414.87,YES,YES,TRUE
2033,167,5039,199.13,29,9,0.0539,1614,6.87,11/24/2024,Baghdad,Mobile,8.11,1.19,22.13,1414.87,YES,YES,TRUE
2034,127,6400,199.13,10,8,0.063,1614,19.91,11/3/2024,Rome,Tablet,8.11,1.57,24.89,1414.87,YES,YES,TRUE
2035,116,4010,199.13,20,5,0.0431,1614,9.96,11/28/2024,Riyad,Tablet,8.11,1.72,39.83,1414.87,YES,YES,FALSE
2036,187,4253,199.13,10,10,0.0535,1614,19.91,11/4/2024,Cairo,Desktop,8.11,1.06,19.91,1414.87,YES,YES,TRUE
2037,209,4276,199.13,16,9,0.0431,1614,12.45,11/10/2024,Riyad,Mobile,8.11,0.95,22.13,1414.87,YES,YES,FALSE
2038,127,5070,199.13,18,5,0.0394,1614,11.06,9/11/2024,Tokyo,Mobile,8.11,1.57,39.83,1414.87,YES,YES,FALSE
2039,116,3967,199.13,16,7,0.0603,1614,12.45,11/5/2024,Baghdad,Desktop,8.11,1.72,28.45,1414.87,YES,YES,TRUE
2040,91,3652,199.13,22,5,0.0549,1614,9.05,11/28/2024,Riyad,Tablet,8.11,2.19,39.83,1414.87,YES,YES,TRUE
2041,177,3921,199.13,10,10,0.0565,1614,19.91,11/21/2024,Paris,Tablet,8.11,1.13,19.91,1414.87,YES,YES,TRUE
2042,205,5150,199.13,15,9,0.0439,1614,13.28,11/10/2024,Riyad,Mobile,8.11,0.97,22.13,1414.87,YES,YES,FALSE
2043,86,3071,199.13,21,9,0.1047,1614,9.48,11/20/2024,Tokyo,Tablet,8.11,2.32,22.13,1414.87,YES,YES,TRUE
2044,207,5327,199.13,24,9,0.0435,1614,8.3,11/7/2024,Riyad,Tablet,8.11,0.96,22.13,1414.87,YES,YES,FALSE
2045,144,3497,199.13,17,6,0.0417,1614,11.71,11/26/2024,Baghdad,Tablet,8.11,1.38,33.19,1414.87,YES,YES,FALSE
2046,99,5337,199.13,11,6,0.0606,1614,18.1,16-11-2024,Tokyo,Mobile,8.11,2.01,33.19,1414.87,YES,YES,TRUE
2047,122,3259,199.13,18,3,0.0246,1614,11.06,11/27/2024,Canberra,Desktop,8.11,1.63,66.38,1414.87,YES,YES,FALSE
2048,106,5878,199.13,19,8,0.0755,1614,10.48,11/29/2024,Cairo,Desktop,8.11,1.88,24.89,1414.87,YES,YES,TRUE
2049,117,3590,199.13,11,7,0.0598,1614,18.1,11/23/2024,Riyad,Tablet,8.11,1.7,28.45,1414.87,YES,YES,TRUE
2050,116,4784,199.13,15,8,0.069,1614,13.28,11/16/2024,London,Desktop,8.11,1.72,24.89,1414.87,YES,YES,TRUE
2051,78,3966,199.13,20,4,0.0513,1614,9.96,12/11/2024,Tokyo,Tablet,8.11,2.55,49.78,1414.87,YES,YES,TRUE
2052,108,3539,199.13,12,7,0.0648,1614,16.59,11/23/2024,Riyad,Tablet,8.11,1.84,28.45,1414.87,YES,YES,TRUE
2053,177,5648,199.13,25,7,0.0395,1614,7.97,11/11/2024,Baghdad,Tablet,8.11,1.13,28.45,1414.87,YES,YES,FALSE
2054,207,5232,199.13,22,3,0.0145,1614,9.05,11/24/2024,Beyrouth,Tablet,8.11,0.96,66.38,1414.87,YES,YES,FALSE
2055,192,4996,199.13,18,4,0.0208,1614,11.06,11/11/2024,Paris,Desktop,8.11,1.04,49.78,1414.87,YES,YES,FALSE
2056,185,5130,199.13,23,3,0.0162,1614,8.66,11/25/2024,Riyad,Tablet,8.11,1.08,66.38,1414.87,YES,YES,FALSE
2057,100,5858,199.13,29,10,0.1,1614,6.87,11/12/2024,Tokyo,Mobile,8.11,1.99,19.91,1414.87,YES,YES,TRUE
2058,121,4697,199.13,15,11,0.0909,1614,13.28,11/26/2024,Baghdad,Tablet,8.11,1.65,18.1,1414.87,YES,YES,TRUE
2059,110,5586,199.13,14,12,0.1091,1614,14.22,11/26/2024,Baghdad,Tablet,8.11,1.81,16.59,1414.87,YES,YES,TRUE
2060,177,4419,199.13,13,8,0.0452,1614,15.32,27-11-2024,Cairo,Mobile,8.11,1.13,24.89,1414.87,YES,YES,FALSE
2061,164,3134,199.13,17,5,0.0305,1614,11.71,11/7/2024,Paris,Mobile,8.11,1.21,39.83,1414.87,YES,YES,FALSE
2062,129,6337,199.13,10,8,0.062,1614,19.91,11/3/2024,Rome,Tablet,8.11,1.54,24.89,1414.87,YES,YES,TRUE
2063,129,4640,199.13,20,7,0.0543,1614,9.96,11/5/2024,Tokyo,Desktop,8.11,1.54,28.45,1414.87,YES,YES,TRUE
2064,182,4372,199.13,11,8,0.044,1614,18.1,11/4/2024,Cairo,Desktop,8.11,1.09,24.89,1414.87,YES,YES,FALSE
2065,148,3845,199.13,21,9,0.0608,1614,9.48,17-11-2024,Rome,Mobile,8.11,1.35,22.13,1414.87,YES,YES,TRUE
2066,156,3165,199.13,21,7,0.0449,1614,9.48,17-11-2024,Rome,Mobile,8.11,1.28,28.45,1414.87,YES,YES,FALSE
2067,149,4516,199.13,16,6,0.0403,1614,12.45,11/9/2024,Cairo,Desktop,8.11,1.34,33.19,1414.87,YES,YES,FALSE
2068,125,5471,199.13,19,4,0.032,1614,10.48,9/11/2024,Tokyo,Mobile,8.11,1.59,49.78,1414.87,YES,YES,FALSE
2069,130,5130,199.13,23,3,0.0231,1614,8.66,11/8/2024,Baghdad,Mobile,8.11,1.53,66.38,1414.87,YES,YES,FALSE
2070,124,6496,199.13,11,7,0.0565,1614,18.1,11/3/2024,Rome,Tablet,8.11,1.61,28.45,1414.87,YES,YES,TRUE
2071,93,4773,199.13,26,7,0.0753,1614,7.66,11/29/2024,Cairo,Desktop,8.11,2.14,28.45,1414.87,YES,YES,TRUE
2072,162,4050,199.13,33,8,0.0494,1614,6.03,11/28/2024,Rome,Mobile,8.11,1.23,24.89,1414.87,YES,YES,FALSE
2073,113,3551,199.13,12,6,0.0531,1614,16.59,11/23/2024,Riyad,Tablet,8.11,1.76,33.19,1414.87,YES,YES,TRUE
2074,97,4316,199.13,20,10,0.1031,1614,9.96,4/11/2024,Cairo,Desktop,8.11,2.05,19.91,1414.87,YES,YES,TRUE
2075,117,5523,199.13,23,8,0.0684,1614,8.66,11/25/2024,Tokyo,Mobile,8.11,1.7,24.89,1414.87,YES,YES,TRUE
2076,98,4952,199.13,17,3,0.0306,1614,11.71,21-11-2024,Baghdad,Desktop,8.11,2.03,66.38,1414.87,YES,YES,FALSE
2077,186,4001,199.13,10,7,0.0376,1614,19.91,16-11-2024,Riyad,Mobile,8.11,1.07,28.45,1414.87,YES,YES,FALSE
2078,164,4678,199.13,24,5,0.0305,1614,8.3,11/1/2024,Riyad,Tablet,8.11,1.21,39.83,1414.87,YES,YES,FALSE
2079,94,5293,199.13,24,8,0.0851,1614,8.3,11/25/2024,Tokyo,Mobile,8.11,2.12,24.89,1414.87,YES,YES,TRUE
2080,179,3833,199.13,9,8,0.0447,1614,22.13,16-11-2024,Riyad,Mobile,8.11,1.11,24.89,1414.87,YES,YES,FALSE
2081,155,5823,199.13,13,7,0.0452,1614,15.32,11/25/2024,Rome,Mobile,8.11,1.28,28.45,1414.87,YES,YES,FALSE
2082,180,4027,199.13,15,7,0.0389,1614,13.28,27-11-2024,Cairo,Mobile,8.11,1.11,28.45,1414.87,YES,YES,FALSE
2083,108,4937,199.13,20,9,0.0833,1614,9.96,11/8/2024,Baghdad,Desktop,8.11,1.84,22.13,1414.87,YES,YES,TRUE
2084,194,3702,199.13,10,9,0.0464,1614,19.91,16-11-2024,Riyad,Mobile,8.11,1.03,22.13,1414.87,YES,YES,FALSE
2085,98,3319,199.13,27,12,0.1224,1614,7.38,23-11-2024,Cairo,Desktop,8.11,2.03,16.59,1414.87,YES,YES,TRUE
2086,124,3761,199.13,28,9,0.0726,1614,7.11,11/20/2024,Cairo,Tablet,8.11,1.61,22.13,1414.87,YES,YES,TRUE
2087,146,5193,199.13,14,6,0.0411,1614,14.22,11/25/2024,Rome,Mobile,8.11,1.36,33.19,1414.87,YES,YES,FALSE
2088,173,5151,199.13,32,8,0.0462,1614,6.22,11/28/2024,Rome,Mobile,8.11,1.15,24.89,1414.87,YES,YES,FALSE
2089,164,3975,199.13,32,7,0.0427,1614,6.22,11/8/2024,Paris,Tablet,8.11,1.21,28.45,1414.87,YES,YES,FALSE
2090,182,4057,199.13,30,7,0.0385,1614,6.64,11/8/2024,Paris,Tablet,8.11,1.09,28.45,1414.87,YES,YES,FALSE
2091,91,5151,199.13,23,9,0.0989,1614,8.66,20-11-2024,Riyad,Tablet,8.11,2.19,22.13,1414.87,YES,YES,TRUE
2092,104,4663,199.13,15,11,0.1058,1614,13.28,11/26/2024,Baghdad,Tablet,8.11,1.91,18.1,1414.87,YES,YES,TRUE
2093,169,6022,199.13,22,5,0.0296,1614,9.05,1/11/2024,Paris,Tablet,8.11,1.18,39.83,1414.87,YES,YES,FALSE
2094,75,3437,199.13,20,10,0.1333,1614,9.96,11/13/2024,Tokyo,Mobile,8.11,2.66,19.91,1414.87,YES,YES,TRUE
2095,108,3945,199.13,29,10,0.0926,1614,6.87,11/20/2024,Cairo,Tablet,8.11,1.84,19.91,1414.87,YES,YES,TRUE
2096,116,4411,199.13,28,4,0.0345,1614,7.11,11/8/2024,Rome,Mobile,8.11,1.72,49.78,1414.87,YES,YES,FALSE
2097,107,5249,199.13,15,8,0.0748,1614,13.28,11/16/2024,London,Desktop,8.11,1.86,24.89,1414.87,YES,YES,TRUE
2098,113,3970,199.13,15,6,0.0531,1614,13.28,11/5/2024,Baghdad,Desktop,8.11,1.76,33.19,1414.87,YES,YES,TRUE
2099,129,4640,199.13,20,7,0.0543,1614,9.96,11/5/2024,Tokyo,Desktop,8.11,1.54,28.45,1414.87,YES,YES,TRUE
2100,117,5009,199.13,17,3,0.0256,1614,11.71,11/23/2024,Tokyo,Mobile,8.11,1.7,66.38,1414.87,YES,YES,FALSE
2101,123,5161,199.13,17,3,0.0244,1614,11.71,11/23/2024,Tokyo,Mobile,8.11,1.62,66.38,1414.87,YES,YES,FALSE
2102,186,5472,199.13,22,9,0.0484,1614,9.05,11/7/2024,Riyad,Tablet,8.11,1.07,22.13,1414.87,YES,YES,FALSE
2103,130,4514,199.13,18,5,0.0385,1614,11.06,6/11/2024,Paris,Tablet,8.11,1.53,39.83,1414.87,YES,YES,FALSE
2104,89,6105,199.13,26,10,0.1124,1614,7.66,11/12/2024,Tokyo,Mobile,8.11,2.24,19.91,1414.87,YES,YES,TRUE
2105,201,6578,199.13,18,4,0.0199,1614,11.06,11/11/2024,Paris,Desktop,8.11,0.99,49.78,1414.87,YES,YES,FALSE
2106,127,5649,199.13,16,6,0.0472,1614,12.45,11/25/2024,Rome,Mobile,8.11,1.57,33.19,1414.87,YES,YES,FALSE
2107,195,4383,199.13,12,6,0.0308,1614,16.59,12/11/2024,Paris,Mobile,8.11,1.02,33.19,1414.87,YES,YES,FALSE
2108,135,3615,199.13,23,7,0.0519,1614,8.66,29-11-2024,Paris,Desktop,8.11,1.48,28.45,1414.87,YES,YES,TRUE
2109,102,4748,199.13,23,7,0.0686,1614,8.66,11/29/2024,Cairo,Desktop,8.11,1.95,28.45,1414.87,YES,YES,TRUE
2110,111,5860,199.13,26,7,0.0631,1614,7.66,11/5/2024,Rome,Tablet,8.11,1.79,28.45,1414.87,YES,YES,TRUE
2111,188,3085,199.13,23,6,0.0319,1614,8.66,23-11-2024,Baghdad,Mobile,8.11,1.06,33.19,1414.87,YES,YES,FALSE
2112,188,5579,199.13,26,6,0.0319,1614,7.66,11/12/2024,Baghdad,Mobile,8.11,1.06,33.19,1414.87,YES,YES,FALSE
2113,158,4483,199.13,18,9,0.057,1614,11.06,11/26/2024,Tokyo,Mobile,8.11,1.26,22.13,1414.87,YES,YES,TRUE
2114,110,5416,199.13,20,7,0.0636,1614,9.96,11/29/2024,Cairo,Desktop,8.11,1.81,28.45,1414.87,YES,YES,TRUE
2115,99,5813,199.13,21,9,0.0909,1614,9.48,20-11-2024,Riyad,Tablet,8.11,2.01,22.13,1414.87,YES,YES,TRUE
2116,95,4065,199.13,15,7,0.0737,1614,13.28,11/5/2024,Cairo,Desktop,8.11,2.1,28.45,1414.87,YES,YES,TRUE
2117,91,3869,199.13,21,4,0.044,1614,9.48,12/11/2024,Tokyo,Tablet,8.11,2.19,49.78,1414.87,YES,YES,FALSE
2118,111,4614,199.13,25,6,0.0541,1614,7.97,11/14/2024,Paris,Desktop,8.11,1.79,33.19,1414.87,YES,YES,TRUE
2119,153,3740,199.13,27,9,0.0588,1614,7.38,12/11/2024,Cairo,Tablet,8.11,1.3,22.13,1414.87,YES,YES,TRUE
2120,134,3480,199.13,11,11,0.0821,1614,18.1,11/9/2024,Cairo,Desktop,8.11,1.49,18.1,1414.87,YES,YES,TRUE
2121,179,5272,199.13,18,4,0.0223,1614,11.06,11/11/2024,Paris,Desktop,8.11,1.11,49.78,1414.87,YES,YES,FALSE
2122,174,4521,199.13,12,4,0.023,1614,16.59,11/8/2024,Tokyo,Tablet,8.11,1.14,49.78,1414.87,YES,YES,FALSE
2123,150,4580,199.13,13,8,0.0533,1614,15.32,27-11-2024,Cairo,Mobile,8.11,1.33,24.89,1414.87,YES,YES,TRUE
2124,167,4563,199.13,14,7,0.0419,1614,14.22,27-11-2024,Cairo,Mobile,8.11,1.19,28.45,1414.87,YES,YES,FALSE
2125,174,4889,199.13,19,7,0.0402,1614,10.48,16-11-2024,Baghdad,Tablet,8.11,1.14,28.45,1414.87,YES,YES,FALSE
2126,174,4165,199.13,24,3,0.0172,1614,8.3,11/24/2024,Beyrouth,Tablet,8.11,1.14,66.38,1414.87,YES,YES,FALSE
2127,171,5274,199.13,25,3,0.0175,1614,7.97,11/8/2024,Baghdad,Mobile,8.11,1.16,66.38,1414.87,YES,YES,FALSE
2128,126,4656,199.13,18,9,0.0714,1614,11.06,11/8/2024,Baghdad,Desktop,8.11,1.58,22.13,1414.87,YES,YES,TRUE
2129,202,4165,199.13,14,7,0.0347,1614,14.22,11/14/2024,Riyad,Desktop,8.11,0.99,28.45,1414.87,YES,YES,FALSE
2130,120,4646,199.13,15,9,0.075,1614,13.28,11/26/2024,Baghdad,Tablet,8.11,1.66,22.13,1414.87,YES,YES,TRUE
2131,139,5167,199.13,23,8,0.0576,1614,8.66,11/25/2024,Tokyo,Mobile,8.11,1.43,24.89,1414.87,YES,YES,TRUE
2132,97,4857,199.13,19,3,0.0309,1614,10.48,21-11-2024,Baghdad,Desktop,8.11,2.05,66.38,1414.87,YES,YES,FALSE
2133,118,5267,199.13,20,8,0.0678,1614,9.96,12/11/2024,Cairo,Mobile,8.11,1.69,24.89,1414.87,YES,YES,TRUE
2134,160,3556,199.13,26,9,0.0562,1614,7.66,11/12/2024,Rome,Mobile,8.11,1.24,22.13,1414.87,YES,YES,TRUE
2135,88,4080,199.13,22,11,0.125,1614,9.05,4/11/2024,Cairo,Desktop,8.11,2.26,18.1,1414.87,YES,YES,TRUE
2136,129,4640,199.13,20,7,0.0543,1614,9.96,11/5/2024,Tokyo,Desktop,8.11,1.54,28.45,1414.87,YES,YES,TRUE
2137,126,2831,199.13,33,6,0.0476,1614,6.03,11/19/2024,Rome,Desktop,8.11,1.58,33.19,1414.87,YES,YES,FALSE
2138,159,4678,199.13,19,7,0.044,1614,10.48,18-11-2024,Baghdad,Desktop,8.11,1.25,28.45,1414.87,YES,YES,FALSE
2139,161,2686,199.13,31,7,0.0435,1614,6.42,11/22/2024,Cairo,Desktop,8.11,1.24,28.45,1414.87,YES,YES,FALSE
2140,129,4640,199.13,20,7,0.0543,1614,9.96,11/5/2024,Tokyo,Desktop,8.11,1.54,28.45,1414.87,YES,YES,TRUE
2141,101,5461,199.13,29,4,0.0396,1614,6.87,15-11-2024,Paris,Mobile,8.11,1.97,49.78,1414.87,YES,YES,FALSE
2142,78,3456,199.13,23,9,0.1154,1614,8.66,11/13/2024,Tokyo,Mobile,8.11,2.55,22.13,1414.87,YES,YES,TRUE
2143,159,4903,199.13,27,5,0.0314,1614,7.38,11/15/2024,Riyad,Desktop,8.11,1.25,39.83,1414.87,YES,YES,FALSE
2144,98,2813,199.13,28,9,0.0918,1614,7.11,23-11-2024,Cairo,Desktop,8.11,2.03,22.13,1414.87,YES,YES,TRUE
2145,92,3156,199.13,28,10,0.1087,1614,7.11,23-11-2024,Cairo,Desktop,8.11,2.16,19.91,1414.87,YES,YES,TRUE
2146,122,6253,199.13,17,3,0.0246,1614,11.71,11/23/2024,Tokyo,Mobile,8.11,1.63,66.38,1414.87,YES,YES,FALSE
2147,129,4640,199.13,20,7,0.0543,1614,9.96,11/5/2024,Tokyo,Desktop,8.11,1.54,28.45,1414.87,YES,YES,TRUE
2148,103,4646,199.13,28,5,0.0485,1614,7.11,15-11-2024,Paris,Mobile,8.11,1.93,39.83,1414.87,YES,YES,FALSE
2149,101,4250,199.13,15,10,0.099,1614,13.28,11/26/2024,Baghdad,Tablet,8.11,1.97,19.91,1414.87,YES,YES,TRUE
2150,85,3567,199.13,29,11,0.1294,1614,6.87,23-11-2024,Cairo,Desktop,8.11,2.34,18.1,1414.87,YES,YES,TRUE
2151,169,4416,199.13,15,9,0.0533,1614,13.28,27-11-2024,Cairo,Mobile,8.11,1.18,22.13,1414.87,YES,YES,TRUE
2152,142,3808,199.13,18,8,0.0563,1614,11.06,12/11/2024,Cairo,Mobile,8.11,1.4,24.89,1414.87,YES,YES,TRUE
2153,205,4477,199.13,15,4,0.0195,1614,13.28,11/8/2024,Tokyo,Tablet,8.11,0.97,49.78,1414.87,YES,YES,FALSE
2154,149,5332,199.13,9,8,0.0537,1614,22.13,11/7/2024,Tokyo,Desktop,8.11,1.34,24.89,1414.87,YES,YES,TRUE
2155,187,3905,199.13,16,8,0.0428,1614,12.45,11/14/2024,Riyad,Desktop,8.11,1.06,24.89,1414.87,YES,YES,FALSE
2156,125,3790,199.13,12,10,0.08,1614,16.59,11/9/2024,Cairo,Desktop,8.11,1.59,19.91,1414.87,YES,YES,TRUE
2157,145,5700,199.13,11,8,0.0552,1614,18.1,11/7/2024,Tokyo,Desktop,8.11,1.37,24.89,1414.87,YES,YES,TRUE
2158,154,4908,199.13,15,5,0.0325,1614,13.28,11/9/2024,Cairo,Desktop,8.11,1.29,39.83,1414.87,YES,YES,FALSE
2159,159,4650,199.13,15,6,0.0377,1614,13.28,11/9/2024,Cairo,Desktop,8.11,1.25,33.19,1414.87,YES,YES,FALSE
2160,170,4670,199.13,16,10,0.0588,1614,12.45,11/26/2024,Tokyo,Mobile,8.11,1.17,19.91,1414.87,YES,YES,TRUE
2161,102,5390,199.13,25,9,0.0882,1614,7.97,11/12/2024,Tokyo,Mobile,8.11,1.95,22.13,1414.87,YES,YES,TRUE
2162,141,6033,199.13,26,5,0.0355,1614,7.66,11/15/2024,Riyad,Desktop,8.11,1.41,39.83,1414.87,YES,YES,FALSE
2163,111,4581,199.13,18,3,0.027,1614,11.06,21-11-2024,Baghdad,Desktop,8.11,1.79,66.38,1414.87,YES,YES,FALSE
2164,98,5066,199.13,20,8,0.0816,1614,9.96,11/29/2024,Cairo,Desktop,8.11,2.03,24.89,1414.87,YES,YES,TRUE
2165,114,3422,199.13,12,11,0.0965,1614,16.59,11/9/2024,Cairo,Desktop,8.11,1.75,18.1,1414.87,YES,YES,TRUE
2166,183,2974,199.13,17,3,0.0164,1614,11.71,11/11/2024,Baghdad,Mobile,8.11,1.09,66.38,1414.87,YES,YES,FALSE
2167,107,3400,199.13,15,5,0.0467,1614,13.28,11/24/2024,Baghdad,Tablet,8.11,1.86,39.83,1414.87,YES,YES,FALSE
2168,172,3822,199.13,27,9,0.0523,1614,7.38,12/11/2024,Cairo,Tablet,8.11,1.16,22.13,1414.87,YES,YES,TRUE
2169,112,3992,199.13,19,11,0.0982,1614,10.48,11/20/2024,Riyad,Tablet,8.11,1.78,18.1,1414.87,YES,YES,TRUE
2170,171,5580,199.13,21,8,0.0468,1614,9.48,11/3/2024,Tokyo,Tablet,8.11,1.16,24.89,1414.87,YES,YES,FALSE
2171,106,3940,199.13,26,11,0.1038,1614,7.66,11/9/2024,Paris,Mobile,8.11,1.88,18.1,1414.87,YES,YES,TRUE
2172,151,5117,199.13,26,6,0.0397,1614,7.66,11/5/2024,Paris,Desktop,8.11,1.32,33.19,1414.87,YES,YES,FALSE
2173,102,4706,199.13,14,6,0.0588,1614,14.22,11/5/2024,Cairo,Desktop,8.11,1.95,33.19,1414.87,YES,YES,TRUE
2174,90,6572,199.13,27,9,0.1,1614,7.38,11/12/2024,Tokyo,Mobile,8.11,2.21,22.13,1414.87,YES,YES,TRUE
2175,132,5126,199.13,25,8,0.0606,1614,7.97,11/25/2024,Tokyo,Mobile,8.11,1.51,24.89,1414.87,YES,YES,TRUE
2176,113,4929,199.13,13,5,0.0442,1614,15.32,11/6/2024,Cairo,Mobile,8.11,1.76,39.83,1414.87,YES,YES,FALSE
2177,107,4024,199.13,30,6,0.0561,1614,6.64,11/14/2024,Paris,Desktop,8.11,1.86,33.19,1414.87,YES,YES,TRUE
2178,213,5449,199.13,20,4,0.0188,1614,9.96,11/11/2024,Paris,Desktop,8.11,0.93,49.78,1414.87,YES,YES,FALSE
2179,211,5452,199.13,25,5,0.0237,1614,7.97,1/11/2024,Paris,Tablet,8.11,0.94,39.83,1414.87,YES,YES,FALSE
2180,116,5674,199.13,19,9,0.0776,1614,10.48,11/2/2024,Tokyo,Desktop,8.11,1.72,22.13,1414.87,YES,YES,TRUE
2181,128,3132,199.13,16,3,0.0234,1614,12.45,11/27/2024,Canberra,Desktop,8.11,1.56,66.38,1414.87,YES,YES,FALSE
2182,170,5526,199.13,29,7,0.0412,1614,6.87,11/28/2024,Rome,Mobile,8.11,1.17,28.45,1414.87,YES,YES,FALSE
2183,130,3467,199.13,21,8,0.0615,1614,9.48,11/12/2024,Rome,Mobile,8.11,1.53,24.89,1414.87,YES,YES,TRUE
2184,83,3559,199.13,22,4,0.0482,1614,9.05,12/11/2024,Tokyo,Tablet,8.11,2.4,49.78,1414.87,YES,YES,FALSE
2185,137,5582,199.13,23,8,0.0584,1614,8.66,11/10/2024,Cairo,Desktop,8.11,1.45,24.89,1414.87,YES,YES,TRUE
2186,190,3502,199.13,9,7,0.0368,1614,22.13,12/11/2024,Paris,Mobile,8.11,1.05,28.45,1414.87,YES,YES,FALSE
2187,175,4725,199.13,13,8,0.0457,1614,15.32,27-11-2024,Cairo,Mobile,8.11,1.14,24.89,1414.87,YES,YES,FALSE
2188,164,4015,199.13,13,6,0.0366,1614,15.32,11/9/2024,Cairo,Desktop,8.11,1.21,33.19,1414.87,YES,YES,FALSE
2189,168,3965,199.13,14,8,0.0476,1614,14.22,27-11-2024,Cairo,Mobile,8.11,1.19,24.89,1414.87,YES,YES,FALSE
2190,172,4605,199.13,14,4,0.0233,1614,14.22,11/8/2024,Tokyo,Tablet,8.11,1.16,49.78,1414.87,YES,YES,FALSE
2191,177,5386,199.13,9,9,0.0508,1614,22.13,20-11-2024,Rome,Mobile,8.11,1.13,22.13,1414.87,YES,YES,TRUE
2192,171,6424,199.13,13,6,0.0351,1614,15.32,11/2/2024,Riyad,Desktop,8.11,1.16,33.19,1414.87,YES,YES,FALSE
2193,89,4300,199.13,20,4,0.0449,1614,9.96,12/11/2024,Tokyo,Tablet,8.11,2.24,49.78,1414.87,YES,YES,FALSE
2194,81,5012,199.13,17,7,0.0864,1614,11.71,30-11-2024,Rome,Mobile,8.11,2.46,28.45,1414.87,YES,YES,TRUE
2195,171,5243,199.13,24,6,0.0351,1614,8.3,11/5/2024,Paris,Desktop,8.11,1.16,33.19,1414.87,YES,YES,FALSE
2196,158,5487,199.13,15,9,0.057,1614,13.28,11/10/2024,Riyad,Mobile,8.11,1.26,22.13,1414.87,YES,YES,TRUE
2197,83,4862,199.13,11,6,0.0723,1614,18.1,11/9/2024,Rome,Tablet,8.11,2.4,33.19,1414.87,YES,YES,TRUE
2198,145,4266,199.13,21,4,0.0276,1614,9.48,11/1/2024,Riyad,Tablet,8.11,1.37,49.78,1414.87,YES,YES,FALSE
2199,163,4455,199.13,22,3,0.0184,1614,9.05,11/23/2024,Rome,Desktop,8.11,1.22,66.38,1414.87,YES,YES,FALSE
2200,104,2954,199.13,32,10,0.0962,1614,6.22,23-11-2024,Cairo,Desktop,8.11,1.91,19.91,1414.87,YES,YES,TRUE
2201,93,3699,199.13,12,3,0.0323,1614,16.59,20-11-2024,Tokyo,Tablet,8.11,2.14,66.38,1414.87,YES,YES,FALSE
2202,112,3377,199.13,10,6,0.0536,1614,19.91,11/23/2024,Riyad,Tablet,8.11,1.78,33.19,1414.87,YES,YES,TRUE
2203,135,5865,199.13,26,8,0.0593,1614,7.66,11/10/2024,Cairo,Desktop,8.11,1.48,24.89,1414.87,YES,YES,TRUE
2204,148,4763,199.13,19,10,0.0676,1614,10.48,12/11/2024,Cairo,Mobile,8.11,1.35,19.91,1414.87,YES,YES,TRUE
2205,194,3991,199.13,10,7,0.0361,1614,19.91,12/11/2024,Paris,Mobile,8.11,1.03,28.45,1414.87,YES,YES,FALSE
2206,142,4436,199.13,28,6,0.0423,1614,7.11,3/11/2024,Riyad,Tablet,8.11,1.4,33.19,1414.87,YES,YES,FALSE
2207,39,5099,199.13,26,11,0.2821,1614,7.66,11/21/2024,Tokyo,Desktop,8.11,5.11,18.1,1414.87,YES,YES,TRUE
2208,101,4820,199.13,22,10,0.099,1614,9.05,11/5/2024,Rome,Desktop,8.11,1.97,19.91,1414.87,YES,YES,TRUE
2209,192,4105,199.13,11,9,0.0469,1614,18.1,11/4/2024,Cairo,Desktop,8.11,1.04,22.13,1414.87,YES,YES,FALSE
2210,115,5383,199.13,18,3,0.0261,1614,11.06,11/23/2024,Tokyo,Mobile,8.11,1.73,66.38,1414.87,YES,YES,FALSE
2211,117,6615,199.13,15,3,0.0256,1614,13.28,11/23/2024,Tokyo,Mobile,8.11,1.7,66.38,1414.87,YES,YES,FALSE
2212,110,5549,199.13,17,3,0.0273,1614,11.71,11/23/2024,Tokyo,Mobile,8.11,1.81,66.38,1414.87,YES,YES,FALSE
2213,90,4181,199.13,24,9,0.1,1614,8.3,4/11/2024,Cairo,Desktop,8.11,2.21,22.13,1414.87,YES,YES,TRUE
2214,114,3156,199.13,12,5,0.0439,1614,16.59,11/23/2024,Riyad,Tablet,8.11,1.75,39.83,1414.87,YES,YES,FALSE
2215,112,5094,199.13,22,9,0.0804,1614,9.05,11/20/2024,Riyad,Tablet,8.11,1.78,22.13,1414.87,YES,YES,TRUE
2216,133,4902,199.13,15,6,0.0451,1614,13.28,11/9/2024,Cairo,Desktop,8.11,1.5,33.19,1414.87,YES,YES,FALSE
2217,210,4397,199.13,9,9,0.0429,1614,22.13,11/21/2024,Paris,Tablet,8.11,0.95,22.13,1414.87,YES,YES,FALSE
2218,96,6045,199.13,25,6,0.0625,1614,7.97,11/15/2024,Riyad,Tablet,8.11,2.07,33.19,1414.87,YES,YES,TRUE
2219,97,3428,199.13,34,8,0.0825,1614,5.86,26-11-2024,Baghdad,Desktop,8.11,2.05,24.89,1414.87,YES,YES,TRUE
2220,134,4653,199.13,13,6,0.0448,1614,15.32,11/5/2024,Baghdad,Desktop,8.11,1.49,33.19,1414.87,YES,YES,FALSE
2221,112,5102,199.13,12,5,0.0446,1614,16.59,11/6/2024,Cairo,Mobile,8.11,1.78,39.83,1414.87,YES,YES,FALSE
2222,95,4735,199.13,21,10,0.1053,1614,9.48,11/5/2024,Rome,Desktop,8.11,2.1,19.91,1414.87,YES,YES,TRUE
2223,115,3954,199.13,18,5,0.0435,1614,11.06,11/28/2024,Riyad,Tablet,8.11,1.73,39.83,1414.87,YES,YES,FALSE
2224,177,4768,199.13,20,7,0.0395,1614,9.96,18-11-2024,Baghdad,Desktop,8.11,1.13,28.45,1414.87,YES,YES,FALSE
2225,170,4797,199.13,26,6,0.0353,1614,7.66,11/11/2024,Baghdad,Tablet,8.11,1.17,33.19,1414.87,YES,YES,FALSE
2226,109,3198,199.13,26,9,0.0826,1614,7.66,23-11-2024,Cairo,Desktop,8.11,1.83,22.13,1414.87,YES,YES,TRUE
2227,96,2882,199.13,21,8,0.0833,1614,9.48,11/20/2024,Tokyo,Tablet,8.11,2.07,24.89,1414.87,YES,YES,TRUE
2228,116,5400,199.13,9,5,0.0431,1614,22.13,22-11-2024,Tokyo,Desktop,8.11,1.72,39.83,1414.87,YES,YES,FALSE
2229,170,3338,199.13,25,6,0.0353,1614,7.97,23-11-2024,Baghdad,Mobile,8.11,1.17,33.19,1414.87,YES,YES,FALSE
2230,126,4311,199.13,17,5,0.0397,1614,11.71,6/11/2024,Paris,Tablet,8.11,1.58,39.83,1414.87,YES,YES,FALSE
2231,79,3806,199.13,18,4,0.0506,1614,11.06,12/11/2024,Tokyo,Tablet,8.11,2.52,49.78,1414.87,YES,YES,TRUE
2232,150,3740,199.13,11,9,0.06,1614,18.1,11/9/2024,Cairo,Desktop,8.11,1.33,22.13,1414.87,YES,YES,TRUE
2233,192,5210,199.13,25,3,0.0156,1614,7.97,11/25/2024,Riyad,Tablet,8.11,1.04,66.38,1414.87,YES,YES,FALSE
2234,124,3297,199.13,15,9,0.0726,1614,13.28,11/25/2024,Baghdad,Mobile,8.11,1.61,22.13,1414.87,YES,YES,TRUE
2235,91,5523,199.13,25,9,0.0989,1614,7.97,11/12/2024,Tokyo,Mobile,8.11,2.19,22.13,1414.87,YES,YES,TRUE
2236,207,5576,199.13,23,6,0.029,1614,8.66,1/11/2024,Paris,Tablet,8.11,0.96,33.19,1414.87,YES,YES,FALSE
2237,122,4636,199.13,17,3,0.0246,1614,11.71,11/16/2024,Cairo,Desktop,8.11,1.63,66.38,1414.87,YES,YES,FALSE
2238,101,3440,199.13,29,7,0.0693,1614,6.87,26-11-2024,Baghdad,Desktop,8.11,1.97,28.45,1414.87,YES,YES,TRUE
2239,84,3779,199.13,28,9,0.1071,1614,7.11,11/16/2024,Beyrouth,Tablet,8.11,2.37,22.13,1414.87,YES,YES,TRUE
2240,86,3114,199.13,31,8,0.093,1614,6.42,26-11-2024,Baghdad,Desktop,8.11,2.32,24.89,1414.87,YES,YES,TRUE
2241,93,5341,199.13,27,8,0.086,1614,7.38,11/12/2024,Tokyo,Mobile,8.11,2.14,24.89,1414.87,YES,YES,TRUE
2242,122,5156,199.13,11,6,0.0492,1614,18.1,11/6/2024,Cairo,Mobile,8.11,1.63,33.19,1414.87,YES,YES,FALSE
2243,190,5245,199.13,24,10,0.0526,1614,8.3,11/7/2024,Riyad,Tablet,8.11,1.05,19.91,1414.87,YES,YES,TRUE
2244,111,5705,199.13,28,6,0.0541,1614,7.11,11/15/2024,Riyad,Tablet,8.11,1.79,33.19,1414.87,YES,YES,TRUE
2245,155,5047,199.13,25,7,0.0452,1614,7.97,11/11/2024,Baghdad,Tablet,8.11,1.28,28.45,1414.87,YES,YES,FALSE
2246,150,6447,199.13,11,9,0.06,1614,18.1,11/7/2024,Tokyo,Desktop,8.11,1.33,22.13,1414.87,YES,YES,TRUE
2247,198,5937,199.13,24,6,0.0303,1614,8.3,1/11/2024,Paris,Tablet,8.11,1.01,33.19,1414.87,YES,YES,FALSE
2248,130,4011,199.13,21,8,0.0615,1614,9.48,12/11/2024,Cairo,Mobile,8.11,1.53,24.89,1414.87,YES,YES,TRUE
2249,130,4809,199.13,19,5,0.0385,1614,10.48,11/1/2024,Riyad,Tablet,8.11,1.53,39.83,1414.87,YES,YES,FALSE
2250,123,3525,199.13,32,6,0.0488,1614,6.22,11/19/2024,Rome,Desktop,8.11,1.62,33.19,1414.87,YES,YES,FALSE
2251,202,3891,199.13,22,3,0.0149,1614,9.05,11/23/2024,Rome,Desktop,8.11,0.99,66.38,1414.87,YES,YES,FALSE
2252,184,5474,199.13,19,8,0.0435,1614,10.48,11/3/2024,Tokyo,Tablet,8.11,1.08,24.89,1414.87,YES,YES,FALSE
2253,78,3869,199.13,20,4,0.0513,1614,9.96,12/11/2024,Tokyo,Tablet,8.11,2.55,49.78,1414.87,YES,YES,TRUE
2254,131,4172,199.13,21,3,0.0229,1614,9.48,11/23/2024,Rome,Desktop,8.11,1.52,66.38,1414.87,YES,YES,FALSE
2255,102,3849,199.13,28,6,0.0588,1614,7.11,26-11-2024,Baghdad,Desktop,8.11,1.95,33.19,1414.87,YES,YES,TRUE
2256,179,2907,199.13,22,7,0.0391,1614,9.05,11/4/2024,Cairo,Tablet,8.11,1.11,28.45,1414.87,YES,YES,FALSE
2257,120,3651,199.13,17,9,0.075,1614,11.71,21-11-2024,Baghdad,Mobile,8.11,1.66,22.13,1414.87,YES,YES,TRUE
2258,183,5428,199.13,20,5,0.0273,1614,9.96,1/11/2024,Paris,Tablet,8.11,1.09,39.83,1414.87,YES,YES,FALSE
2259,190,3770,199.13,28,7,0.0368,1614,7.11,23-11-2024,Baghdad,Mobile,8.11,1.05,28.45,1414.87,YES,YES,FALSE
2260,159,3837,199.13,23,9,0.0566,1614,8.66,17-11-2024,Rome,Mobile,8.11,1.25,22.13,1414.87,YES,YES,TRUE
2261,170,5250,199.13,19,7,0.0412,1614,10.48,11/3/2024,Tokyo,Tablet,8.11,1.17,28.45,1414.87,YES,YES,FALSE
2262,80,4787,199.13,20,7,0.0875,1614,9.96,30-11-2024,Rome,Mobile,8.11,2.49,28.45,1414.87,YES,YES,TRUE
2263,87,3452,199.13,11,3,0.0345,1614,18.1,20-11-2024,Tokyo,Tablet,8.11,2.29,66.38,1414.87,YES,YES,FALSE
2264,98,5041,199.13,24,9,0.0918,1614,8.3,11/12/2024,Tokyo,Mobile,8.11,2.03,22.13,1414.87,YES,YES,TRUE
2265,112,3622,199.13,11,6,0.0536,1614,18.1,11/23/2024,Riyad,Tablet,8.11,1.78,33.19,1414.87,YES,YES,TRUE
2266,122,3526,199.13,20,5,0.041,1614,9.96,11/28/2024,Riyad,Tablet,8.11,1.63,39.83,1414.87,YES,YES,FALSE
2267,92,4763,199.13,22,10,0.1087,1614,9.05,20-11-2024,Riyad,Tablet,8.11,2.16,19.91,1414.87,YES,YES,TRUE
2268,101,5780,199.13,11,5,0.0495,1614,18.1,22-11-2024,Tokyo,Desktop,8.11,1.97,39.83,1414.87,YES,YES,FALSE
2269,142,3081,199.13,28,6,0.0423,1614,7.11,11/19/2024,Rome,Desktop,8.11,1.4,33.19,1414.87,YES,YES,FALSE
2270,138,4905,199.13,23,5,0.0362,1614,8.66,11/1/2024,Riyad,Tablet,8.11,1.44,39.83,1414.87,YES,YES,FALSE
2271,180,6060,199.13,25,3,0.0167,1614,7.97,11/25/2024,Riyad,Tablet,8.11,1.11,66.38,1414.87,YES,YES,FALSE
2272,90,4492,199.13,26,8,0.0889,1614,7.66,11/16/2024,Beyrouth,Tablet,8.11,2.21,24.89,1414.87,YES,YES,TRUE
2273,98,3170,199.13,27,10,0.102,1614,7.38,23-11-2024,Cairo,Desktop,8.11,2.03,19.91,1414.87,YES,YES,TRUE
2274,129,4640,199.13,20,7,0.0543,1614,9.96,11/5/2024,Tokyo,Desktop,8.11,1.54,28.45,1414.87,YES,YES,TRUE
2275,99,4154,199.13,24,9,0.0909,1614,8.3,11/5/2024,Rome,Desktop,8.11,2.01,22.13,1414.87,YES,YES,TRUE
2276,187,5721,199.13,24,6,0.0321,1614,8.3,30-11-2024,Tokyo,Tablet,8.11,1.06,33.19,1414.87,YES,YES,FALSE
2277,100,4918,199.13,27,10,0.1,1614,7.38,11/5/2024,Rome,Desktop,8.11,1.99,19.91,1414.87,YES,YES,TRUE
2278,82,5531,199.13,19,7,0.0854,1614,10.48,14-11-2024,Tokyo,Desktop,8.11,2.43,28.45,1414.87,YES,YES,TRUE
2279,193,4474,199.13,25,9,0.0466,1614,7.97,11/24/2024,Baghdad,Mobile,8.11,1.03,22.13,1414.87,YES,YES,FALSE
2280,183,3623,199.13,26,7,0.0383,1614,7.66,23-11-2024,Baghdad,Mobile,8.11,1.09,28.45,1414.87,YES,YES,FALSE
2281,197,4996,199.13,20,4,0.0203,1614,9.96,11/11/2024,Paris,Desktop,8.11,1.01,49.78,1414.87,YES,YES,FALSE
2282,109,5173,199.13,11,5,0.0459,1614,18.1,11/6/2024,Cairo,Mobile,8.11,1.83,39.83,1414.87,YES,YES,FALSE
2283,84,3766,199.13,14,3,0.0357,1614,14.22,20-11-2024,Tokyo,Tablet,8.11,2.37,66.38,1414.87,YES,YES,FALSE
2284,157,5893,199.13,23,7,0.0446,1614,8.66,11/11/2024,Baghdad,Tablet,8.11,1.27,28.45,1414.87,YES,YES,FALSE
2285,111,4492,199.13,15,6,0.0541,1614,13.28,11/5/2024,Cairo,Desktop,8.11,1.79,33.19,1414.87,YES,YES,TRUE
2286,111,3480,199.13,24,9,0.0811,1614,8.3,11/20/2024,Cairo,Tablet,8.11,1.79,22.13,1414.87,YES,YES,TRUE
2287,91,3337,199.13,21,9,0.0989,1614,9.48,11/13/2024,Tokyo,Mobile,8.11,2.19,22.13,1414.87,YES,YES,TRUE
2288,178,4707,199.13,14,4,0.0225,1614,14.22,11/8/2024,Tokyo,Tablet,8.11,1.12,49.78,1414.87,YES,YES,FALSE
2289,115,5508,199.13,18,9,0.0783,1614,11.06,11/2/2024,Tokyo,Desktop,8.11,1.73,22.13,1414.87,YES,YES,TRUE
2290,184,5870,199.13,20,4,0.0217,1614,9.96,11/11/2024,Paris,Desktop,8.11,1.08,49.78,1414.87,YES,YES,FALSE
2291,197,2720,199.13,19,3,0.0152,1614,10.48,11/11/2024,Baghdad,Mobile,8.11,1.01,66.38,1414.87,YES,YES,FALSE
2292,124,5162,199.13,11,8,0.0645,1614,18.1,11/7/2024,Tokyo,Desktop,8.11,1.61,24.89,1414.87,YES,YES,TRUE
2293,100,4361,199.13,24,6,0.06,1614,8.3,11/14/2024,Paris,Desktop,8.11,1.99,33.19,1414.87,YES,YES,TRUE
2294,108,6074,199.13,16,3,0.0278,1614,12.45,11/23/2024,Tokyo,Mobile,8.11,1.84,66.38,1414.87,YES,YES,FALSE
2295,111,5220,199.13,26,7,0.0631,1614,7.66,11/20/2024,Tokyo,Desktop,8.11,1.79,28.45,1414.87,YES,YES,TRUE
2296,161,4730,199.13,12,7,0.0435,1614,16.59,27-11-2024,Cairo,Mobile,8.11,1.24,28.45,1414.87,YES,YES,FALSE
2297,130,3878,199.13,21,9,0.0692,1614,9.48,17-11-2024,Rome,Mobile,8.11,1.53,22.13,1414.87,YES,YES,TRUE
2298,81,3423,199.13,20,10,0.1235,1614,9.96,11/13/2024,Tokyo,Mobile,8.11,2.46,19.91,1414.87,YES,YES,TRUE
2299,146,4024,199.13,22,3,0.0205,1614,9.05,11/23/2024,Rome,Desktop,8.11,1.36,66.38,1414.87,YES,YES,FALSE
2300,178,5743,199.13,14,5,0.0281,1614,14.22,11/16/2024,Baghdad,Mobile,8.11,1.12,39.83,1414.87,YES,YES,FALSE
2301,212,5657,199.13,15,8,0.0377,1614,13.28,11/10/2024,Riyad,Mobile,8.11,0.94,24.89,1414.87,YES,YES,FALSE
2302,151,6191,199.13,11,8,0.053,1614,18.1,11/7/2024,Tokyo,Desktop,8.11,1.32,24.89,1414.87,YES,YES,TRUE
2303,106,4767,199.13,12,8,0.0755,1614,16.59,11/16/2024,London,Desktop,8.11,1.88,24.89,1414.87,YES,YES,TRUE
2304,131,3067,199.13,16,6,0.0458,1614,12.45,11/26/2024,Baghdad,Tablet,8.11,1.52,33.19,1414.87,YES,YES,FALSE
2305,154,5420,199.13,20,7,0.0455,1614,9.96,11/3/2024,Tokyo,Tablet,8.11,1.29,28.45,1414.87,YES,YES,FALSE
2306,99,4820,199.13,27,5,0.0505,1614,7.38,15-11-2024,Paris,Mobile,8.11,2.01,39.83,1414.87,YES,YES,TRUE
2307,127,5408,199.13,13,5,0.0394,1614,15.32,11/25/2024,Rome,Mobile,8.11,1.57,39.83,1414.87,YES,YES,FALSE
2308,210,4092,199.13,10,7,0.0333,1614,19.91,12/11/2024,Paris,Mobile,8.11,0.95,28.45,1414.87,YES,YES,FALSE
2309,120,4722,199.13,11,8,0.0667,1614,18.1,11/3/2024,Rome,Tablet,8.11,1.66,24.89,1414.87,YES,YES,TRUE
2310,197,5812,199.13,28,6,0.0305,1614,7.11,30-11-2024,Tokyo,Tablet,8.11,1.01,33.19,1414.87,YES,YES,FALSE
2311,184,3718,199.13,11,7,0.038,1614,18.1,12/11/2024,Paris,Mobile,8.11,1.08,28.45,1414.87,YES,YES,FALSE
2312,122,4442,199.13,12,5,0.041,1614,16.59,11/6/2024,Cairo,Mobile,8.11,1.63,39.83,1414.87,YES,YES,FALSE
2313,84,5640,199.13,11,5,0.0595,1614,18.1,11/9/2024,Rome,Tablet,8.11,2.37,39.83,1414.87,YES,YES,TRUE
2314,163,4794,199.13,30,6,0.0368,1614,6.64,11/11/2024,Baghdad,Tablet,8.11,1.22,33.19,1414.87,YES,YES,FALSE
2315,117,3510,199.13,26,5,0.0427,1614,7.66,11/22/2024,Beijin,Desktop,8.11,1.7,39.83,1414.87,YES,YES,FALSE
2316,87,4147,199.13,27,4,0.046,1614,7.38,11/22/2024,Beijin,Desktop,8.11,2.29,49.78,1414.87,YES,YES,FALSE
2317,168,4652,199.13,16,11,0.0655,1614,12.45,11/26/2024,Tokyo,Mobile,8.11,1.19,18.1,1414.87,YES,YES,TRUE
2318,120,5090,199.13,24,5,0.0417,1614,8.3,15-11-2024,Paris,Mobile,8.11,1.66,39.83,1414.87,YES,YES,FALSE
2319,129,4640,199.13,20,7,0.0543,1614,9.96,11/5/2024,Tokyo,Desktop,8.11,1.54,28.45,1414.87,YES,YES,TRUE
2320,121,5397,199.13,16,3,0.0248,1614,12.45,11/23/2024,Tokyo,Mobile,8.11,1.65,66.38,1414.87,YES,YES,FALSE
2321,139,6122,199.13,28,6,0.0432,1614,7.11,11/5/2024,Paris,Desktop,8.11,1.43,33.19,1414.87,YES,YES,FALSE
2322,180,4200,199.13,14,7,0.0389,1614,14.22,11/14/2024,Riyad,Desktop,8.11,1.11,28.45,1414.87,YES,YES,FALSE
2323,89,5134,199.13,22,8,0.0899,1614,9.05,11/29/2024,Cairo,Desktop,8.11,2.24,24.89,1414.87,YES,YES,TRUE
2324,94,4035,199.13,27,9,0.0957,1614,7.38,11/16/2024,Beyrouth,Tablet,8.11,2.12,22.13,1414.87,YES,YES,TRUE
2325,119,4618,199.13,27,11,0.0924,1614,7.38,11/9/2024,Paris,Mobile,8.11,1.67,18.1,1414.87,YES,YES,TRUE
2326,98,5524,199.13,25,8,0.0816,1614,7.97,11/12/2024,Tokyo,Mobile,8.11,2.03,24.89,1414.87,YES,YES,TRUE
2327,110,4443,199.13,20,9,0.0818,1614,9.96,11/8/2024,Baghdad,Desktop,8.11,1.81,22.13,1414.87,YES,YES,TRUE
2328,196,6138,199.13,25,10,0.051,1614,7.97,11/7/2024,Riyad,Tablet,8.11,1.02,19.91,1414.87,YES,YES,TRUE
2329,135,4896,199.13,25,5,0.037,1614,7.97,11/1/2024,Riyad,Tablet,8.11,1.48,39.83,1414.87,YES,YES,FALSE
2330,84,3493,199.13,21,10,0.119,1614,9.48,11/13/2024,Tokyo,Mobile,8.11,2.37,19.91,1414.87,YES,YES,TRUE
2331,129,4640,199.13,20,7,0.0543,1614,9.96,11/5/2024,Tokyo,Desktop,8.11,1.54,28.45,1414.87,YES,YES,TRUE
2332,186,3441,199.13,27,8,0.043,1614,7.38,23-11-2024,Baghdad,Mobile,8.11,1.07,24.89,1414.87,YES,YES,FALSE
2333,167,5316,199.13,21,3,0.018,1614,9.48,11/24/2024,Beyrouth,Tablet,8.11,1.19,66.38,1414.87,YES,YES,FALSE
2334,147,4805,199.13,25,5,0.034,1614,7.97,11/1/2024,Riyad,Tablet,8.11,1.35,39.83,1414.87,YES,YES,FALSE
2335,175,3612,199.13,11,7,0.04,1614,18.1,12/11/2024,Paris,Mobile,8.11,1.14,28.45,1414.87,YES,YES,FALSE
2336,162,2896,199.13,19,3,0.0185,1614,10.48,11/11/2024,Baghdad,Mobile,8.11,1.23,66.38,1414.87,YES,YES,FALSE
2337,108,5894,199.13,26,6,0.0556,1614,7.66,11/5/2024,Rome,Tablet,8.11,1.84,33.19,1414.87,YES,YES,TRUE
2338,85,3274,199.13,18,9,0.1059,1614,11.06,11/20/2024,Tokyo,Tablet,8.11,2.34,22.13,1414.87,YES,YES,TRUE
2339,43,5866,199.13,20,9,0.2093,1614,9.96,11/21/2024,Tokyo,Desktop,8.11,4.63,22.13,1414.87,YES,YES,TRUE
2340,176,5317,199.13,28,10,0.0568,1614,7.11,11/24/2024,Baghdad,Mobile,8.11,1.13,19.91,1414.87,YES,YES,TRUE
2341,183,5501,199.13,12,6,0.0328,1614,16.59,11/2/2024,Riyad,Desktop,8.11,1.09,33.19,1414.87,YES,YES,FALSE
2342,111,3975,199.13,26,6,0.0541,1614,7.66,11/20/2024,Tokyo,Desktop,8.11,1.79,33.19,1414.87,YES,YES,TRUE
2343,132,6232,199.13,27,9,0.0682,1614,7.38,11/10/2024,Cairo,Desktop,8.11,1.51,22.13,1414.87,YES,YES,TRUE
2344,111,4733,199.13,27,5,0.045,1614,7.38,15-11-2024,Paris,Mobile,8.11,1.79,39.83,1414.87,YES,YES,FALSE
2345,96,3363,199.13,22,5,0.0521,1614,9.05,11/22/2024,Beijin,Desktop,8.11,2.07,39.83,1414.87,YES,YES,TRUE
2346,176,2864,199.13,24,7,0.0398,1614,8.3,11/4/2024,Cairo,Tablet,8.11,1.13,28.45,1414.87,YES,YES,FALSE
2347,116,5621,199.13,11,7,0.0603,1614,18.1,11/3/2024,Rome,Tablet,8.11,1.72,28.45,1414.87,YES,YES,TRUE
2348,140,5673,199.13,19,9,0.0643,1614,10.48,18-11-2024,Baghdad,Desktop,8.11,1.42,22.13,1414.87,YES,YES,TRUE
2349,152,4488,199.13,20,8,0.0526,1614,9.96,12/11/2024,Cairo,Mobile,8.11,1.31,24.89,1414.87,YES,YES,TRUE
2350,115,6022,199.13,22,7,0.0609,1614,9.05,11/29/2024,Cairo,Desktop,8.11,1.73,28.45,1414.87,YES,YES,TRUE
2351,111,4593,199.13,30,10,0.0901,1614,6.64,11/9/2024,Paris,Mobile,8.11,1.79,19.91,1414.87,YES,YES,TRUE
2352,111,3844,199.13,16,6,0.0541,1614,12.45,11/24/2024,Baghdad,Tablet,8.11,1.79,33.19,1414.87,YES,YES,TRUE
2353,131,4091,199.13,17,5,0.0382,1614,11.71,11/5/2024,Baghdad,Desktop,8.11,1.52,39.83,1414.87,YES,YES,FALSE
2354,77,3885,199.13,10,3,0.039,1614,19.91,20-11-2024,Tokyo,Tablet,8.11,2.59,66.38,1414.87,YES,YES,FALSE
2355,175,6328,199.13,27,5,0.0286,1614,7.38,11/12/2024,Baghdad,Mobile,8.11,1.14,39.83,1414.87,YES,YES,FALSE
2356,80,3618,199.13,20,9,0.1125,1614,9.96,11/13/2024,Tokyo,Mobile,8.11,2.49,22.13,1414.87,YES,YES,TRUE
2357,116,4839,199.13,17,3,0.0259,1614,11.71,11/16/2024,Cairo,Desktop,8.11,1.72,66.38,1414.87,YES,YES,FALSE
2358,126,5506,199.13,15,7,0.0556,1614,13.28,11/25/2024,Rome,Mobile,8.11,1.58,28.45,1414.87,YES,YES,TRUE
2359,104,4699,199.13,16,6,0.0577,1614,12.45,11/5/2024,Cairo,Desktop,8.11,1.91,33.19,1414.87,YES,YES,TRUE
2360,114,4360,199.13,12,7,0.0614,1614,16.59,11/16/2024,London,Desktop,8.11,1.75,28.45,1414.87,YES,YES,TRUE
2361,129,4640,199.13,20,7,0.0543,1614,9.96,11/5/2024,Tokyo,Desktop,8.11,1.54,28.45,1414.87,YES,YES,TRUE
2362,87,4251,199.13,27,9,0.1034,1614,7.38,11/16/2024,Beyrouth,Tablet,8.11,2.29,22.13,1414.87,YES,YES,TRUE
2363,129,4640,199.13,20,7,0.0543,1614,9.96,11/5/2024,Tokyo,Desktop,8.11,1.54,28.45,1414.87,YES,YES,TRUE
2364,143,3354,199.13,16,6,0.042,1614,12.45,11/26/2024,Baghdad,Tablet,8.11,1.39,33.19,1414.87,YES,YES,FALSE
2365,157,3649,199.13,13,10,0.0637,1614,15.32,11/25/2024,Baghdad,Mobile,8.11,1.27,19.91,1414.87,YES,YES,TRUE
2366,102,4813,199.13,19,5,0.049,1614,10.48,14-11-2024,Tokyo,Desktop,8.11,1.95,39.83,1414.87,YES,YES,FALSE
2367,194,3195,199.13,24,9,0.0464,1614,8.3,11/12/2024,Rome,Mobile,8.11,1.03,22.13,1414.87,YES,YES,FALSE
2368,136,4801,199.13,19,3,0.0221,1614,10.48,11/16/2024,Cairo,Desktop,8.11,1.46,66.38,1414.87,YES,YES,FALSE
2369,174,3971,199.13,28,8,0.046,1614,7.11,12/11/2024,Cairo,Tablet,8.11,1.14,24.89,1414.87,YES,YES,FALSE
2370,93,3460,199.13,22,5,0.0538,1614,9.05,11/22/2024,Beijin,Desktop,8.11,2.14,39.83,1414.87,YES,YES,TRUE
2371,181,5173,199.13,24,3,0.0166,1614,8.3,11/25/2024,Riyad,Tablet,8.11,1.1,66.38,1414.87,YES,YES,FALSE
2372,89,3435,199.13,20,4,0.0449,1614,9.96,12/11/2024,Tokyo,Tablet,8.11,2.24,49.78,1414.87,YES,YES,FALSE
2373,84,4022,199.13,19,4,0.0476,1614,10.48,12/11/2024,Tokyo,Tablet,8.11,2.37,49.78,1414.87,YES,YES,FALSE
2374,89,3308,199.13,18,8,0.0899,1614,11.06,11/13/2024,Tokyo,Mobile,8.11,2.24,24.89,1414.87,YES,YES,TRUE
2375,193,5551,199.13,21,4,0.0207,1614,9.48,11/11/2024,Paris,Desktop,8.11,1.03,49.78,1414.87,YES,YES,FALSE
2376,136,4339,199.13,20,10,0.0735,1614,9.96,12/11/2024,Cairo,Mobile,8.11,1.46,19.91,1414.87,YES,YES,TRUE
2377,124,4816,199.13,28,11,0.0887,1614,7.11,11/9/2024,Paris,Mobile,8.11,1.61,18.1,1414.87,YES,YES,TRUE
2378,172,3820,199.13,28,8,0.0465,1614,7.11,11/8/2024,Paris,Tablet,8.11,1.16,24.89,1414.87,YES,YES,FALSE
2379,168,3522,199.13,10,8,0.0476,1614,19.91,16-11-2024,Riyad,Mobile,8.11,1.19,24.89,1414.87,YES,YES,FALSE
2380,122,5645,199.13,17,5,0.041,1614,11.71,9/11/2024,Tokyo,Mobile,8.11,1.63,39.83,1414.87,YES,YES,FALSE
2381,141,5786,199.13,24,10,0.0709,1614,8.3,11/10/2024,Cairo,Desktop,8.11,1.41,19.91,1414.87,YES,YES,TRUE
2382,107,5035,199.13,26,11,0.1028,1614,7.66,11/5/2024,Rome,Desktop,8.11,1.86,18.1,1414.87,YES,YES,TRUE
2383,101,5445,199.13,16,9,0.0891,1614,12.45,1/11/2024,Tokyo,Desktop,8.11,1.97,22.13,1414.87,YES,YES,TRUE
2384,96,3861,199.13,17,4,0.0417,1614,11.71,12/11/2024,Tokyo,Tablet,8.11,2.07,49.78,1414.87,YES,YES,FALSE
2385,120,5254,199.13,23,7,0.0583,1614,8.66,11/5/2024,Rome,Tablet,8.11,1.66,28.45,1414.87,YES,YES,TRUE
2386,75,4304,199.13,22,10,0.1333,1614,9.05,4/11/2024,Cairo,Desktop,8.11,2.66,19.91,1414.87,YES,YES,TRUE
2387,99,6355,199.13,12,7,0.0707,1614,16.59,11/3/2024,Rome,Tablet,8.11,2.01,28.45,1414.87,YES,YES,TRUE
2388,118,5119,199.13,18,10,0.0847,1614,11.06,11/20/2024,Riyad,Tablet,8.11,1.69,19.91,1414.87,YES,YES,TRUE
2389,163,3247,199.13,23,8,0.0491,1614,8.66,17-11-2024,Rome,Mobile,8.11,1.22,24.89,1414.87,YES,YES,FALSE
2390,149,5526,199.13,22,5,0.0336,1614,9.05,11/1/2024,Riyad,Tablet,8.11,1.34,39.83,1414.87,YES,YES,FALSE
2391,127,4291,199.13,26,9,0.0709,1614,7.66,11/9/2024,Paris,Mobile,8.11,1.57,22.13,1414.87,YES,YES,TRUE
2392,185,4044,199.13,17,10,0.0541,1614,11.71,11/26/2024,Tokyo,Mobile,8.11,1.08,19.91,1414.87,YES,YES,TRUE
2393,95,3820,199.13,18,4,0.0421,1614,11.06,12/11/2024,Tokyo,Tablet,8.11,2.1,49.78,1414.87,YES,YES,FALSE
2394,174,6184,199.13,27,5,0.0287,1614,7.38,30-11-2024,Tokyo,Tablet,8.11,1.14,39.83,1414.87,YES,YES,FALSE
2395,110,3351,199.13,30,10,0.0909,1614,6.64,23-11-2024,Cairo,Desktop,8.11,1.81,19.91,1414.87,YES,YES,TRUE
2396,139,3652,199.13,12,10,0.0719,1614,16.59,11/9/2024,Cairo,Desktop,8.11,1.43,19.91,1414.87,YES,YES,TRUE
2397,123,5794,199.13,15,6,0.0488,1614,13.28,11/25/2024,Rome,Mobile,8.11,1.62,33.19,1414.87,YES,YES,FALSE
2398,183,5217,199.13,16,8,0.0437,1614,12.45,11/10/2024,Riyad,Mobile,8.11,1.09,24.89,1414.87,YES,YES,FALSE
2399,112,3362,199.13,16,11,0.0982,1614,12.45,21-11-2024,Baghdad,Mobile,8.11,1.78,18.1,1414.87,YES,YES,TRUE
2400,106,4893,199.13,25,6,0.0566,1614,7.97,11/20/2024,Tokyo,Desktop,8.11,1.88,33.19,1414.87,YES,YES,TRUE
2401,149,5010,199.13,27,5,0.0336,1614,7.38,11/15/2024,Riyad,Desktop,8.11,1.34,39.83,1414.87,YES,YES,FALSE
2402,37,5251,199.13,26,10,0.2703,1614,7.66,11/21/2024,Tokyo,Desktop,8.11,5.38,19.91,1414.87,YES,YES,TRUE
2403,186,3837,199.13,11,8,0.043,1614,18.1,11/4/2024,Cairo,Desktop,8.11,1.07,24.89,1414.87,YES,YES,FALSE
2404,186,6038,199.13,14,6,0.0323,1614,14.22,11/16/2024,Baghdad,Mobile,8.11,1.07,33.19,1414.87,YES,YES,FALSE
2405,191,5707,199.13,24,9,0.0471,1614,8.3,11/7/2024,Riyad,Tablet,8.11,1.04,22.13,1414.87,YES,YES,FALSE
2406,105,3771,199.13,11,6,0.0571,1614,18.1,11/23/2024,Riyad,Tablet,8.11,1.9,33.19,1414.87,YES,YES,TRUE
2407,164,2978,199.13,24,9,0.0549,1614,8.3,11/12/2024,Rome,Mobile,8.11,1.21,22.13,1414.87,YES,YES,TRUE
2408,104,3816,199.13,18,4,0.0385,1614,11.06,12/11/2024,Tokyo,Tablet,8.11,1.91,49.78,1414.87,YES,YES,FALSE
2409,113,5155,199.13,17,9,0.0796,1614,11.71,11/29/2024,Cairo,Desktop,8.11,1.76,22.13,1414.87,YES,YES,TRUE
2410,116,4670,199.13,12,5,0.0431,1614,16.59,22-11-2024,Tokyo,Desktop,8.11,1.72,39.83,1414.87,YES,YES,FALSE
2411,113,4752,199.13,14,12,0.1062,1614,14.22,11/26/2024,Baghdad,Tablet,8.11,1.76,16.59,1414.87,YES,YES,TRUE
2412,137,6244,199.13,14,3,0.0219,1614,14.22,11/23/2024,Tokyo,Mobile,8.11,1.45,66.38,1414.87,YES,YES,FALSE
2413,126,4531,199.13,18,5,0.0397,1614,11.06,6/11/2024,Paris,Tablet,8.11,1.58,39.83,1414.87,YES,YES,FALSE
2414,94,3692,199.13,17,5,0.0532,1614,11.71,11/24/2024,Baghdad,Tablet,8.11,2.12,39.83,1414.87,YES,YES,TRUE
2415,194,3224,199.13,11,9,0.0464,1614,18.1,16-11-2024,Riyad,Mobile,8.11,1.03,22.13,1414.87,YES,YES,FALSE
2416,104,4473,199.13,29,6,0.0577,1614,6.87,11/20/2024,Tokyo,Desktop,8.11,1.91,33.19,1414.87,YES,YES,TRUE
2417,113,4305,199.13,13,6,0.0531,1614,15.32,11/16/2024,London,Desktop,8.11,1.76,33.19,1414.87,YES,YES,TRUE
2418,132,5159,199.13,25,4,0.0303,1614,7.97,11/24/2024,London,Tablet,8.11,1.51,49.78,1414.87,YES,YES,FALSE
2419,198,5679,199.13,22,5,0.0253,1614,9.05,1/11/2024,Paris,Tablet,8.11,1.01,39.83,1414.87,YES,YES,FALSE
2420,102,2694,199.13,30,6,0.0588,1614,6.64,11/19/2024,Rome,Desktop,8.11,1.95,33.19,1414.87,YES,YES,TRUE
2421,90,5313,199.13,9,5,0.0556,1614,22.13,11/9/2024,Rome,Tablet,8.11,2.21,39.83,1414.87,YES,YES,TRUE
2422,154,3631,199.13,24,10,0.0649,1614,8.3,11/12/2024,Rome,Mobile,8.11,1.29,19.91,1414.87,YES,YES,TRUE
2423,134,3598,199.13,18,7,0.0522,1614,11.06,11/26/2024,Baghdad,Tablet,8.11,1.49,28.45,1414.87,YES,YES,TRUE
2424,127,4760,199.13,25,8,0.063,1614,7.97,11/25/2024,Tokyo,Mobile,8.11,1.57,24.89,1414.87,YES,YES,TRUE
2425,101,4201,199.13,16,7,0.0693,1614,12.45,11/5/2024,Cairo,Desktop,8.11,1.97,28.45,1414.87,YES,YES,TRUE
2426,93,2992,199.13,29,10,0.1075,1614,6.87,23-11-2024,Cairo,Desktop,8.11,2.14,19.91,1414.87,YES,YES,TRUE
2427,159,4738,199.13,23,9,0.0566,1614,8.66,11/28/2024,Rome,Mobile,8.11,1.25,22.13,1414.87,YES,YES,TRUE
2428,122,5063,199.13,26,8,0.0656,1614,7.66,11/25/2024,Tokyo,Mobile,8.11,1.63,24.89,1414.87,YES,YES,TRUE
2429,187,5853,199.13,15,8,0.0428,1614,13.28,11/10/2024,Riyad,Mobile,8.11,1.06,24.89,1414.87,YES,YES,FALSE
2430,82,4560,199.13,29,9,0.1098,1614,6.87,11/16/2024,Beyrouth,Tablet,8.11,2.43,22.13,1414.87,YES,YES,TRUE
2431,176,4269,199.13,10,9,0.0511,1614,19.91,11/4/2024,Cairo,Desktop,8.11,1.13,22.13,1414.87,YES,YES,TRUE
2432,119,5051,199.13,15,5,0.042,1614,13.28,6/11/2024,Paris,Tablet,8.11,1.67,39.83,1414.87,YES,YES,FALSE
2433,172,4299,199.13,23,3,0.0174,1614,8.66,11/23/2024,Rome,Desktop,8.11,1.16,66.38,1414.87,YES,YES,FALSE
2434,35,5455,199.13,20,10,0.2857,1614,9.96,11/21/2024,Tokyo,Desktop,8.11,5.69,19.91,1414.87,YES,YES,TRUE
2435,181,4402,199.13,29,7,0.0387,1614,6.87,11/28/2024,Rome,Mobile,8.11,1.1,28.45,1414.87,YES,YES,FALSE
2436,98,3760,199.13,16,5,0.051,1614,12.45,11/5/2024,Baghdad,Desktop,8.11,2.03,39.83,1414.87,YES,YES,TRUE
2437,93,3011,199.13,31,7,0.0753,1614,6.42,26-11-2024,Baghdad,Desktop,8.11,2.14,28.45,1414.87,YES,YES,TRUE
2438,104,5717,199.13,29,5,0.0481,1614,6.87,15-11-2024,Paris,Mobile,8.11,1.91,39.83,1414.87,YES,YES,FALSE
2439,151,3769,199.13,23,7,0.0464,1614,8.66,17-11-2024,Rome,Mobile,8.11,1.32,28.45,1414.87,YES,YES,FALSE
2440,163,3435,199.13,27,6,0.0368,1614,7.38,11/22/2024,Cairo,Desktop,8.11,1.22,33.19,1414.87,YES,YES,FALSE
2441,181,3093,199.13,25,8,0.0442,1614,7.97,11/12/2024,Rome,Mobile,8.11,1.1,24.89,1414.87,YES,YES,FALSE
2442,107,4740,199.13,29,10,0.0935,1614,6.87,11/9/2024,Paris,Mobile,8.11,1.86,19.91,1414.87,YES,YES,TRUE
2443,179,3837,199.13,15,9,0.0503,1614,13.28,11/26/2024,Tokyo,Mobile,8.11,1.11,22.13,1414.87,YES,YES,TRUE
2444,127,3694,199.13,17,6,0.0472,1614,11.71,11/5/2024,Baghdad,Desktop,8.11,1.57,33.19,1414.87,YES,YES,FALSE
2445,129,4414,199.13,12,7,0.0543,1614,16.59,11/9/2024,Cairo,Desktop,8.11,1.54,28.45,1414.87,YES,YES,TRUE
2446,206,3498,199.13,18,3,0.0146,1614,11.06,11/11/2024,Baghdad,Mobile,8.11,0.97,66.38,1414.87,YES,YES,FALSE
2447,105,6131,199.13,16,11,0.1048,1614,12.45,11/2/2024,Tokyo,Desktop,8.11,1.9,18.1,1414.87,YES,YES,TRUE
2448,182,5310,199.13,20,8,0.044,1614,9.96,11/3/2024,Tokyo,Tablet,8.11,1.09,24.89,1414.87,YES,YES,FALSE
2449,100,3039,199.13,28,9,0.09,1614,7.11,23-11-2024,Cairo,Desktop,8.11,1.99,22.13,1414.87,YES,YES,TRUE
2450,188,3599,199.13,10,10,0.0532,1614,19.91,11/21/2024,Paris,Tablet,8.11,1.06,19.91,1414.87,YES,YES,TRUE
2451,184,5975,199.13,27,5,0.0272,1614,7.38,11/12/2024,Baghdad,Mobile,8.11,1.08,39.83,1414.87,YES,YES,FALSE
2452,102,3207,199.13,29,7,0.0686,1614,6.87,26-11-2024,Baghdad,Desktop,8.11,1.95,28.45,1414.87,YES,YES,TRUE
2453,85,3415,199.13,29,9,0.1059,1614,6.87,23-11-2024,Cairo,Desktop,8.11,2.34,22.13,1414.87,YES,YES,TRUE
2454,132,4000,199.13,13,10,0.0758,1614,15.32,11/9/2024,Cairo,Desktop,8.11,1.51,19.91,1414.87,YES,YES,TRUE
2455,180,5764,199.13,18,4,0.0222,1614,11.06,11/11/2024,Paris,Desktop,8.11,1.11,49.78,1414.87,YES,YES,FALSE
2456,107,5290,199.13,8,5,0.0467,1614,24.89,22-11-2024,Tokyo,Desktop,8.11,1.86,39.83,1414.87,YES,YES,FALSE
2457,127,4843,199.13,18,5,0.0394,1614,11.06,9/11/2024,Tokyo,Mobile,8.11,1.57,39.83,1414.87,YES,YES,FALSE
2458,122,4454,199.13,26,6,0.0492,1614,7.66,11/14/2024,Paris,Desktop,8.11,1.63,33.19,1414.87,YES,YES,FALSE
2459,119,4977,199.13,26,6,0.0504,1614,7.66,11/20/2024,Tokyo,Desktop,8.11,1.67,33.19,1414.87,YES,YES,TRUE
2460,197,3750,199.13,22,8,0.0406,1614,9.05,23-11-2024,Baghdad,Mobile,8.11,1.01,24.89,1414.87,YES,YES,FALSE
2461,172,4280,199.13,32,6,0.0349,1614,6.22,11/8/2024,Paris,Tablet,8.11,1.16,33.19,1414.87,YES,YES,FALSE
2462,92,4514,199.13,13,6,0.0652,1614,15.32,11/5/2024,Cairo,Desktop,8.11,2.16,33.19,1414.87,YES,YES,TRUE
2463,95,3416,199.13,28,10,0.1053,1614,7.11,23-11-2024,Cairo,Desktop,8.11,2.1,19.91,1414.87,YES,YES,TRUE
2464,99,5196,199.13,28,6,0.0606,1614,7.11,11/15/2024,Riyad,Tablet,8.11,2.01,33.19,1414.87,YES,YES,TRUE
2465,118,2981,199.13,18,3,0.0254,1614,11.06,11/27/2024,Canberra,Desktop,8.11,1.69,66.38,1414.87,YES,YES,FALSE
2466,132,4134,199.13,31,3,0.0227,1614,6.42,11/8/2024,Rome,Mobile,8.11,1.51,66.38,1414.87,YES,YES,FALSE
2467,115,4807,199.13,29,4,0.0348,1614,6.87,11/24/2024,London,Tablet,8.11,1.73,49.78,1414.87,YES,YES,FALSE
2468,106,5427,199.13,23,9,0.0849,1614,8.66,11/25/2024,Tokyo,Mobile,8.11,1.88,22.13,1414.87,YES,YES,TRUE
2469,129,4298,199.13,18,8,0.062,1614,11.06,12/11/2024,Cairo,Mobile,8.11,1.54,24.89,1414.87,YES,YES,TRUE
2470,200,5700,199.13,16,10,0.05,1614,12.45,11/10/2024,Riyad,Mobile,8.11,1,19.91,1414.87,YES,YES,TRUE
2471,139,4482,199.13,20,9,0.0647,1614,9.96,12/11/2024,Cairo,Mobile,8.11,1.43,22.13,1414.87,YES,YES,TRUE
2472,160,3638,199.13,32,7,0.0438,1614,6.22,11/22/2024,Cairo,Desktop,8.11,1.24,28.45,1414.87,YES,YES,FALSE
2473,178,4796,199.13,26,7,0.0393,1614,7.66,11/28/2024,Rome,Mobile,8.11,1.12,28.45,1414.87,YES,YES,FALSE
2474,104,4288,199.13,17,5,0.0481,1614,11.71,6/11/2024,Paris,Tablet,8.11,1.91,39.83,1414.87,YES,YES,FALSE
2475,83,5608,199.13,23,9,0.1084,1614,8.66,11/12/2024,Tokyo,Mobile,8.11,2.4,22.13,1414.87,YES,YES,TRUE
2476,138,5280,199.13,13,5,0.0362,1614,15.32,11/6/2024,Cairo,Mobile,8.11,1.44,39.83,1414.87,YES,YES,FALSE
2477,129,4640,199.13,20,7,0.0543,1614,9.96,11/5/2024,Tokyo,Desktop,8.11,1.54,28.45,1414.87,YES,YES,TRUE
2478,168,4259,199.13,20,3,0.0179,1614,9.96,11/23/2024,Rome,Desktop,8.11,1.19,66.38,1414.87,YES,YES,FALSE
2479,181,3249,199.13,9,7,0.0387,1614,22.13,12/11/2024,Paris,Mobile,8.11,1.1,28.45,1414.87,YES,YES,FALSE
2480,129,4640,199.13,20,7,0.0543,1614,9.96,11/5/2024,Tokyo,Desktop,8.11,1.54,28.45,1414.87,YES,YES,TRUE
2481,156,4325,199.13,14,7,0.0449,1614,14.22,27-11-2024,Cairo,Mobile,8.11,1.28,28.45,1414.87,YES,YES,FALSE
2482,161,2531,199.13,22,5,0.0311,1614,9.05,11/7/2024,Paris,Mobile,8.11,1.24,39.83,1414.87,YES,YES,FALSE
2483,102,5565,199.13,31,5,0.049,1614,6.42,15-11-2024,Paris,Mobile,8.11,1.95,39.83,1414.87,YES,YES,FALSE
2484,122,3505,199.13,12,5,0.041,1614,16.59,11/23/2024,Riyad,Tablet,8.11,1.63,39.83,1414.87,YES,YES,FALSE
2485,166,4085,199.13,17,10,0.0602,1614,11.71,11/26/2024,Tokyo,Mobile,8.11,1.2,19.91,1414.87,YES,YES,TRUE
2486,137,2837,199.13,23,5,0.0365,1614,8.66,11/7/2024,Paris,Mobile,8.11,1.45,39.83,1414.87,YES,YES,FALSE
2487,188,6423,199.13,23,9,0.0479,1614,8.66,11/7/2024,Riyad,Tablet,8.11,1.06,22.13,1414.87,YES,YES,FALSE
2488,89,3361,199.13,19,6,0.0674,1614,10.48,11/28/2024,Riyad,Tablet,8.11,2.24,33.19,1414.87,YES,YES,TRUE
2489,187,4921,199.13,23,3,0.016,1614,8.66,11/25/2024,Riyad,Tablet,8.11,1.06,66.38,1414.87,YES,YES,FALSE
2490,111,3464,199.13,19,5,0.045,1614,10.48,11/28/2024,Riyad,Tablet,8.11,1.79,39.83,1414.87,YES,YES,FALSE
2491,208,5989,199.13,23,9,0.0433,1614,8.66,11/7/2024,Riyad,Tablet,8.11,0.96,22.13,1414.87,YES,YES,FALSE
2492,93,5108,199.13,28,5,0.0538,1614,7.11,15-11-2024,Paris,Mobile,8.11,2.14,39.83,1414.87,YES,YES,TRUE
2493,158,5782,199.13,22,6,0.038,1614,9.05,11/5/2024,Paris,Desktop,8.11,1.26,33.19,1414.87,YES,YES,FALSE
2494,126,5435,199.13,18,9,0.0714,1614,11.06,11/8/2024,Baghdad,Desktop,8.11,1.58,22.13,1414.87,YES,YES,TRUE
2495,134,5187,199.13,27,6,0.0448,1614,7.38,11/20/2024,Tokyo,Desktop,8.11,1.49,33.19,1414.87,YES,YES,FALSE
2496,141,5520,199.13,25,3,0.0213,1614,7.97,11/8/2024,Baghdad,Mobile,8.11,1.41,66.38,1414.87,YES,YES,FALSE
2497,186,4203,199.13,14,7,0.0376,1614,14.22,27-11-2024,Cairo,Mobile,8.11,1.07,28.45,1414.87,YES,YES,FALSE
2498,161,3372,199.13,15,8,0.0497,1614,13.28,11/14/2024,Riyad,Desktop,8.11,1.24,24.89,1414.87,YES,YES,TRUE
2499,91,3171,199.13,19,10,0.1099,1614,10.48,11/13/2024,Tokyo,Mobile,8.11,2.19,19.91,1414.87,YES,YES,TRUE
2500,83,3133,199.13,20,9,0.1084,1614,9.96,11/20/2024,Tokyo,Tablet,8.11,2.4,22.13,1414.87,YES,YES,TRUE
2501,130,4387,199.13,15,6,0.0462,1614,13.28,11/9/2024,Cairo,Desktop,8.11,1.53,33.19,1414.87,YES,YES,FALSE
2502,95,4153,199.13,15,8,0.0842,1614,13.28,11/16/2024,London,Desktop,8.11,2.1,24.89,1414.87,YES,YES,TRUE
2503,194,5446,199.13,13,6,0.0309,1614,15.32,11/16/2024,Baghdad,Mobile,8.11,1.03,33.19,1414.87,YES,YES,FALSE
2504,91,3371,199.13,25,10,0.1099,1614,7.97,23-11-2024,Cairo,Desktop,8.11,2.19,19.91,1414.87,YES,YES,TRUE
2505,129,4802,199.13,15,5,0.0388,1614,13.28,11/5/2024,Baghdad,Desktop,8.11,1.54,39.83,1414.87,YES,YES,FALSE
2506,77,4987,199.13,12,7,0.0909,1614,16.59,16-11-2024,Tokyo,Mobile,8.11,2.59,28.45,1414.87,YES,YES,TRUE
2507,139,4201,199.13,31,8,0.0576,1614,6.42,11/28/2024,Rome,Mobile,8.11,1.43,24.89,1414.87,YES,YES,TRUE
2508,137,4806,199.13,19,6,0.0438,1614,10.48,9/11/2024,Tokyo,Mobile,8.11,1.45,33.19,1414.87,YES,YES,FALSE
2509,193,3190,199.13,20,8,0.0415,1614,9.96,11/4/2024,Cairo,Tablet,8.11,1.03,24.89,1414.87,YES,YES,FALSE
2510,172,5761,199.13,19,4,0.0233,1614,10.48,11/11/2024,Paris,Desktop,8.11,1.16,49.78,1414.87,YES,YES,FALSE
2511,90,4281,199.13,26,8,0.0889,1614,7.66,11/16/2024,Beyrouth,Tablet,8.11,2.21,24.89,1414.87,YES,YES,TRUE
2512,122,5229,199.13,15,8,0.0656,1614,13.28,11/26/2024,Baghdad,Tablet,8.11,1.63,24.89,1414.87,YES,YES,TRUE
2513,161,3618,199.13,31,9,0.0559,1614,6.42,11/22/2024,Cairo,Desktop,8.11,1.24,22.13,1414.87,YES,YES,TRUE
2514,147,4996,199.13,23,5,0.034,1614,8.66,11/1/2024,Riyad,Tablet,8.11,1.35,39.83,1414.87,YES,YES,FALSE
2515,181,4882,199.13,17,7,0.0387,1614,11.71,16-11-2024,Baghdad,Tablet,8.11,1.1,28.45,1414.87,YES,YES,FALSE
2516,116,5242,199.13,18,5,0.0431,1614,11.06,9/11/2024,Tokyo,Mobile,8.11,1.72,39.83,1414.87,YES,YES,FALSE
2517,110,3458,199.13,22,10,0.0909,1614,9.05,21-11-2024,Baghdad,Mobile,8.11,1.81,19.91,1414.87,YES,YES,TRUE
2518,118,4919,199.13,18,9,0.0763,1614,11.06,11/8/2024,Baghdad,Desktop,8.11,1.69,22.13,1414.87,YES,YES,TRUE
2519,116,5105,199.13,15,11,0.0948,1614,13.28,11/2/2024,Tokyo,Desktop,8.11,1.72,18.1,1414.87,YES,YES,TRUE
2520,83,3599,199.13,18,9,0.1084,1614,11.06,11/13/2024,Tokyo,Mobile,8.11,2.4,22.13,1414.87,YES,YES,TRUE
2521,114,4506,199.13,26,11,0.0965,1614,7.66,11/9/2024,Paris,Mobile,8.11,1.75,18.1,1414.87,YES,YES,TRUE
2522,119,5764,199.13,18,10,0.084,1614,11.06,11/2/2024,Tokyo,Desktop,8.11,1.67,19.91,1414.87,YES,YES,TRUE
2523,117,4677,199.13,29,4,0.0342,1614,6.87,11/8/2024,Rome,Mobile,8.11,1.7,49.78,1414.87,YES,YES,FALSE
2524,107,5597,199.13,22,6,0.0561,1614,9.05,14-11-2024,Tokyo,Desktop,8.11,1.86,33.19,1414.87,YES,YES,TRUE
2525,155,4493,199.13,30,7,0.0452,1614,6.64,11/28/2024,Rome,Mobile,8.11,1.28,28.45,1414.87,YES,YES,FALSE
2526,102,5714,199.13,17,10,0.098,1614,11.71,1/11/2024,Tokyo,Desktop,8.11,1.95,19.91,1414.87,YES,YES,TRUE
2527,102,4977,199.13,17,3,0.0294,1614,11.71,21-11-2024,Baghdad,Desktop,8.11,1.95,66.38,1414.87,YES,YES,FALSE
2528,105,6598,199.13,21,8,0.0762,1614,9.48,11/29/2024,Cairo,Desktop,8.11,1.9,24.89,1414.87,YES,YES,TRUE
2529,75,5930,199.13,11,6,0.08,1614,18.1,16-11-2024,Tokyo,Mobile,8.11,2.66,33.19,1414.87,YES,YES,TRUE
2530,137,4461,199.13,31,5,0.0365,1614,6.42,11/8/2024,Rome,Mobile,8.11,1.45,39.83,1414.87,YES,YES,FALSE
2531,38,5409,199.13,22,9,0.2368,1614,9.05,11/21/2024,Tokyo,Desktop,8.11,5.24,22.13,1414.87,YES,YES,TRUE
2532,215,3712,199.13,10,8,0.0372,1614,19.91,12/11/2024,Paris,Mobile,8.11,0.93,24.89,1414.87,YES,YES,FALSE
2533,151,3246,199.13,16,10,0.0662,1614,12.45,11/25/2024,Baghdad,Mobile,8.11,1.32,19.91,1414.87,YES,YES,TRUE
2534,192,5280,199.13,13,10,0.0521,1614,15.32,11/10/2024,Riyad,Mobile,8.11,1.04,19.91,1414.87,YES,YES,TRUE
2535,130,5276,199.13,11,5,0.0385,1614,18.1,22-11-2024,Tokyo,Desktop,8.11,1.53,39.83,1414.87,YES,YES,FALSE
2536,107,5315,199.13,26,5,0.0467,1614,7.66,15-11-2024,Paris,Mobile,8.11,1.86,39.83,1414.87,YES,YES,FALSE
2537,114,4917,199.13,17,3,0.0263,1614,11.71,21-11-2024,Baghdad,Desktop,8.11,1.75,66.38,1414.87,YES,YES,FALSE
2538,116,3625,199.13,29,11,0.0948,1614,6.87,11/20/2024,Cairo,Tablet,8.11,1.72,18.1,1414.87,YES,YES,TRUE
2539,87,3930,199.13,22,10,0.1149,1614,9.05,4/11/2024,Cairo,Desktop,8.11,2.29,19.91,1414.87,YES,YES,TRUE
2540,124,2944,199.13,24,6,0.0484,1614,8.3,11/19/2024,Rome,Desktop,8.11,1.61,33.19,1414.87,YES,YES,FALSE
2541,124,5075,199.13,17,5,0.0403,1614,11.71,6/11/2024,Paris,Tablet,8.11,1.61,39.83,1414.87,YES,YES,FALSE
2542,138,5682,199.13,10,8,0.058,1614,19.91,11/7/2024,Tokyo,Desktop,8.11,1.44,24.89,1414.87,YES,YES,TRUE
2543,96,4846,199.13,15,8,0.0833,1614,13.28,11/16/2024,London,Desktop,8.11,2.07,24.89,1414.87,YES,YES,TRUE
2544,99,4598,199.13,15,6,0.0606,1614,13.28,11/16/2024,London,Desktop,8.11,2.01,33.19,1414.87,YES,YES,TRUE
2545,172,4255,199.13,25,9,0.0523,1614,7.97,11/8/2024,Paris,Tablet,8.11,1.16,22.13,1414.87,YES,YES,TRUE
2546,163,5174,199.13,17,7,0.0429,1614,11.71,16-11-2024,Baghdad,Tablet,8.11,1.22,28.45,1414.87,YES,YES,FALSE
2547,149,4545,199.13,29,5,0.0336,1614,6.87,11/15/2024,Riyad,Desktop,8.11,1.34,39.83,1414.87,YES,YES,FALSE
2548,95,4937,199.13,10,5,0.0526,1614,19.91,11/9/2024,Rome,Tablet,8.11,2.1,39.83,1414.87,YES,YES,TRUE
2549,91,5110,199.13,16,6,0.0659,1614,12.45,11/5/2024,Cairo,Desktop,8.11,2.19,33.19,1414.87,YES,YES,TRUE
2550,81,5401,199.13,12,5,0.0617,1614,16.59,11/9/2024,Rome,Tablet,8.11,2.46,39.83,1414.87,YES,YES,TRUE
2551,132,4830,199.13,19,8,0.0606,1614,10.48,12/11/2024,Cairo,Mobile,8.11,1.51,24.89,1414.87,YES,YES,TRUE
2552,130,6458,199.13,10,7,0.0538,1614,19.91,11/3/2024,Rome,Tablet,8.11,1.53,28.45,1414.87,YES,YES,TRUE
2553,180,5655,199.13,11,7,0.0389,1614,18.1,11/2/2024,Riyad,Desktop,8.11,1.11,28.45,1414.87,YES,YES,FALSE
2554,172,3469,199.13,26,8,0.0465,1614,7.66,11/12/2024,Rome,Mobile,8.11,1.16,24.89,1414.87,YES,YES,FALSE
2555,127,5121,199.13,28,3,0.0236,1614,7.11,11/8/2024,Baghdad,Mobile,8.11,1.57,66.38,1414.87,YES,YES,FALSE
2556,168,4249,199.13,34,8,0.0476,1614,5.86,11/28/2024,Rome,Mobile,8.11,1.19,24.89,1414.87,YES,YES,FALSE
2557,175,4584,199.13,27,8,0.0457,1614,7.38,11/24/2024,Baghdad,Mobile,8.11,1.14,24.89,1414.87,YES,YES,FALSE
2558,110,6087,199.13,10,9,0.0818,1614,19.91,11/3/2024,Rome,Tablet,8.11,1.81,22.13,1414.87,YES,YES,TRUE
2559,157,4804,199.13,23,5,0.0318,1614,8.66,11/1/2024,Riyad,Tablet,8.11,1.27,39.83,1414.87,YES,YES,FALSE
2560,168,4970,199.13,24,3,0.0179,1614,8.3,11/8/2024,Baghdad,Mobile,8.11,1.19,66.38,1414.87,YES,YES,FALSE
2561,107,4418,199.13,18,5,0.0467,1614,11.06,6/11/2024,Paris,Tablet,8.11,1.86,39.83,1414.87,YES,YES,FALSE
2562,111,6558,199.13,24,8,0.0721,1614,8.3,11/25/2024,Tokyo,Mobile,8.11,1.79,24.89,1414.87,YES,YES,TRUE
2563,159,3545,199.13,30,7,0.044,1614,6.64,11/8/2024,Paris,Tablet,8.11,1.25,28.45,1414.87,YES,YES,FALSE
2564,160,5308,199.13,26,3,0.0188,1614,7.66,11/8/2024,Baghdad,Mobile,8.11,1.24,66.38,1414.87,YES,YES,FALSE
2565,194,2964,199.13,18,3,0.0155,1614,11.06,11/11/2024,Baghdad,Mobile,8.11,1.03,66.38,1414.87,YES,YES,FALSE
2566,186,5557,199.13,19,4,0.0215,1614,10.48,11/11/2024,Paris,Desktop,8.11,1.07,49.78,1414.87,YES,YES,FALSE
2567,145,5161,199.13,23,6,0.0414,1614,8.66,11/5/2024,Paris,Desktop,8.11,1.37,33.19,1414.87,YES,YES,FALSE
2568,176,5092,199.13,12,4,0.0227,1614,16.59,11/8/2024,Tokyo,Tablet,8.11,1.13,49.78,1414.87,YES,YES,FALSE
2569,90,4270,199.13,22,10,0.1111,1614,9.05,4/11/2024,Cairo,Desktop,8.11,2.21,19.91,1414.87,YES,YES,TRUE
2570,87,4612,199.13,24,9,0.1034,1614,8.3,11/16/2024,Beyrouth,Tablet,8.11,2.29,22.13,1414.87,YES,YES,TRUE
2571,167,4517,199.13,31,8,0.0479,1614,6.42,11/8/2024,Paris,Tablet,8.11,1.19,24.89,1414.87,YES,YES,FALSE
2572,148,5343,199.13,27,5,0.0338,1614,7.38,11/15/2024,Riyad,Desktop,8.11,1.35,39.83,1414.87,YES,YES,FALSE
2573,99,5752,199.13,20,7,0.0707,1614,9.96,14-11-2024,Tokyo,Desktop,8.11,2.01,28.45,1414.87,YES,YES,TRUE
2574,110,4084,199.13,29,7,0.0636,1614,6.87,11/14/2024,Paris,Desktop,8.11,1.81,28.45,1414.87,YES,YES,TRUE
2575,184,4307,199.13,10,10,0.0543,1614,19.91,11/21/2024,Paris,Tablet,8.11,1.08,19.91,1414.87,YES,YES,TRUE
2576,107,5615,199.13,20,6,0.0561,1614,9.96,14-11-2024,Tokyo,Desktop,8.11,1.86,33.19,1414.87,YES,YES,TRUE
2577,128,4130,199.13,31,10,0.0781,1614,6.42,11/9/2024,Paris,Mobile,8.11,1.56,19.91,1414.87,YES,YES,TRUE
2578,164,2899,199.13,16,10,0.061,1614,12.45,11/25/2024,Baghdad,Mobile,8.11,1.21,19.91,1414.87,YES,YES,TRUE
2579,159,3714,199.13,18,9,0.0566,1614,11.06,12/11/2024,Cairo,Mobile,8.11,1.25,22.13,1414.87,YES,YES,TRUE
2580,181,5088,199.13,22,2,0.011,1614,9.05,11/24/2024,Beyrouth,Tablet,8.11,1.1,99.56,1414.87,YES,YES,FALSE
2581,185,3831,199.13,11,7,0.0378,1614,18.1,12/11/2024,Paris,Mobile,8.11,1.08,28.45,1414.87,YES,YES,FALSE
2582,104,4065,199.13,15,6,0.0577,1614,13.28,11/5/2024,Cairo,Desktop,8.11,1.91,33.19,1414.87,YES,YES,TRUE
2583,176,4665,199.13,18,3,0.017,1614,11.06,11/23/2024,Rome,Desktop,8.11,1.13,66.38,1414.87,YES,YES,FALSE
2584,133,3151,199.13,21,5,0.0376,1614,9.48,11/7/2024,Paris,Mobile,8.11,1.5,39.83,1414.87,YES,YES,FALSE
2585,88,4290,199.13,22,4,0.0455,1614,9.05,12/11/2024,Tokyo,Tablet,8.11,2.26,49.78,1414.87,YES,YES,FALSE
2586,120,5776,199.13,25,7,0.0583,1614,7.97,11/25/2024,Tokyo,Mobile,8.11,1.66,28.45,1414.87,YES,YES,TRUE
2587,140,5432,199.13,12,7,0.05,1614,16.59,11/7/2024,Tokyo,Desktop,8.11,1.42,28.45,1414.87,YES,YES,TRUE
2588,97,3854,199.13,14,2,0.0206,1614,14.22,20-11-2024,Tokyo,Tablet,8.11,2.05,99.56,1414.87,YES,YES,FALSE
2589,202,3978,199.13,11,8,0.0396,1614,18.1,16-11-2024,Riyad,Mobile,8.11,0.99,24.89,1414.87,YES,YES,FALSE
2590,125,4728,199.13,15,9,0.072,1614,13.28,11/26/2024,Baghdad,Tablet,8.11,1.59,22.13,1414.87,YES,YES,TRUE
2591,149,5254,199.13,11,7,0.047,1614,18.1,11/7/2024,Tokyo,Desktop,8.11,1.34,28.45,1414.87,YES,YES,FALSE
2592,122,5655,199.13,20,8,0.0656,1614,9.96,11/25/2024,Tokyo,Mobile,8.11,1.63,24.89,1414.87,YES,YES,TRUE
2593,110,4897,199.13,17,10,0.0909,1614,11.71,11/2/2024,Tokyo,Desktop,8.11,1.81,19.91,1414.87,YES,YES,TRUE
2594,96,6432,199.13,24,8,0.0833,1614,8.3,20-11-2024,Riyad,Tablet,8.11,2.07,24.89,1414.87,YES,YES,TRUE
2595,166,4923,199.13,26,8,0.0482,1614,7.66,11/11/2024,Baghdad,Tablet,8.11,1.2,24.89,1414.87,YES,YES,FALSE
2596,101,5028,199.13,23,10,0.099,1614,8.66,11/9/2024,Paris,Mobile,8.11,1.97,19.91,1414.87,YES,YES,TRUE
2597,176,3439,199.13,10,9,0.0511,1614,19.91,11/21/2024,Paris,Tablet,8.11,1.13,22.13,1414.87,YES,YES,TRUE
2598,124,5489,199.13,15,6,0.0484,1614,13.28,11/25/2024,Rome,Mobile,8.11,1.61,33.19,1414.87,YES,YES,FALSE
2599,182,6516,199.13,12,6,0.033,1614,16.59,11/2/2024,Riyad,Desktop,8.11,1.09,33.19,1414.87,YES,YES,FALSE
2600,147,2958,199.13,17,6,0.0408,1614,11.71,11/26/2024,Baghdad,Tablet,8.11,1.35,33.19,1414.87,YES,YES,FALSE
2601,92,5828,199.13,24,10,0.1087,1614,8.3,20-11-2024,Riyad,Tablet,8.11,2.16,19.91,1414.87,YES,YES,TRUE
2602,127,4828,199.13,13,5,0.0394,1614,15.32,11/6/2024,Cairo,Mobile,8.11,1.57,39.83,1414.87,YES,YES,FALSE
2603,100,5104,199.13,23,7,0.07,1614,8.66,14-11-2024,Tokyo,Desktop,8.11,1.99,28.45,1414.87,YES,YES,TRUE
2604,99,4308,199.13,29,4,0.0404,1614,6.87,11/8/2024,Rome,Mobile,8.11,2.01,49.78,1414.87,YES,YES,FALSE
2605,97,4839,199.13,20,6,0.0619,1614,9.96,14-11-2024,Tokyo,Desktop,8.11,2.05,33.19,1414.87,YES,YES,TRUE
2606,212,3742,199.13,10,9,0.0425,1614,19.91,16-11-2024,Riyad,Mobile,8.11,0.94,22.13,1414.87,YES,YES,FALSE
2607,87,3762,199.13,25,5,0.0575,1614,7.97,11/22/2024,Beijin,Desktop,8.11,2.29,39.83,1414.87,YES,YES,TRUE
2608,190,5756,199.13,21,4,0.0211,1614,9.48,11/11/2024,Paris,Desktop,8.11,1.05,49.78,1414.87,YES,YES,FALSE
2609,133,4615,199.13,21,9,0.0677,1614,9.48,11/8/2024,Baghdad,Desktop,8.11,1.5,22.13,1414.87,YES,YES,TRUE
2610,105,4623,199.13,22,6,0.0571,1614,9.05,11/14/2024,Paris,Desktop,8.11,1.9,33.19,1414.87,YES,YES,TRUE
2611,125,3449,199.13,19,2,0.016,1614,10.48,11/27/2024,Canberra,Desktop,8.11,1.59,99.56,1414.87,YES,YES,FALSE
2612,165,3798,199.13,10,10,0.0606,1614,19.91,11/21/2024,Paris,Tablet,8.11,1.21,19.91,1414.87,YES,YES,TRUE
2613,197,3859,199.13,20,3,0.0152,1614,9.96,11/23/2024,Rome,Desktop,8.11,1.01,66.38,1414.87,YES,YES,FALSE
2614,100,5490,199.13,22,6,0.06,1614,9.05,11/15/2024,Riyad,Tablet,8.11,1.99,33.19,1414.87,YES,YES,TRUE
2615,128,4409,199.13,30,4,0.0312,1614,6.64,11/8/2024,Rome,Mobile,8.11,1.56,49.78,1414.87,YES,YES,FALSE
2616,112,5518,199.13,19,7,0.0625,1614,10.48,14-11-2024,Tokyo,Desktop,8.11,1.78,28.45,1414.87,YES,YES,TRUE
2617,157,3814,199.13,26,8,0.051,1614,7.66,17-11-2024,Rome,Mobile,8.11,1.27,24.89,1414.87,YES,YES,TRUE
2618,115,4813,199.13,19,3,0.0261,1614,10.48,11/16/2024,Cairo,Desktop,8.11,1.73,66.38,1414.87,YES,YES,FALSE
2619,107,4579,199.13,14,10,0.0935,1614,14.22,11/26/2024,Baghdad,Tablet,8.11,1.86,19.91,1414.87,YES,YES,TRUE
2620,188,4628,199.13,9,8,0.0426,1614,22.13,11/4/2024,Cairo,Desktop,8.11,1.06,24.89,1414.87,YES,YES,FALSE
2621,129,4640,199.13,20,7,0.0543,1614,9.96,11/5/2024,Tokyo,Desktop,8.11,1.54,28.45,1414.87,YES,YES,TRUE
2622,164,5869,199.13,24,6,0.0366,1614,8.3,1/11/2024,Paris,Tablet,8.11,1.21,33.19,1414.87,YES,YES,FALSE
2623,155,2944,199.13,29,8,0.0516,1614,6.87,11/22/2024,Cairo,Desktop,8.11,1.28,24.89,1414.87,YES,YES,TRUE
2624,151,3965,199.13,31,7,0.0464,1614,6.42,11/8/2024,Paris,Tablet,8.11,1.32,28.45,1414.87,YES,YES,FALSE
2625,106,5997,199.13,24,9,0.0849,1614,8.3,11/12/2024,Tokyo,Mobile,8.11,1.88,22.13,1414.87,YES,YES,TRUE
2626,118,4223,199.13,18,4,0.0339,1614,11.06,6/11/2024,Paris,Tablet,8.11,1.69,49.78,1414.87,YES,YES,FALSE
2627,83,4124,199.13,22,4,0.0482,1614,9.05,12/11/2024,Tokyo,Tablet,8.11,2.4,49.78,1414.87,YES,YES,FALSE
2628,134,4151,199.13,21,3,0.0224,1614,9.48,11/8/2024,Baghdad,Mobile,8.11,1.49,66.38,1414.87,YES,YES,FALSE
2629,155,3770,199.13,13,7,0.0452,1614,15.32,11/14/2024,Riyad,Desktop,8.11,1.28,28.45,1414.87,YES,YES,FALSE
2630,103,5360,199.13,31,4,0.0388,1614,6.42,11/24/2024,London,Tablet,8.11,1.93,49.78,1414.87,YES,YES,FALSE
2631,156,5857,199.13,20,8,0.0513,1614,9.96,18-11-2024,Baghdad,Desktop,8.11,1.28,24.89,1414.87,YES,YES,TRUE
2632,132,3032,199.13,10,7,0.053,1614,19.91,11/23/2024,Riyad,Tablet,8.11,1.51,28.45,1414.87,YES,YES,TRUE
2633,88,5066,199.13,17,6,0.0682,1614,11.71,30-11-2024,Rome,Mobile,8.11,2.26,33.19,1414.87,YES,YES,TRUE
2634,95,6402,199.13,23,9,0.0947,1614,8.66,20-11-2024,Riyad,Tablet,8.11,2.1,22.13,1414.87,YES,YES,TRUE
2635,144,4175,199.13,17,8,0.0556,1614,11.71,12/11/2024,Cairo,Mobile,8.11,1.38,24.89,1414.87,YES,YES,TRUE
2636,117,5268,199.13,14,6,0.0513,1614,14.22,11/25/2024,Rome,Mobile,8.11,1.7,33.19,1414.87,YES,YES,TRUE
2637,220,5418,199.13,24,3,0.0136,1614,8.3,11/25/2024,Riyad,Tablet,8.11,0.91,66.38,1414.87,YES,YES,FALSE
2638,89,3413,199.13,20,4,0.0449,1614,9.96,12/11/2024,Tokyo,Tablet,8.11,2.24,49.78,1414.87,YES,YES,FALSE
2639,224,5722,199.13,28,5,0.0223,1614,7.11,11/12/2024,Baghdad,Mobile,8.11,0.89,39.83,1414.87,YES,YES,FALSE
2640,126,5450,199.13,17,10,0.0794,1614,11.71,11/26/2024,Baghdad,Tablet,8.11,1.58,19.91,1414.87,YES,YES,TRUE
2641,95,3671,199.13,18,10,0.1053,1614,11.06,21-11-2024,Baghdad,Mobile,8.11,2.1,19.91,1414.87,YES,YES,TRUE
2642,81,3309,199.13,19,10,0.1235,1614,10.48,11/13/2024,Tokyo,Mobile,8.11,2.46,19.91,1414.87,YES,YES,TRUE
2643,179,5405,199.13,25,3,0.0168,1614,7.97,11/25/2024,Riyad,Tablet,8.11,1.11,66.38,1414.87,YES,YES,FALSE
2644,112,3861,199.13,23,5,0.0446,1614,8.66,11/28/2024,Riyad,Tablet,8.11,1.78,39.83,1414.87,YES,YES,FALSE
2645,90,6144,199.13,11,6,0.0667,1614,18.1,16-11-2024,Tokyo,Mobile,8.11,2.21,33.19,1414.87,YES,YES,TRUE
2646,103,4594,199.13,21,7,0.068,1614,9.48,30-11-2024,Rome,Mobile,8.11,1.93,28.45,1414.87,YES,YES,TRUE
2647,86,6230,199.13,23,9,0.1047,1614,8.66,11/12/2024,Tokyo,Mobile,8.11,2.32,22.13,1414.87,YES,YES,TRUE
2648,129,6002,199.13,14,6,0.0465,1614,14.22,11/25/2024,Rome,Mobile,8.11,1.54,33.19,1414.87,YES,YES,FALSE
2649,188,3189,199.13,15,3,0.016,1614,13.28,11/11/2024,Baghdad,Mobile,8.11,1.06,66.38,1414.87,YES,YES,FALSE
2650,142,4759,199.13,24,3,0.0211,1614,8.3,11/8/2024,Baghdad,Mobile,8.11,1.4,66.38,1414.87,YES,YES,FALSE
2651,126,2993,199.13,18,3,0.0238,1614,11.06,11/27/2024,Canberra,Desktop,8.11,1.58,66.38,1414.87,YES,YES,FALSE
2652,158,4325,199.13,15,7,0.0443,1614,13.28,27-11-2024,Cairo,Mobile,8.11,1.26,28.45,1414.87,YES,YES,FALSE
2653,91,3891,199.13,23,3,0.033,1614,8.66,12/11/2024,Tokyo,Tablet,8.11,2.19,66.38,1414.87,YES,YES,FALSE
2654,178,3566,199.13,29,8,0.0449,1614,6.87,11/8/2024,Paris,Tablet,8.11,1.12,24.89,1414.87,YES,YES,FALSE
2655,149,5487,199.13,21,5,0.0336,1614,9.48,11/5/2024,Paris,Desktop,8.11,1.34,39.83,1414.87,YES,YES,FALSE
2656,129,4640,199.13,20,7,0.0543,1614,9.96,11/5/2024,Tokyo,Desktop,8.11,1.54,28.45,1414.87,YES,YES,TRUE
2657,112,5648,199.13,20,6,0.0536,1614,9.96,14-11-2024,Tokyo,Desktop,8.11,1.78,33.19,1414.87,YES,YES,TRUE
2658,137,5136,199.13,14,7,0.0511,1614,14.22,11/25/2024,Rome,Mobile,8.11,1.45,28.45,1414.87,YES,YES,TRUE
2659,144,4090,199.13,27,6,0.0417,1614,7.38,3/11/2024,Riyad,Tablet,8.11,1.38,33.19,1414.87,YES,YES,FALSE
2660,129,3261,199.13,19,6,0.0465,1614,10.48,11/26/2024,Baghdad,Tablet,8.11,1.54,33.19,1414.87,YES,YES,FALSE
2661,170,2988,199.13,17,3,0.0176,1614,11.71,11/11/2024,Baghdad,Mobile,8.11,1.17,66.38,1414.87,YES,YES,FALSE
2662,141,5322,199.13,19,8,0.0567,1614,10.48,18-11-2024,Baghdad,Desktop,8.11,1.41,24.89,1414.87,YES,YES,TRUE
2663,149,6225,199.13,10,8,0.0537,1614,19.91,11/7/2024,Tokyo,Desktop,8.11,1.34,24.89,1414.87,YES,YES,TRUE
2664,133,6253,199.13,22,8,0.0602,1614,9.05,11/10/2024,Cairo,Desktop,8.11,1.5,24.89,1414.87,YES,YES,TRUE
2665,104,3884,199.13,28,5,0.0481,1614,7.11,11/14/2024,Paris,Desktop,8.11,1.91,39.83,1414.87,YES,YES,FALSE
2666,178,5886,199.13,23,7,0.0393,1614,8.66,1/11/2024,Paris,Tablet,8.11,1.12,28.45,1414.87,YES,YES,FALSE
2667,126,3613,199.13,19,7,0.0556,1614,10.48,29-11-2024,Paris,Desktop,8.11,1.58,28.45,1414.87,YES,YES,TRUE
2668,125,5387,199.13,14,6,0.048,1614,14.22,11/25/2024,Rome,Mobile,8.11,1.59,33.19,1414.87,YES,YES,FALSE
2669,163,3867,199.13,24,7,0.0429,1614,8.3,23-11-2024,Baghdad,Mobile,8.11,1.22,28.45,1414.87,YES,YES,FALSE
2670,83,6236,199.13,10,5,0.0602,1614,19.91,16-11-2024,Tokyo,Mobile,8.11,2.4,39.83,1414.87,YES,YES,TRUE
2671,93,6563,199.13,22,9,0.0968,1614,9.05,20-11-2024,Riyad,Tablet,8.11,2.14,22.13,1414.87,YES,YES,TRUE
2672,74,4972,199.13,21,7,0.0946,1614,9.48,30-11-2024,Rome,Mobile,8.11,2.69,28.45,1414.87,YES,YES,TRUE
2673,149,4960,199.13,22,5,0.0336,1614,9.05,11/1/2024,Riyad,Tablet,8.11,1.34,39.83,1414.87,YES,YES,FALSE
2674,174,3658,199.13,26,8,0.046,1614,7.66,12/11/2024,Cairo,Tablet,8.11,1.14,24.89,1414.87,YES,YES,FALSE
2675,163,3707,199.13,16,9,0.0552,1614,12.45,11/26/2024,Tokyo,Mobile,8.11,1.22,22.13,1414.87,YES,YES,TRUE
2676,83,5926,199.13,11,5,0.0602,1614,18.1,11/9/2024,Rome,Tablet,8.11,2.4,39.83,1414.87,YES,YES,TRUE
2677,184,5367,199.13,20,7,0.038,1614,9.96,11/3/2024,Tokyo,Tablet,8.11,1.08,28.45,1414.87,YES,YES,FALSE
2678,38,5500,199.13,22,10,0.2632,1614,9.05,11/21/2024,Tokyo,Desktop,8.11,5.24,19.91,1414.87,YES,YES,TRUE
2679,102,5130,199.13,26,5,0.049,1614,7.66,15-11-2024,Paris,Mobile,8.11,1.95,39.83,1414.87,YES,YES,FALSE
2680,111,5351,199.13,28,6,0.0541,1614,7.11,11/15/2024,Riyad,Tablet,8.11,1.79,33.19,1414.87,YES,YES,TRUE
2681,208,5237,199.13,14,6,0.0288,1614,14.22,11/16/2024,Baghdad,Mobile,8.11,0.96,33.19,1414.87,YES,YES,FALSE
2682,94,6502,199.13,11,6,0.0638,1614,18.1,16-11-2024,Tokyo,Mobile,8.11,2.12,33.19,1414.87,YES,YES,TRUE
2683,202,5993,199.13,20,4,0.0198,1614,9.96,11/11/2024,Paris,Desktop,8.11,0.99,49.78,1414.87,YES,YES,FALSE
2684,72,3195,199.13,22,10,0.1389,1614,9.05,11/13/2024,Tokyo,Mobile,8.11,2.77,19.91,1414.87,YES,YES,TRUE
2685,191,4396,199.13,14,8,0.0419,1614,14.22,27-11-2024,Cairo,Mobile,8.11,1.04,24.89,1414.87,YES,YES,FALSE
2686,107,5733,199.13,16,9,0.0841,1614,12.45,1/11/2024,Tokyo,Desktop,8.11,1.86,22.13,1414.87,YES,YES,TRUE
2687,135,4539,199.13,14,5,0.037,1614,14.22,11/5/2024,Baghdad,Desktop,8.11,1.48,39.83,1414.87,YES,YES,FALSE
2688,127,4529,199.13,17,5,0.0394,1614,11.71,9/11/2024,Tokyo,Mobile,8.11,1.57,39.83,1414.87,YES,YES,FALSE
2689,90,4378,199.13,21,4,0.0444,1614,9.48,12/11/2024,Tokyo,Tablet,8.11,2.21,49.78,1414.87,YES,YES,FALSE
2690,99,6402,199.13,28,6,0.0606,1614,7.11,11/15/2024,Riyad,Tablet,8.11,2.01,33.19,1414.87,YES,YES,TRUE
2691,125,5542,199.13,22,10,0.08,1614,9.05,11/25/2024,Tokyo,Mobile,8.11,1.59,19.91,1414.87,YES,YES,TRUE
2692,179,4578,199.13,25,3,0.0168,1614,7.97,11/24/2024,Beyrouth,Tablet,8.11,1.11,66.38,1414.87,YES,YES,FALSE
2693,96,6274,199.13,10,7,0.0729,1614,19.91,16-11-2024,Tokyo,Mobile,8.11,2.07,28.45,1414.87,YES,YES,TRUE
2694,99,5133,199.13,13,10,0.101,1614,15.32,11/26/2024,Baghdad,Tablet,8.11,2.01,19.91,1414.87,YES,YES,TRUE
2695,159,2964,199.13,23,10,0.0629,1614,8.66,11/12/2024,Rome,Mobile,8.11,1.25,19.91,1414.87,YES,YES,TRUE
2696,219,4744,199.13,13,4,0.0183,1614,15.32,11/8/2024,Tokyo,Tablet,8.11,0.91,49.78,1414.87,YES,YES,FALSE
2697,183,6449,199.13,15,9,0.0492,1614,13.28,11/10/2024,Riyad,Mobile,8.11,1.09,22.13,1414.87,YES,YES,FALSE
2698,188,5946,199.13,24,6,0.0319,1614,8.3,11/12/2024,Baghdad,Mobile,8.11,1.06,33.19,1414.87,YES,YES,FALSE
2699,152,3512,199.13,29,8,0.0526,1614,6.87,12/11/2024,Cairo,Tablet,8.11,1.31,24.89,1414.87,YES,YES,TRUE
2700,104,5464,199.13,29,6,0.0577,1614,6.87,11/15/2024,Riyad,Tablet,8.11,1.91,33.19,1414.87,YES,YES,TRUE
2701,161,4914,199.13,16,9,0.0559,1614,12.45,11/26/2024,Tokyo,Mobile,8.11,1.24,22.13,1414.87,YES,YES,TRUE
2702,141,4664,199.13,25,7,0.0496,1614,7.97,3/11/2024,Riyad,Tablet,8.11,1.41,28.45,1414.87,YES,YES,FALSE
2703,183,4622,199.13,31,7,0.0383,1614,6.42,11/8/2024,Paris,Tablet,8.11,1.09,28.45,1414.87,YES,YES,FALSE
2704,81,5458,199.13,12,5,0.0617,1614,16.59,11/9/2024,Rome,Tablet,8.11,2.46,39.83,1414.87,YES,YES,TRUE
2705,111,5279,199.13,15,3,0.027,1614,13.28,21-11-2024,Baghdad,Desktop,8.11,1.79,66.38,1414.87,YES,YES,FALSE
2706,136,3938,199.13,31,4,0.0294,1614,6.42,11/8/2024,Rome,Mobile,8.11,1.46,49.78,1414.87,YES,YES,FALSE
2707,139,4280,199.13,25,4,0.0288,1614,7.97,11/8/2024,Rome,Mobile,8.11,1.43,49.78,1414.87,YES,YES,FALSE
2708,114,5059,199.13,14,11,0.0965,1614,14.22,11/26/2024,Baghdad,Tablet,8.11,1.75,18.1,1414.87,YES,YES,TRUE
2709,111,3719,199.13,24,8,0.0721,1614,8.3,11/20/2024,Tokyo,Tablet,8.11,1.79,24.89,1414.87,YES,YES,TRUE
2710,123,5071,199.13,19,10,0.0813,1614,10.48,11/26/2024,Baghdad,Tablet,8.11,1.62,19.91,1414.87,YES,YES,TRUE
2711,172,4449,199.13,29,8,0.0465,1614,6.87,11/28/2024,Rome,Mobile,8.11,1.16,24.89,1414.87,YES,YES,FALSE
2712,176,5384,199.13,22,3,0.017,1614,9.05,11/25/2024,Riyad,Tablet,8.11,1.13,66.38,1414.87,YES,YES,FALSE
2713,95,5111,199.13,22,10,0.1053,1614,9.05,20-11-2024,Riyad,Tablet,8.11,2.1,19.91,1414.87,YES,YES,TRUE
2714,167,2535,199.13,20,5,0.0299,1614,9.96,11/7/2024,Paris,Mobile,8.11,1.19,39.83,1414.87,YES,YES,FALSE
2715,189,5570,199.13,17,7,0.037,1614,11.71,16-11-2024,Baghdad,Tablet,8.11,1.05,28.45,1414.87,YES,YES,FALSE
2716,113,5237,199.13,19,6,0.0531,1614,10.48,14-11-2024,Tokyo,Desktop,8.11,1.76,33.19,1414.87,YES,YES,TRUE
2717,147,5631,199.13,25,10,0.068,1614,7.97,11/10/2024,Cairo,Desktop,8.11,1.35,19.91,1414.87,YES,YES,TRUE
2718,129,4640,199.13,20,7,0.0543,1614,9.96,11/5/2024,Tokyo,Desktop,8.11,1.54,28.45,1414.87,YES,YES,TRUE
2719,203,4198,199.13,10,8,0.0394,1614,19.91,16-11-2024,Riyad,Mobile,8.11,0.98,24.89,1414.87,YES,YES,FALSE
2720,155,4631,199.13,13,8,0.0516,1614,15.32,27-11-2024,Cairo,Mobile,8.11,1.28,24.89,1414.87,YES,YES,TRUE
2721,161,4556,199.13,14,7,0.0435,1614,14.22,11/14/2024,Riyad,Desktop,8.11,1.24,28.45,1414.87,YES,YES,FALSE
2722,125,3424,199.13,27,5,0.04,1614,7.38,11/19/2024,Rome,Desktop,8.11,1.59,39.83,1414.87,YES,YES,FALSE
2723,178,4408,199.13,16,10,0.0562,1614,12.45,11/26/2024,Tokyo,Mobile,8.11,1.12,19.91,1414.87,YES,YES,TRUE
2724,108,5503,199.13,19,6,0.0556,1614,10.48,14-11-2024,Tokyo,Desktop,8.11,1.84,33.19,1414.87,YES,YES,TRUE
2725,100,5296,199.13,24,8,0.08,1614,8.3,20-11-2024,Riyad,Tablet,8.11,1.99,24.89,1414.87,YES,YES,TRUE
2726,100,6354,199.13,23,10,0.1,1614,8.66,20-11-2024,Riyad,Tablet,8.11,1.99,19.91,1414.87,YES,YES,TRUE
2727,133,4134,199.13,16,8,0.0602,1614,12.45,18-11-2024,Baghdad,Desktop,8.11,1.5,24.89,1414.87,YES,YES,TRUE
2728,187,5106,199.13,26,3,0.016,1614,7.66,11/25/2024,Riyad,Tablet,8.11,1.06,66.38,1414.87,YES,YES,FALSE
2729,91,4506,199.13,14,7,0.0769,1614,14.22,11/16/2024,London,Desktop,8.11,2.19,28.45,1414.87,YES,YES,TRUE
2730,99,4699,199.13,17,9,0.0909,1614,11.71,11/8/2024,Baghdad,Desktop,8.11,2.01,22.13,1414.87,YES,YES,TRUE
2731,150,3070,199.13,17,6,0.04,1614,11.71,11/26/2024,Baghdad,Tablet,8.11,1.33,33.19,1414.87,YES,YES,FALSE
2732,136,5740,199.13,21,5,0.0368,1614,9.48,11/1/2024,Riyad,Tablet,8.11,1.46,39.83,1414.87,YES,YES,FALSE
2733,90,4392,199.13,24,10,0.1111,1614,8.3,4/11/2024,Cairo,Desktop,8.11,2.21,19.91,1414.87,YES,YES,TRUE
2734,122,3161,199.13,11,6,0.0492,1614,18.1,11/23/2024,Riyad,Tablet,8.11,1.63,33.19,1414.87,YES,YES,FALSE
2735,99,4618,199.13,18,3,0.0303,1614,11.06,21-11-2024,Baghdad,Desktop,8.11,2.01,66.38,1414.87,YES,YES,FALSE
2736,118,4879,199.13,27,4,0.0339,1614,7.38,11/24/2024,London,Tablet,8.11,1.69,49.78,1414.87,YES,YES,FALSE
2737,85,4800,199.13,23,10,0.1176,1614,8.66,11/16/2024,Beyrouth,Tablet,8.11,2.34,19.91,1414.87,YES,YES,TRUE
2738,150,5399,199.13,21,8,0.0533,1614,9.48,11/3/2024,Tokyo,Tablet,8.11,1.33,24.89,1414.87,YES,YES,TRUE
2739,98,2707,199.13,28,10,0.102,1614,7.11,23-11-2024,Cairo,Desktop,8.11,2.03,19.91,1414.87,YES,YES,TRUE
2740,98,5505,199.13,21,8,0.0816,1614,9.48,11/29/2024,Cairo,Desktop,8.11,2.03,24.89,1414.87,YES,YES,TRUE
2741,168,4456,199.13,20,3,0.0179,1614,9.96,11/23/2024,Rome,Desktop,8.11,1.19,66.38,1414.87,YES,YES,FALSE
2742,101,4004,199.13,13,3,0.0297,1614,15.32,20-11-2024,Tokyo,Tablet,8.11,1.97,66.38,1414.87,YES,YES,FALSE
2743,169,5903,199.13,26,4,0.0237,1614,7.66,11/12/2024,Baghdad,Mobile,8.11,1.18,49.78,1414.87,YES,YES,FALSE
2744,190,4019,199.13,11,10,0.0526,1614,18.1,11/21/2024,Paris,Tablet,8.11,1.05,19.91,1414.87,YES,YES,TRUE
2745,131,5914,199.13,30,3,0.0229,1614,6.64,11/8/2024,Baghdad,Mobile,8.11,1.52,66.38,1414.87,YES,YES,FALSE
2746,117,4869,199.13,27,6,0.0513,1614,7.38,15-11-2024,Paris,Mobile,8.11,1.7,33.19,1414.87,YES,YES,TRUE
2747,106,4757,199.13,13,8,0.0755,1614,15.32,11/16/2024,London,Desktop,8.11,1.88,24.89,1414.87,YES,YES,TRUE
2748,200,5411,199.13,12,6,0.03,1614,16.59,11/16/2024,Baghdad,Mobile,8.11,1,33.19,1414.87,YES,YES,FALSE
2749,109,5703,199.13,21,7,0.0642,1614,9.48,11/5/2024,Rome,Tablet,8.11,1.83,28.45,1414.87,YES,YES,TRUE
2750,136,4421,199.13,24,5,0.0368,1614,8.3,11/1/2024,Riyad,Tablet,8.11,1.46,39.83,1414.87,YES,YES,FALSE
2751,189,5305,199.13,18,7,0.037,1614,11.06,11/3/2024,Tokyo,Tablet,8.11,1.05,28.45,1414.87,YES,YES,FALSE
2752,223,5361,199.13,25,10,0.0448,1614,7.97,11/7/2024,Riyad,Tablet,8.11,0.89,19.91,1414.87,YES,YES,FALSE
2753,202,5648,199.13,25,10,0.0495,1614,7.97,11/7/2024,Riyad,Tablet,8.11,0.99,19.91,1414.87,YES,YES,FALSE
2754,129,4640,199.13,20,7,0.0543,1614,9.96,11/5/2024,Tokyo,Desktop,8.11,1.54,28.45,1414.87,YES,YES,TRUE
2755,126,4880,199.13,18,5,0.0397,1614,11.06,9/11/2024,Tokyo,Mobile,8.11,1.58,39.83,1414.87,YES,YES,FALSE
2756,147,3481,199.13,32,5,0.034,1614,6.22,11/19/2024,Rome,Desktop,8.11,1.35,39.83,1414.87,YES,YES,FALSE
2757,196,6341,199.13,13,7,0.0357,1614,15.32,11/16/2024,Baghdad,Mobile,8.11,1.02,28.45,1414.87,YES,YES,FALSE
2758,218,3768,199.13,9,8,0.0367,1614,22.13,16-11-2024,Riyad,Mobile,8.11,0.91,24.89,1414.87,YES,YES,FALSE
2759,38,5706,199.13,20,10,0.2632,1614,9.96,11/21/2024,Tokyo,Desktop,8.11,5.24,19.91,1414.87,YES,YES,TRUE
2760,138,5995,199.13,26,8,0.058,1614,7.66,11/10/2024,Cairo,Desktop,8.11,1.44,24.89,1414.87,YES,YES,TRUE
2761,203,5207,199.13,17,9,0.0443,1614,11.71,11/10/2024,Riyad,Mobile,8.11,0.98,22.13,1414.87,YES,YES,FALSE
2762,150,3944,199.13,22,8,0.0533,1614,9.05,29-11-2024,Paris,Desktop,8.11,1.33,24.89,1414.87,YES,YES,TRUE
2763,81,6140,199.13,11,5,0.0617,1614,18.1,11/9/2024,Rome,Tablet,8.11,2.46,39.83,1414.87,YES,YES,TRUE
2764,95,5183,199.13,25,8,0.0842,1614,7.97,11/29/2024,Cairo,Desktop,8.11,2.1,24.89,1414.87,YES,YES,TRUE
2765,207,5482,199.13,29,5,0.0242,1614,6.87,11/12/2024,Baghdad,Mobile,8.11,0.96,39.83,1414.87,YES,YES,FALSE
2766,187,3816,199.13,31,8,0.0428,1614,6.42,11/8/2024,Paris,Tablet,8.11,1.06,24.89,1414.87,YES,YES,FALSE
2767,108,3418,199.13,35,7,0.0648,1614,5.69,26-11-2024,Baghdad,Desktop,8.11,1.84,28.45,1414.87,YES,YES,TRUE
2768,100,4054,199.13,12,3,0.03,1614,16.59,20-11-2024,Tokyo,Tablet,8.11,1.99,66.38,1414.87,YES,YES,FALSE
2769,102,5688,199.13,29,6,0.0588,1614,6.87,11/15/2024,Riyad,Tablet,8.11,1.95,33.19,1414.87,YES,YES,TRUE
2770,179,4195,199.13,22,3,0.0168,1614,9.05,11/24/2024,Beyrouth,Tablet,8.11,1.11,66.38,1414.87,YES,YES,FALSE
2771,112,5622,199.13,29,6,0.0536,1614,6.87,11/15/2024,Riyad,Tablet,8.11,1.78,33.19,1414.87,YES,YES,TRUE
2772,125,5642,199.13,25,7,0.056,1614,7.97,11/5/2024,Rome,Tablet,8.11,1.59,28.45,1414.87,YES,YES,TRUE
2773,160,4282,199.13,21,4,0.025,1614,9.48,11/23/2024,Rome,Desktop,8.11,1.24,49.78,1414.87,YES,YES,FALSE
2774,160,4367,199.13,24,3,0.0188,1614,8.3,11/23/2024,Rome,Desktop,8.11,1.24,66.38,1414.87,YES,YES,FALSE
2775,156,2983,199.13,22,5,0.0321,1614,9.05,11/7/2024,Paris,Mobile,8.11,1.28,39.83,1414.87,YES,YES,FALSE
2776,143,5410,199.13,23,5,0.035,1614,8.66,11/1/2024,Riyad,Tablet,8.11,1.39,39.83,1414.87,YES,YES,FALSE
2777,166,5366,199.13,17,7,0.0422,1614,11.71,16-11-2024,Baghdad,Tablet,8.11,1.2,28.45,1414.87,YES,YES,FALSE
2778,110,6222,199.13,27,6,0.0545,1614,7.38,11/15/2024,Riyad,Tablet,8.11,1.81,33.19,1414.87,YES,YES,TRUE
2779,207,6011,199.13,21,7,0.0338,1614,9.48,11/7/2024,Riyad,Tablet,8.11,0.96,28.45,1414.87,YES,YES,FALSE
2780,159,5356,199.13,20,8,0.0503,1614,9.96,18-11-2024,Baghdad,Desktop,8.11,1.25,24.89,1414.87,YES,YES,TRUE
2781,104,5319,199.13,20,5,0.0481,1614,9.96,9/11/2024,Tokyo,Mobile,8.11,1.91,39.83,1414.87,YES,YES,FALSE
2782,103,3345,199.13,24,5,0.0485,1614,8.3,11/22/2024,Beijin,Desktop,8.11,1.93,39.83,1414.87,YES,YES,FALSE
2783,107,5560,199.13,23,6,0.0561,1614,8.66,14-11-2024,Tokyo,Desktop,8.11,1.86,33.19,1414.87,YES,YES,TRUE
2784,150,4577,199.13,19,9,0.06,1614,10.48,11/26/2024,Tokyo,Mobile,8.11,1.33,22.13,1414.87,YES,YES,TRUE
2785,79,5252,199.13,20,6,0.0759,1614,9.96,30-11-2024,Rome,Mobile,8.11,2.52,33.19,1414.87,YES,YES,TRUE
2786,94,4073,199.13,17,5,0.0532,1614,11.71,11/24/2024,Baghdad,Tablet,8.11,2.12,39.83,1414.87,YES,YES,TRUE
2787,168,4294,199.13,26,9,0.0536,1614,7.66,11/24/2024,Baghdad,Mobile,8.11,1.19,22.13,1414.87,YES,YES,TRUE
2788,98,3477,199.13,12,2,0.0204,1614,16.59,20-11-2024,Tokyo,Tablet,8.11,2.03,99.56,1414.87,YES,YES,FALSE
2789,225,5458,199.13,12,6,0.0267,1614,16.59,11/16/2024,Baghdad,Mobile,8.11,0.89,33.19,1414.87,YES,YES,FALSE
2790,108,3821,199.13,27,11,0.1019,1614,7.38,11/20/2024,Cairo,Tablet,8.11,1.84,18.1,1414.87,YES,YES,TRUE
2791,129,4640,199.13,20,7,0.0543,1614,9.96,11/5/2024,Tokyo,Desktop,8.11,1.54,28.45,1414.87,YES,YES,TRUE
2792,171,3398,199.13,23,9,0.0526,1614,8.66,12/11/2024,Cairo,Tablet,8.11,1.16,22.13,1414.87,YES,YES,TRUE
2793,171,4629,199.13,27,8,0.0468,1614,7.38,11/11/2024,Baghdad,Tablet,8.11,1.16,24.89,1414.87,YES,YES,FALSE
2794,111,3919,199.13,21,9,0.0811,1614,9.48,11/20/2024,Riyad,Tablet,8.11,1.79,22.13,1414.87,YES,YES,TRUE
2795,116,3315,199.13,27,10,0.0862,1614,7.38,11/9/2024,Paris,Mobile,8.11,1.72,19.91,1414.87,YES,YES,TRUE
2796,165,4951,199.13,17,5,0.0303,1614,11.71,11/1/2024,Riyad,Tablet,8.11,1.21,39.83,1414.87,YES,YES,FALSE
2797,134,6083,199.13,19,4,0.0299,1614,10.48,9/11/2024,Tokyo,Mobile,8.11,1.49,49.78,1414.87,YES,YES,FALSE
2798,114,3727,199.13,16,3,0.0263,1614,12.45,11/27/2024,Canberra,Desktop,8.11,1.75,66.38,1414.87,YES,YES,FALSE
2799,120,4072,199.13,26,9,0.075,1614,7.66,11/9/2024,Paris,Mobile,8.11,1.66,22.13,1414.87,YES,YES,TRUE
2800,210,3787,199.13,11,7,0.0333,1614,18.1,12/11/2024,Paris,Mobile,8.11,0.95,28.45,1414.87,YES,YES,FALSE
2801,104,3190,199.13,19,5,0.0481,1614,10.48,11/22/2024,Beijin,Desktop,8.11,1.91,39.83,1414.87,YES,YES,FALSE
2802,192,5233,199.13,12,7,0.0365,1614,16.59,11/2/2024,Riyad,Desktop,8.11,1.04,28.45,1414.87,YES,YES,FALSE
2803,129,4910,199.13,15,6,0.0465,1614,13.28,11/25/2024,Rome,Mobile,8.11,1.54,33.19,1414.87,YES,YES,FALSE
2804,124,5093,199.13,25,6,0.0484,1614,7.97,11/20/2024,Tokyo,Desktop,8.11,1.61,33.19,1414.87,YES,YES,FALSE
2805,113,5729,199.13,10,8,0.0708,1614,19.91,11/3/2024,Rome,Tablet,8.11,1.76,24.89,1414.87,YES,YES,TRUE
2806,97,4571,199.13,20,5,0.0515,1614,9.96,6/11/2024,Paris,Tablet,8.11,2.05,39.83,1414.87,YES,YES,TRUE
2807,127,5759,199.13,16,3,0.0236,1614,12.45,11/23/2024,Tokyo,Mobile,8.11,1.57,66.38,1414.87,YES,YES,FALSE
2808,170,2925,199.13,24,7,0.0412,1614,8.3,11/4/2024,Cairo,Tablet,8.11,1.17,28.45,1414.87,YES,YES,FALSE
2809,170,4848,199.13,16,5,0.0294,1614,12.45,11/8/2024,Tokyo,Tablet,8.11,1.17,39.83,1414.87,YES,YES,FALSE
2810,183,3407,199.13,27,7,0.0383,1614,7.38,12/11/2024,Cairo,Tablet,8.11,1.09,28.45,1414.87,YES,YES,FALSE
2811,203,5297,199.13,25,8,0.0394,1614,7.97,11/7/2024,Riyad,Tablet,8.11,0.98,24.89,1414.87,YES,YES,FALSE
2812,116,3943,199.13,20,5,0.0431,1614,9.96,6/11/2024,Paris,Tablet,8.11,1.72,39.83,1414.87,YES,YES,FALSE
2813,86,4780,199.13,22,9,0.1047,1614,9.05,11/16/2024,Beyrouth,Tablet,8.11,2.32,22.13,1414.87,YES,YES,TRUE
2814,148,4869,199.13,22,4,0.027,1614,9.05,11/1/2024,Riyad,Tablet,8.11,1.35,49.78,1414.87,YES,YES,FALSE
2815,169,2819,199.13,15,9,0.0533,1614,13.28,11/25/2024,Baghdad,Mobile,8.11,1.18,22.13,1414.87,YES,YES,TRUE
2816,94,3922,199.13,15,5,0.0532,1614,13.28,11/24/2024,Baghdad,Tablet,8.11,2.12,39.83,1414.87,YES,YES,TRUE
2817,188,5272,199.13,22,4,0.0213,1614,9.05,11/11/2024,Paris,Desktop,8.11,1.06,49.78,1414.87,YES,YES,FALSE
2818,155,4215,199.13,21,8,0.0516,1614,9.48,29-11-2024,Paris,Desktop,8.11,1.28,24.89,1414.87,YES,YES,TRUE
2819,105,4713,199.13,21,3,0.0286,1614,9.48,11/16/2024,Cairo,Desktop,8.11,1.9,66.38,1414.87,YES,YES,FALSE
2820,143,5420,199.13,21,7,0.049,1614,9.48,18-11-2024,Baghdad,Desktop,8.11,1.39,28.45,1414.87,YES,YES,FALSE
2821,186,5608,199.13,17,8,0.043,1614,11.71,11/10/2024,Riyad,Mobile,8.11,1.07,24.89,1414.87,YES,YES,FALSE
2822,183,3341,199.13,22,6,0.0328,1614,9.05,23-11-2024,Baghdad,Mobile,8.11,1.09,33.19,1414.87,YES,YES,FALSE
2823,132,5786,199.13,24,10,0.0758,1614,8.3,11/10/2024,Cairo,Desktop,8.11,1.51,19.91,1414.87,YES,YES,TRUE
2824,102,3773,199.13,23,5,0.049,1614,8.66,11/22/2024,Beijin,Desktop,8.11,1.95,39.83,1414.87,YES,YES,FALSE
2825,104,5839,199.13,12,6,0.0577,1614,16.59,16-11-2024,Tokyo,Mobile,8.11,1.91,33.19,1414.87,YES,YES,TRUE
2826,115,5561,199.13,23,7,0.0609,1614,8.66,11/5/2024,Rome,Tablet,8.11,1.73,28.45,1414.87,YES,YES,TRUE
2827,121,4482,199.13,18,9,0.0744,1614,11.06,11/8/2024,Baghdad,Desktop,8.11,1.65,22.13,1414.87,YES,YES,TRUE
2828,227,3908,199.13,9,6,0.0264,1614,22.13,12/11/2024,Paris,Mobile,8.11,0.88,33.19,1414.87,YES,YES,FALSE
2829,149,3230,199.13,37,8,0.0537,1614,5.38,11/22/2024,Cairo,Desktop,8.11,1.34,24.89,1414.87,YES,YES,TRUE
2830,165,5284,199.13,19,8,0.0485,1614,10.48,18-11-2024,Baghdad,Desktop,8.11,1.21,24.89,1414.87,YES,YES,FALSE
2831,188,6288,199.13,21,4,0.0213,1614,9.48,11/11/2024,Paris,Desktop,8.11,1.06,49.78,1414.87,YES,YES,FALSE
2832,115,6261,199.13,25,6,0.0522,1614,7.97,11/15/2024,Riyad,Tablet,8.11,1.73,33.19,1414.87,YES,YES,TRUE
2833,166,3407,199.13,16,10,0.0602,1614,12.45,11/25/2024,Baghdad,Mobile,8.11,1.2,19.91,1414.87,YES,YES,TRUE
2834,149,5261,199.13,19,5,0.0336,1614,10.48,11/1/2024,Riyad,Tablet,8.11,1.34,39.83,1414.87,YES,YES,FALSE
2835,170,4383,199.13,28,7,0.0412,1614,7.11,11/8/2024,Paris,Tablet,8.11,1.17,28.45,1414.87,YES,YES,FALSE
2836,104,5448,199.13,25,5,0.0481,1614,7.97,15-11-2024,Paris,Mobile,8.11,1.91,39.83,1414.87,YES,YES,FALSE
2837,182,4299,199.13,11,9,0.0495,1614,18.1,11/4/2024,Cairo,Desktop,8.11,1.09,22.13,1414.87,YES,YES,FALSE
2838,208,5729,199.13,12,6,0.0288,1614,16.59,11/16/2024,Baghdad,Mobile,8.11,0.96,33.19,1414.87,YES,YES,FALSE
2839,145,5672,199.13,28,6,0.0414,1614,7.11,11/5/2024,Paris,Desktop,8.11,1.37,33.19,1414.87,YES,YES,FALSE
2840,107,3386,199.13,20,10,0.0935,1614,9.96,21-11-2024,Baghdad,Mobile,8.11,1.86,19.91,1414.87,YES,YES,TRUE
2841,119,5011,199.13,22,8,0.0672,1614,9.05,11/25/2024,Tokyo,Mobile,8.11,1.67,24.89,1414.87,YES,YES,TRUE
2842,162,3236,199.13,22,5,0.0309,1614,9.05,11/7/2024,Paris,Mobile,8.11,1.23,39.83,1414.87,YES,YES,FALSE
2843,182,3300,199.13,23,9,0.0495,1614,8.66,11/12/2024,Rome,Mobile,8.11,1.09,22.13,1414.87,YES,YES,FALSE
2844,96,3561,199.13,15,5,0.0521,1614,13.28,11/24/2024,Baghdad,Tablet,8.11,2.07,39.83,1414.87,YES,YES,TRUE
2845,173,4105,199.13,16,7,0.0405,1614,12.45,11/14/2024,Riyad,Desktop,8.11,1.15,28.45,1414.87,YES,YES,FALSE
2846,190,4617,199.13,8,8,0.0421,1614,24.89,11/21/2024,Paris,Tablet,8.11,1.05,24.89,1414.87,YES,YES,FALSE
2847,105,4826,199.13,26,9,0.0857,1614,7.66,11/12/2024,Tokyo,Mobile,8.11,1.9,22.13,1414.87,YES,YES,TRUE
2848,133,5611,199.13,25,7,0.0526,1614,7.97,11/20/2024,Tokyo,Desktop,8.11,1.5,28.45,1414.87,YES,YES,TRUE
2849,75,3832,199.13,19,7,0.0933,1614,10.48,30-11-2024,Rome,Mobile,8.11,2.66,28.45,1414.87,YES,YES,TRUE
2850,110,4134,199.13,31,6,0.0545,1614,6.42,11/14/2024,Paris,Desktop,8.11,1.81,33.19,1414.87,YES,YES,TRUE
2851,175,6146,199.13,23,3,0.0171,1614,8.66,11/25/2024,Riyad,Tablet,8.11,1.14,66.38,1414.87,YES,YES,FALSE
2852,85,3620,199.13,13,3,0.0353,1614,15.32,20-11-2024,Tokyo,Tablet,8.11,2.34,66.38,1414.87,YES,YES,FALSE
2853,128,5473,199.13,28,4,0.0312,1614,7.11,11/24/2024,London,Tablet,8.11,1.56,49.78,1414.87,YES,YES,FALSE
2854,128,5454,199.13,20,10,0.0781,1614,9.96,18-11-2024,Baghdad,Desktop,8.11,1.56,19.91,1414.87,YES,YES,TRUE
2855,86,3873,199.13,15,6,0.0698,1614,13.28,11/5/2024,Cairo,Desktop,8.11,2.32,33.19,1414.87,YES,YES,TRUE
2856,129,4640,199.13,20,7,0.0543,1614,9.96,11/5/2024,Tokyo,Desktop,8.11,1.54,28.45,1414.87,YES,YES,TRUE
2857,199,5965,199.13,26,9,0.0452,1614,7.66,11/7/2024,Riyad,Tablet,8.11,1,22.13,1414.87,YES,YES,FALSE
2858,185,6718,199.13,14,5,0.027,1614,14.22,11/2/2024,Riyad,Desktop,8.11,1.08,39.83,1414.87,YES,YES,FALSE
2859,120,3392,199.13,27,10,0.0833,1614,7.38,11/20/2024,Cairo,Tablet,8.11,1.66,19.91,1414.87,YES,YES,TRUE
2860,160,5758,199.13,10,8,0.05,1614,19.91,11/7/2024,Tokyo,Desktop,8.11,1.24,24.89,1414.87,YES,YES,TRUE
2861,125,3445,199.13,20,7,0.056,1614,9.96,29-11-2024,Paris,Desktop,8.11,1.59,28.45,1414.87,YES,YES,TRUE
2862,215,3432,199.13,11,6,0.0279,1614,18.1,12/11/2024,Paris,Mobile,8.11,0.93,33.19,1414.87,YES,YES,FALSE
2863,141,4057,199.13,23,7,0.0496,1614,8.66,29-11-2024,Paris,Desktop,8.11,1.41,28.45,1414.87,YES,YES,FALSE
2864,155,5952,199.13,11,9,0.0581,1614,18.1,11/7/2024,Tokyo,Desktop,8.11,1.28,22.13,1414.87,YES,YES,TRUE
2865,127,3043,199.13,15,6,0.0472,1614,13.28,11/26/2024,Baghdad,Tablet,8.11,1.57,33.19,1414.87,YES,YES,FALSE
2866,184,3971,199.13,11,11,0.0598,1614,18.1,11/21/2024,Paris,Tablet,8.11,1.08,18.1,1414.87,YES,YES,TRUE
2867,115,4722,199.13,17,9,0.0783,1614,11.71,11/26/2024,Baghdad,Tablet,8.11,1.73,22.13,1414.87,YES,YES,TRUE
2868,134,4937,199.13,19,6,0.0448,1614,10.48,9/11/2024,Tokyo,Mobile,8.11,1.49,33.19,1414.87,YES,YES,FALSE
2869,129,4640,199.13,20,7,0.0543,1614,9.96,11/5/2024,Tokyo,Desktop,8.11,1.54,28.45,1414.87,YES,YES,TRUE
2870,168,4557,199.13,24,10,0.0595,1614,8.3,11/24/2024,Baghdad,Mobile,8.11,1.19,19.91,1414.87,YES,YES,TRUE
2871,103,3584,199.13,21,5,0.0485,1614,9.48,11/28/2024,Riyad,Tablet,8.11,1.93,39.83,1414.87,YES,YES,FALSE
2872,179,4172,199.13,13,7,0.0391,1614,15.32,27-11-2024,Cairo,Mobile,8.11,1.11,28.45,1414.87,YES,YES,FALSE
2873,166,3403,199.13,33,9,0.0542,1614,6.03,11/22/2024,Cairo,Desktop,8.11,1.2,22.13,1414.87,YES,YES,TRUE
2874,203,4223,199.13,10,10,0.0493,1614,19.91,11/21/2024,Paris,Tablet,8.11,0.98,19.91,1414.87,YES,YES,FALSE
2875,172,2872,199.13,25,7,0.0407,1614,7.97,11/4/2024,Cairo,Tablet,8.11,1.16,28.45,1414.87,YES,YES,FALSE
2876,134,4174,199.13,16,5,0.0373,1614,12.45,11/5/2024,Baghdad,Desktop,8.11,1.49,39.83,1414.87,YES,YES,FALSE
2877,208,5669,199.13,15,5,0.024,1614,13.28,11/8/2024,Tokyo,Tablet,8.11,0.96,39.83,1414.87,YES,YES,FALSE
2878,136,3877,199.13,14,10,0.0735,1614,14.22,11/25/2024,Baghdad,Mobile,8.11,1.46,19.91,1414.87,YES,YES,TRUE
2879,113,4313,199.13,19,11,0.0973,1614,10.48,11/20/2024,Riyad,Tablet,8.11,1.76,18.1,1414.87,YES,YES,TRUE
2880,184,3989,199.13,16,10,0.0543,1614,12.45,11/26/2024,Tokyo,Mobile,8.11,1.08,19.91,1414.87,YES,YES,TRUE
2881,153,3076,199.13,33,7,0.0458,1614,6.03,11/22/2024,Cairo,Desktop,8.11,1.3,28.45,1414.87,YES,YES,FALSE
2882,102,5493,199.13,12,6,0.0588,1614,16.59,22-11-2024,Tokyo,Desktop,8.11,1.95,33.19,1414.87,YES,YES,TRUE
2883,156,4844,199.13,19,5,0.0321,1614,10.48,11/1/2024,Riyad,Tablet,8.11,1.28,39.83,1414.87,YES,YES,FALSE
2884,116,4306,199.13,30,4,0.0345,1614,6.64,11/8/2024,Rome,Mobile,8.11,1.72,49.78,1414.87,YES,YES,FALSE
2885,110,6743,199.13,11,7,0.0636,1614,18.1,11/3/2024,Rome,Tablet,8.11,1.81,28.45,1414.87,YES,YES,TRUE
2886,112,3342,199.13,10,6,0.0536,1614,19.91,11/23/2024,Riyad,Tablet,8.11,1.78,33.19,1414.87,YES,YES,TRUE
2887,107,3817,199.13,25,5,0.0467,1614,7.97,11/22/2024,Beijin,Desktop,8.11,1.86,39.83,1414.87,YES,YES,FALSE
2888,122,5697,199.13,18,3,0.0246,1614,11.06,11/23/2024,Tokyo,Mobile,8.11,1.63,66.38,1414.87,YES,YES,FALSE
2889,110,4269,199.13,18,5,0.0455,1614,11.06,6/11/2024,Paris,Tablet,8.11,1.81,39.83,1414.87,YES,YES,FALSE
2890,105,4879,199.13,16,7,0.0667,1614,12.45,11/16/2024,London,Desktop,8.11,1.9,28.45,1414.87,YES,YES,TRUE
2891,121,5419,199.13,10,8,0.0661,1614,19.91,11/3/2024,Rome,Tablet,8.11,1.65,24.89,1414.87,YES,YES,TRUE
2892,172,5540,199.13,22,6,0.0349,1614,9.05,11/1/2024,Riyad,Tablet,8.11,1.16,33.19,1414.87,YES,YES,FALSE
2893,90,5204,199.13,21,8,0.0889,1614,9.48,11/29/2024,Cairo,Desktop,8.11,2.21,24.89,1414.87,YES,YES,TRUE
2894,136,3585,199.13,11,9,0.0662,1614,18.1,11/9/2024,Cairo,Desktop,8.11,1.46,22.13,1414.87,YES,YES,TRUE
2895,88,2890,199.13,30,9,0.1023,1614,6.64,26-11-2024,Baghdad,Desktop,8.11,2.26,22.13,1414.87,YES,YES,TRUE
2896,125,4149,199.13,18,5,0.04,1614,11.06,6/11/2024,Paris,Tablet,8.11,1.59,39.83,1414.87,YES,YES,FALSE
2897,104,3231,199.13,12,6,0.0577,1614,16.59,11/23/2024,Riyad,Tablet,8.11,1.91,33.19,1414.87,YES,YES,TRUE
2898,135,3518,199.13,28,7,0.0519,1614,7.11,3/11/2024,Riyad,Tablet,8.11,1.48,28.45,1414.87,YES,YES,TRUE
2899,185,5549,199.13,12,6,0.0324,1614,16.59,11/16/2024,Baghdad,Mobile,8.11,1.08,33.19,1414.87,YES,YES,FALSE
2900,179,2884,199.13,20,7,0.0391,1614,9.96,11/4/2024,Cairo,Tablet,8.11,1.11,28.45,1414.87,YES,YES,FALSE
2901,96,5900,199.13,26,10,0.1042,1614,7.66,11/12/2024,Tokyo,Mobile,8.11,2.07,19.91,1414.87,YES,YES,TRUE
2902,132,5614,199.13,16,6,0.0455,1614,12.45,11/25/2024,Rome,Mobile,8.11,1.51,33.19,1414.87,YES,YES,FALSE
2903,197,5456,199.13,23,7,0.0355,1614,8.66,1/11/2024,Paris,Tablet,8.11,1.01,28.45,1414.87,YES,YES,FALSE
2904,129,4640,199.13,20,7,0.0543,1614,9.96,11/5/2024,Tokyo,Desktop,8.11,1.54,28.45,1414.87,YES,YES,TRUE
2905,123,4396,199.13,20,5,0.0407,1614,9.96,6/11/2024,Paris,Tablet,8.11,1.62,39.83,1414.87,YES,YES,FALSE
2906,148,4958,199.13,20,9,0.0608,1614,9.96,12/11/2024,Cairo,Mobile,8.11,1.35,22.13,1414.87,YES,YES,TRUE
2907,110,5552,199.13,27,7,0.0636,1614,7.38,11/15/2024,Riyad,Tablet,8.11,1.81,28.45,1414.87,YES,YES,TRUE
2908,81,3158,199.13,19,8,0.0988,1614,10.48,11/13/2024,Tokyo,Mobile,8.11,2.46,24.89,1414.87,YES,YES,TRUE
2909,99,4608,199.13,11,6,0.0606,1614,18.1,22-11-2024,Tokyo,Desktop,8.11,2.01,33.19,1414.87,YES,YES,TRUE
2910,118,4764,199.13,26,7,0.0593,1614,7.66,11/5/2024,Rome,Tablet,8.11,1.69,28.45,1414.87,YES,YES,TRUE
2911,160,5408,199.13,26,6,0.0375,1614,7.66,11/5/2024,Paris,Desktop,8.11,1.24,33.19,1414.87,YES,YES,FALSE
2912,102,4006,199.13,15,5,0.049,1614,13.28,11/24/2024,Baghdad,Tablet,8.11,1.95,39.83,1414.87,YES,YES,FALSE
2913,126,6030,199.13,16,3,0.0238,1614,12.45,11/23/2024,Tokyo,Mobile,8.11,1.58,66.38,1414.87,YES,YES,FALSE
2914,135,5718,199.13,24,6,0.0444,1614,8.3,11/5/2024,Paris,Desktop,8.11,1.48,33.19,1414.87,YES,YES,FALSE
2915,115,7083,199.13,31,7,0.0609,1614,6.42,11/15/2024,Riyad,Tablet,8.11,1.73,28.45,1414.87,YES,YES,TRUE
2916,169,4119,199.13,11,10,0.0592,1614,18.1,11/21/2024,Paris,Tablet,8.11,1.18,19.91,1414.87,YES,YES,TRUE
2917,156,3285,199.13,23,9,0.0577,1614,8.66,11/12/2024,Rome,Mobile,8.11,1.28,22.13,1414.87,YES,YES,TRUE
2918,88,3616,199.13,21,10,0.1136,1614,9.48,4/11/2024,Cairo,Desktop,8.11,2.26,19.91,1414.87,YES,YES,TRUE
2919,122,4611,199.13,28,8,0.0656,1614,7.11,3/11/2024,Riyad,Tablet,8.11,1.63,24.89,1414.87,YES,YES,TRUE
2920,138,3290,199.13,17,4,0.029,1614,11.71,11/27/2024,Canberra,Desktop,8.11,1.44,49.78,1414.87,YES,YES,FALSE
2921,189,3163,199.13,21,8,0.0423,1614,9.48,11/4/2024,Cairo,Tablet,8.11,1.05,24.89,1414.87,YES,YES,FALSE
2922,103,2877,199.13,26,7,0.068,1614,7.66,26-11-2024,Baghdad,Desktop,8.11,1.93,28.45,1414.87,YES,YES,TRUE
2923,176,4815,199.13,28,8,0.0455,1614,7.11,11/28/2024,Rome,Mobile,8.11,1.13,24.89,1414.87,YES,YES,FALSE
2924,123,3312,199.13,18,3,0.0244,1614,11.06,11/27/2024,Canberra,Desktop,8.11,1.62,66.38,1414.87,YES,YES,FALSE
2925,173,5417,199.13,23,3,0.0173,1614,8.66,11/25/2024,Riyad,Tablet,8.11,1.15,66.38,1414.87,YES,YES,FALSE
2926,117,4742,199.13,23,8,0.0684,1614,8.66,11/8/2024,Baghdad,Desktop,8.11,1.7,24.89,1414.87,YES,YES,TRUE
2927,113,3605,199.13,29,6,0.0531,1614,6.87,11/19/2024,Rome,Desktop,8.11,1.76,33.19,1414.87,YES,YES,TRUE
2928,152,6913,199.13,10,9,0.0592,1614,19.91,11/7/2024,Tokyo,Desktop,8.11,1.31,22.13,1414.87,YES,YES,TRUE
2929,195,3596,199.13,13,9,0.0462,1614,15.32,11/14/2024,Riyad,Desktop,8.11,1.02,22.13,1414.87,YES,YES,FALSE
2930,207,3825,199.13,25,7,0.0338,1614,7.97,23-11-2024,Baghdad,Mobile,8.11,0.96,28.45,1414.87,YES,YES,FALSE
2931,129,2509,199.13,17,3,0.0233,1614,11.71,11/27/2024,Canberra,Desktop,8.11,1.54,66.38,1414.87,YES,YES,FALSE
2932,103,6219,199.13,25,10,0.0971,1614,7.97,20-11-2024,Riyad,Tablet,8.11,1.93,19.91,1414.87,YES,YES,TRUE
2933,124,4618,199.13,14,5,0.0403,1614,14.22,11/25/2024,Rome,Mobile,8.11,1.61,39.83,1414.87,YES,YES,FALSE
2934,181,4631,199.13,13,4,0.0221,1614,15.32,11/8/2024,Tokyo,Tablet,8.11,1.1,49.78,1414.87,YES,YES,FALSE
2935,130,3779,199.13,14,7,0.0538,1614,14.22,11/5/2024,Baghdad,Desktop,8.11,1.53,28.45,1414.87,YES,YES,TRUE
2936,166,4230,199.13,16,10,0.0602,1614,12.45,11/26/2024,Tokyo,Mobile,8.11,1.2,19.91,1414.87,YES,YES,TRUE
2937,98,3378,199.13,30,6,0.0612,1614,6.64,26-11-2024,Baghdad,Desktop,8.11,2.03,33.19,1414.87,YES,YES,TRUE
2938,92,5060,199.13,25,6,0.0652,1614,7.97,11/15/2024,Riyad,Tablet,8.11,2.16,33.19,1414.87,YES,YES,TRUE
2939,131,4711,199.13,28,5,0.0382,1614,7.11,11/15/2024,Riyad,Desktop,8.11,1.52,39.83,1414.87,YES,YES,FALSE
2940,180,3983,199.13,27,6,0.0333,1614,7.38,11/8/2024,Paris,Tablet,8.11,1.11,33.19,1414.87,YES,YES,FALSE
2941,202,6035,199.13,24,3,0.0149,1614,8.3,11/25/2024,Riyad,Tablet,8.11,0.99,66.38,1414.87,YES,YES,FALSE
2942,181,5983,199.13,24,6,0.0331,1614,8.3,1/11/2024,Paris,Tablet,8.11,1.1,33.19,1414.87,YES,YES,FALSE
2943,190,2723,199.13,25,6,0.0316,1614,7.97,11/4/2024,Cairo,Tablet,8.11,1.05,33.19,1414.87,YES,YES,FALSE
2944,95,4599,199.13,27,10,0.1053,1614,7.38,11/5/2024,Rome,Desktop,8.11,2.1,19.91,1414.87,YES,YES,TRUE
2945,168,5232,199.13,25,9,0.0536,1614,7.97,11/24/2024,Baghdad,Mobile,8.11,1.19,22.13,1414.87,YES,YES,TRUE
2946,209,6192,199.13,22,4,0.0191,1614,9.05,11/11/2024,Paris,Desktop,8.11,0.95,49.78,1414.87,YES,YES,FALSE
2947,200,5427,199.13,20,4,0.02,1614,9.96,11/11/2024,Paris,Desktop,8.11,1,49.78,1414.87,YES,YES,FALSE
2948,152,4275,199.13,29,6,0.0395,1614,6.87,3/11/2024,Riyad,Tablet,8.11,1.31,33.19,1414.87,YES,YES,FALSE
2949,197,4223,199.13,16,9,0.0457,1614,12.45,11/26/2024,Tokyo,Mobile,8.11,1.01,22.13,1414.87,YES,YES,FALSE
2950,121,5234,199.13,16,3,0.0248,1614,12.45,11/23/2024,Tokyo,Mobile,8.11,1.65,66.38,1414.87,YES,YES,FALSE
2951,134,5126,199.13,10,9,0.0672,1614,19.91,11/7/2024,Tokyo,Desktop,8.11,1.49,22.13,1414.87,YES,YES,TRUE
2952,137,4992,199.13,26,6,0.0438,1614,7.66,11/5/2024,Paris,Desktop,8.11,1.45,33.19,1414.87,YES,YES,FALSE
2953,168,4782,199.13,18,10,0.0595,1614,11.06,11/26/2024,Tokyo,Mobile,8.11,1.19,19.91,1414.87,YES,YES,TRUE
2954,82,3503,199.13,23,5,0.061,1614,8.66,11/22/2024,Beijin,Desktop,8.11,2.43,39.83,1414.87,YES,YES,TRUE
2955,163,3327,199.13,23,9,0.0552,1614,8.66,11/12/2024,Rome,Mobile,8.11,1.22,22.13,1414.87,YES,YES,TRUE
2956,157,3776,199.13,28,8,0.051,1614,7.11,12/11/2024,Cairo,Tablet,8.11,1.27,24.89,1414.87,YES,YES,TRUE
2957,196,5958,199.13,21,3,0.0153,1614,9.48,11/24/2024,Beyrouth,Tablet,8.11,1.02,66.38,1414.87,YES,YES,FALSE
2958,199,5659,199.13,11,6,0.0302,1614,18.1,11/16/2024,Baghdad,Mobile,8.11,1,33.19,1414.87,YES,YES,FALSE
2959,82,5820,199.13,11,4,0.0488,1614,18.1,11/9/2024,Rome,Tablet,8.11,2.43,49.78,1414.87,YES,YES,FALSE
2960,172,3555,199.13,27,8,0.0465,1614,7.38,12/11/2024,Cairo,Tablet,8.11,1.16,24.89,1414.87,YES,YES,FALSE
2961,115,4765,199.13,27,5,0.0435,1614,7.38,15-11-2024,Paris,Mobile,8.11,1.73,39.83,1414.87,YES,YES,FALSE
2962,136,5283,199.13,26,6,0.0441,1614,7.66,11/5/2024,Paris,Desktop,8.11,1.46,33.19,1414.87,YES,YES,FALSE
2963,92,5537,199.13,24,9,0.0978,1614,8.3,20-11-2024,Riyad,Tablet,8.11,2.16,22.13,1414.87,YES,YES,TRUE
2964,92,5719,199.13,11,9,0.0978,1614,18.1,11/3/2024,Rome,Tablet,8.11,2.16,22.13,1414.87,YES,YES,TRUE
2965,152,5451,199.13,24,7,0.0461,1614,8.3,11/11/2024,Baghdad,Tablet,8.11,1.31,28.45,1414.87,YES,YES,FALSE
2966,106,5086,199.13,26,4,0.0377,1614,7.66,11/24/2024,London,Tablet,8.11,1.88,49.78,1414.87,YES,YES,FALSE
2967,143,3185,199.13,18,5,0.035,1614,11.06,11/26/2024,Baghdad,Tablet,8.11,1.39,39.83,1414.87,YES,YES,FALSE
2968,104,5352,199.13,11,5,0.0481,1614,18.1,22-11-2024,Tokyo,Desktop,8.11,1.91,39.83,1414.87,YES,YES,FALSE
2969,98,5101,199.13,21,7,0.0714,1614,9.48,11/29/2024,Cairo,Desktop,8.11,2.03,28.45,1414.87,YES,YES,TRUE
2970,157,4682,199.13,19,3,0.0191,1614,10.48,11/23/2024,Rome,Desktop,8.11,1.27,66.38,1414.87,YES,YES,FALSE
2971,187,4167,199.13,10,9,0.0481,1614,19.91,11/21/2024,Paris,Tablet,8.11,1.06,22.13,1414.87,YES,YES,FALSE
2972,132,5397,199.13,16,3,0.0227,1614,12.45,11/23/2024,Tokyo,Mobile,8.11,1.51,66.38,1414.87,YES,YES,FALSE
2973,195,4496,199.13,25,3,0.0154,1614,7.97,11/25/2024,Riyad,Tablet,8.11,1.02,66.38,1414.87,YES,YES,FALSE
2974,149,3480,199.13,25,9,0.0604,1614,7.97,17-11-2024,Rome,Mobile,8.11,1.34,22.13,1414.87,YES,YES,TRUE
2975,107,5341,199.13,26,6,0.0561,1614,7.66,11/20/2024,Tokyo,Desktop,8.11,1.86,33.19,1414.87,YES,YES,TRUE
2976,86,6594,199.13,12,6,0.0698,1614,16.59,16-11-2024,Tokyo,Mobile,8.11,2.32,33.19,1414.87,YES,YES,TRUE
2977,152,3466,199.13,15,9,0.0592,1614,13.28,11/25/2024,Baghdad,Mobile,8.11,1.31,22.13,1414.87,YES,YES,TRUE
2978,134,6269,199.13,27,9,0.0672,1614,7.38,11/10/2024,Cairo,Desktop,8.11,1.49,22.13,1414.87,YES,YES,TRUE
2979,146,4520,199.13,18,6,0.0411,1614,11.06,11/1/2024,Riyad,Tablet,8.11,1.36,33.19,1414.87,YES,YES,FALSE
2980,159,4324,199.13,25,7,0.044,1614,7.97,3/11/2024,Riyad,Tablet,8.11,1.25,28.45,1414.87,YES,YES,FALSE
2981,201,5880,199.13,22,3,0.0149,1614,9.05,11/25/2024,Riyad,Tablet,8.11,0.99,66.38,1414.87,YES,YES,FALSE
2982,144,3122,199.13,29,8,0.0556,1614,6.87,11/22/2024,Cairo,Desktop,8.11,1.38,24.89,1414.87,YES,YES,TRUE
2983,198,6246,199.13,28,5,0.0253,1614,7.11,30-11-2024,Tokyo,Tablet,8.11,1.01,39.83,1414.87,YES,YES,FALSE
2984,109,5079,199.13,18,3,0.0275,1614,11.06,21-11-2024,Baghdad,Desktop,8.11,1.83,66.38,1414.87,YES,YES,FALSE
2985,146,3435,199.13,31,9,0.0616,1614,6.42,11/22/2024,Cairo,Desktop,8.11,1.36,22.13,1414.87,YES,YES,TRUE
2986,111,5136,199.13,15,9,0.0811,1614,13.28,1/11/2024,Tokyo,Desktop,8.11,1.79,22.13,1414.87,YES,YES,TRUE
2987,101,5030,199.13,23,8,0.0792,1614,8.66,11/29/2024,Cairo,Desktop,8.11,1.97,24.89,1414.87,YES,YES,TRUE
2988,129,5715,199.13,25,5,0.0388,1614,7.97,11/1/2024,Riyad,Tablet,8.11,1.54,39.83,1414.87,YES,YES,FALSE
2989,120,4706,199.13,17,5,0.0417,1614,11.71,6/11/2024,Paris,Tablet,8.11,1.66,39.83,1414.87,YES,YES,FALSE
2990,184,4428,199.13,10,9,0.0489,1614,19.91,11/4/2024,Cairo,Desktop,8.11,1.08,22.13,1414.87,YES,YES,FALSE
2991,142,5104,199.13,24,6,0.0423,1614,8.3,11/5/2024,Paris,Desktop,8.11,1.4,33.19,1414.87,YES,YES,FALSE
2992,102,5478,199.13,22,9,0.0882,1614,9.05,11/29/2024,Cairo,Desktop,8.11,1.95,22.13,1414.87,YES,YES,TRUE
2993,183,5730,199.13,12,6,0.0328,1614,16.59,11/16/2024,Baghdad,Mobile,8.11,1.09,33.19,1414.87,YES,YES,FALSE
2994,153,6129,199.13,9,9,0.0588,1614,22.13,11/7/2024,Tokyo,Desktop,8.11,1.3,22.13,1414.87,YES,YES,TRUE
2995,112,3542,199.13,10,7,0.0625,1614,19.91,11/23/2024,Riyad,Tablet,8.11,1.78,28.45,1414.87,YES,YES,TRUE
2996,121,4990,199.13,18,10,0.0826,1614,11.06,11/2/2024,Tokyo,Desktop,8.11,1.65,19.91,1414.87,YES,YES,TRUE
2997,99,2795,199.13,32,7,0.0707,1614,6.22,26-11-2024,Baghdad,Desktop,8.11,2.01,28.45,1414.87,YES,YES,TRUE
2998,156,4471,199.13,16,10,0.0641,1614,12.45,27-11-2024,Cairo,Mobile,8.11,1.28,19.91,1414.87,YES,YES,TRUE
2999,172,3111,199.13,24,7,0.0407,1614,8.3,23-11-2024,Baghdad,Mobile,8.11,1.16,28.45,1414.87,YES,YES,FALSE
3000,105,5289,199.13,13,5,0.0476,1614,15.32,11/25/2024,Rome,Mobile,8.11,1.9,39.83,1414.87,YES,YES,FALSE
3001,192,3974,199.13,10,10,0.0521,1614,19.91,11/21/2024,Paris,Tablet,8.11,1.04,19.91,1414.87,YES,YES,TRUE
3002,91,4097,199.13,14,6,0.0659,1614,14.22,11/24/2024,Baghdad,Tablet,8.11,2.19,33.19,1414.87,YES,YES,TRUE
3003,128,6291,199.13,12,5,0.0391,1614,16.59,11/25/2024,Rome,Mobile,8.11,1.56,39.83,1414.87,YES,YES,FALSE
3004,147,3688,199.13,28,7,0.0476,1614,7.11,3/11/2024,Riyad,Tablet,8.11,1.35,28.45,1414.87,YES,YES,FALSE
3005,124,5929,199.13,20,10,0.0806,1614,9.96,11/8/2024,Baghdad,Desktop,8.11,1.61,19.91,1414.87,YES,YES,TRUE
3006,89,4405,199.13,17,6,0.0674,1614,11.71,11/5/2024,Cairo,Desktop,8.11,2.24,33.19,1414.87,YES,YES,TRUE
3007,142,4490,199.13,27,7,0.0493,1614,7.38,3/11/2024,Riyad,Tablet,8.11,1.4,28.45,1414.87,YES,YES,FALSE
3008,210,3208,199.13,21,8,0.0381,1614,9.48,23-11-2024,Baghdad,Mobile,8.11,0.95,24.89,1414.87,YES,YES,FALSE
3009,208,4262,199.13,15,8,0.0385,1614,13.28,11/14/2024,Riyad,Desktop,8.11,0.96,24.89,1414.87,YES,YES,FALSE
3010,135,3270,199.13,18,3,0.0222,1614,11.06,11/27/2024,Canberra,Desktop,8.11,1.48,66.38,1414.87,YES,YES,FALSE
3011,107,5249,199.13,15,8,0.0748,1614,13.28,1/11/2024,Tokyo,Desktop,8.11,1.86,24.89,1414.87,YES,YES,TRUE
3012,93,3053,199.13,25,5,0.0538,1614,7.97,11/22/2024,Beijin,Desktop,8.11,2.14,39.83,1414.87,YES,YES,TRUE
3013,176,3375,199.13,22,9,0.0511,1614,9.05,11/12/2024,Rome,Mobile,8.11,1.13,22.13,1414.87,YES,YES,TRUE
3014,140,5448,199.13,24,3,0.0214,1614,8.3,11/8/2024,Baghdad,Mobile,8.11,1.42,66.38,1414.87,YES,YES,FALSE
3015,127,5089,199.13,28,5,0.0394,1614,7.11,11/20/2024,Tokyo,Desktop,8.11,1.57,39.83,1414.87,YES,YES,FALSE
3016,106,4672,199.13,30,6,0.0566,1614,6.64,11/14/2024,Paris,Desktop,8.11,1.88,33.19,1414.87,YES,YES,TRUE
3017,194,6307,199.13,24,7,0.0361,1614,8.3,1/11/2024,Paris,Tablet,8.11,1.03,28.45,1414.87,YES,YES,FALSE
3018,120,4759,199.13,21,8,0.0667,1614,9.48,11/8/2024,Baghdad,Desktop,8.11,1.66,24.89,1414.87,YES,YES,TRUE
3019,187,4451,199.13,14,8,0.0428,1614,14.22,11/14/2024,Riyad,Desktop,8.11,1.06,24.89,1414.87,YES,YES,FALSE
3020,128,3304,199.13,27,5,0.0391,1614,7.38,11/19/2024,Rome,Desktop,8.11,1.56,39.83,1414.87,YES,YES,FALSE
3021,86,5809,199.13,12,6,0.0698,1614,16.59,16-11-2024,Tokyo,Mobile,8.11,2.32,33.19,1414.87,YES,YES,TRUE
3022,80,3903,199.13,18,4,0.05,1614,11.06,12/11/2024,Tokyo,Tablet,8.11,2.49,49.78,1414.87,YES,YES,TRUE
3023,112,4806,199.13,25,12,0.1071,1614,7.97,11/5/2024,Rome,Desktop,8.11,1.78,16.59,1414.87,YES,YES,TRUE
3024,150,2573,199.13,20,3,0.02,1614,9.96,11/27/2024,Canberra,Desktop,8.11,1.33,66.38,1414.87,YES,YES,FALSE
3025,99,3119,199.13,29,7,0.0707,1614,6.87,26-11-2024,Baghdad,Desktop,8.11,2.01,28.45,1414.87,YES,YES,TRUE
3026,101,3936,199.13,26,11,0.1089,1614,7.66,11/9/2024,Paris,Mobile,8.11,1.97,18.1,1414.87,YES,YES,TRUE
3027,141,3518,199.13,20,5,0.0355,1614,9.96,11/7/2024,Paris,Mobile,8.11,1.41,39.83,1414.87,YES,YES,FALSE
3028,123,5652,199.13,19,9,0.0732,1614,10.48,11/8/2024,Baghdad,Desktop,8.11,1.62,22.13,1414.87,YES,YES,TRUE
3029,100,4136,199.13,22,5,0.05,1614,9.05,12/11/2024,Tokyo,Tablet,8.11,1.99,39.83,1414.87,YES,YES,TRUE
3030,135,3054,199.13,21,5,0.037,1614,9.48,11/7/2024,Paris,Mobile,8.11,1.48,39.83,1414.87,YES,YES,FALSE
3031,98,4127,199.13,15,6,0.0612,1614,13.28,11/5/2024,Cairo,Desktop,8.11,2.03,33.19,1414.87,YES,YES,TRUE
3032,151,4198,199.13,21,9,0.0596,1614,9.48,12/11/2024,Cairo,Mobile,8.11,1.32,22.13,1414.87,YES,YES,TRUE
3033,148,6645,199.13,27,9,0.0608,1614,7.38,11/10/2024,Cairo,Desktop,8.11,1.35,22.13,1414.87,YES,YES,TRUE
3034,188,4873,199.13,16,10,0.0532,1614,12.45,11/10/2024,Riyad,Mobile,8.11,1.06,19.91,1414.87,YES,YES,TRUE
3035,127,3020,199.13,19,7,0.0551,1614,10.48,29-11-2024,Paris,Desktop,8.11,1.57,28.45,1414.87,YES,YES,TRUE
3036,87,5204,199.13,23,7,0.0805,1614,8.66,30-11-2024,Rome,Mobile,8.11,2.29,28.45,1414.87,YES,YES,TRUE
3037,205,6494,199.13,28,5,0.0244,1614,7.11,30-11-2024,Tokyo,Tablet,8.11,0.97,39.83,1414.87,YES,YES,FALSE
3038,98,5413,199.13,20,11,0.1122,1614,9.96,11/5/2024,Rome,Desktop,8.11,2.03,18.1,1414.87,YES,YES,TRUE
3039,137,4038,199.13,12,10,0.073,1614,16.59,11/9/2024,Cairo,Desktop,8.11,1.45,19.91,1414.87,YES,YES,TRUE
3040,104,5163,199.13,19,10,0.0962,1614,10.48,11/20/2024,Riyad,Tablet,8.11,1.91,19.91,1414.87,YES,YES,TRUE
3041,139,4450,199.13,18,10,0.0719,1614,11.06,12/11/2024,Cairo,Mobile,8.11,1.43,19.91,1414.87,YES,YES,TRUE
3042,144,3109,199.13,10,10,0.0694,1614,19.91,11/9/2024,Cairo,Desktop,8.11,1.38,19.91,1414.87,YES,YES,TRUE
3043,149,5015,199.13,23,5,0.0336,1614,8.66,11/1/2024,Riyad,Tablet,8.11,1.34,39.83,1414.87,YES,YES,FALSE
3044,103,5017,199.13,24,11,0.1068,1614,8.3,11/5/2024,Rome,Desktop,8.11,1.93,18.1,1414.87,YES,YES,TRUE
3045,168,3079,199.13,19,5,0.0298,1614,10.48,11/7/2024,Paris,Mobile,8.11,1.19,39.83,1414.87,YES,YES,FALSE
3046,154,4615,199.13,29,8,0.0519,1614,6.87,11/28/2024,Rome,Mobile,8.11,1.29,24.89,1414.87,YES,YES,TRUE
3047,97,4983,199.13,20,6,0.0619,1614,9.96,14-11-2024,Tokyo,Desktop,8.11,2.05,33.19,1414.87,YES,YES,TRUE
3048,181,2783,199.13,16,3,0.0166,1614,12.45,11/11/2024,Baghdad,Mobile,8.11,1.1,66.38,1414.87,YES,YES,FALSE
3049,183,6811,199.13,28,5,0.0273,1614,7.11,11/12/2024,Baghdad,Mobile,8.11,1.09,39.83,1414.87,YES,YES,FALSE
3050,120,5686,199.13,15,9,0.075,1614,13.28,11/26/2024,Baghdad,Tablet,8.11,1.66,22.13,1414.87,YES,YES,TRUE
3051,155,3314,199.13,15,10,0.0645,1614,13.28,11/25/2024,Baghdad,Mobile,8.11,1.28,19.91,1414.87,YES,YES,TRUE
3052,131,3257,199.13,18,6,0.0458,1614,11.06,11/26/2024,Baghdad,Tablet,8.11,1.52,33.19,1414.87,YES,YES,FALSE
3053,102,3633,199.13,16,4,0.0392,1614,12.45,11/24/2024,Baghdad,Tablet,8.11,1.95,49.78,1414.87,YES,YES,FALSE
3054,147,5261,199.13,20,5,0.034,1614,9.96,11/1/2024,Riyad,Tablet,8.11,1.35,39.83,1414.87,YES,YES,FALSE
3055,212,6597,199.13,26,6,0.0283,1614,7.66,1/11/2024,Paris,Tablet,8.11,0.94,33.19,1414.87,YES,YES,FALSE
3056,41,4639,199.13,24,10,0.2439,1614,8.3,11/21/2024,Tokyo,Desktop,8.11,4.86,19.91,1414.87,YES,YES,TRUE
3057,129,4640,199.13,20,7,0.0543,1614,9.96,11/5/2024,Tokyo,Desktop,8.11,1.54,28.45,1414.87,YES,YES,TRUE
3058,170,3500,199.13,26,9,0.0529,1614,7.66,11/12/2024,Rome,Mobile,8.11,1.17,22.13,1414.87,YES,YES,TRUE
3059,108,3673,199.13,18,9,0.0833,1614,11.06,21-11-2024,Baghdad,Mobile,8.11,1.84,22.13,1414.87,YES,YES,TRUE
3060,95,4460,199.13,13,4,0.0421,1614,15.32,11/24/2024,Baghdad,Tablet,8.11,2.1,49.78,1414.87,YES,YES,FALSE
3061,172,5411,199.13,24,10,0.0581,1614,8.3,11/24/2024,Baghdad,Mobile,8.11,1.16,19.91,1414.87,YES,YES,TRUE
3062,93,5793,199.13,24,10,0.1075,1614,8.3,20-11-2024,Riyad,Tablet,8.11,2.14,19.91,1414.87,YES,YES,TRUE
3063,128,4656,199.13,27,11,0.0859,1614,7.38,11/9/2024,Paris,Mobile,8.11,1.56,18.1,1414.87,YES,YES,TRUE
3064,209,5393,199.13,23,3,0.0144,1614,8.66,11/25/2024,Riyad,Tablet,8.11,0.95,66.38,1414.87,YES,YES,FALSE
3065,122,4253,199.13,14,5,0.041,1614,14.22,6/11/2024,Paris,Tablet,8.11,1.63,39.83,1414.87,YES,YES,FALSE
3066,155,4721,199.13,15,5,0.0323,1614,13.28,11/9/2024,Cairo,Desktop,8.11,1.28,39.83,1414.87,YES,YES,FALSE
3067,178,3188,199.13,16,3,0.0169,1614,12.45,11/11/2024,Baghdad,Mobile,8.11,1.12,66.38,1414.87,YES,YES,FALSE
3068,78,3783,199.13,11,3,0.0385,1614,18.1,20-11-2024,Tokyo,Tablet,8.11,2.55,66.38,1414.87,YES,YES,FALSE
3069,185,5389,199.13,30,5,0.027,1614,6.64,30-11-2024,Tokyo,Tablet,8.11,1.08,39.83,1414.87,YES,YES,FALSE
3070,134,3590,199.13,10,10,0.0746,1614,19.91,11/9/2024,Cairo,Desktop,8.11,1.49,19.91,1414.87,YES,YES,TRUE
3071,118,3627,199.13,26,10,0.0847,1614,7.66,11/20/2024,Cairo,Tablet,8.11,1.69,19.91,1414.87,YES,YES,TRUE
3072,172,4746,199.13,26,7,0.0407,1614,7.66,11/11/2024,Baghdad,Tablet,8.11,1.16,28.45,1414.87,YES,YES,FALSE
3073,209,3871,199.13,11,7,0.0335,1614,18.1,16-11-2024,Riyad,Mobile,8.11,0.95,28.45,1414.87,YES,YES,FALSE
3074,157,5398,199.13,17,7,0.0446,1614,11.71,16-11-2024,Baghdad,Tablet,8.11,1.27,28.45,1414.87,YES,YES,FALSE
3075,129,4640,199.13,20,7,0.0543,1614,9.96,11/5/2024,Tokyo,Desktop,8.11,1.54,28.45,1414.87,YES,YES,TRUE
3076,193,4757,199.13,9,8,0.0415,1614,22.13,20-11-2024,Rome,Mobile,8.11,1.03,24.89,1414.87,YES,YES,FALSE
3077,151,4867,199.13,21,3,0.0199,1614,9.48,11/8/2024,Baghdad,Mobile,8.11,1.32,66.38,1414.87,YES,YES,FALSE
3078,107,3962,199.13,17,10,0.0935,1614,11.71,21-11-2024,Baghdad,Mobile,8.11,1.86,19.91,1414.87,YES,YES,TRUE
3079,140,4787,199.13,24,5,0.0357,1614,8.3,11/15/2024,Riyad,Desktop,8.11,1.42,39.83,1414.87,YES,YES,FALSE
3080,127,5482,199.13,16,3,0.0236,1614,12.45,11/23/2024,Tokyo,Mobile,8.11,1.57,66.38,1414.87,YES,YES,FALSE
3081,168,4588,199.13,25,9,0.0536,1614,7.97,11/24/2024,Baghdad,Mobile,8.11,1.19,22.13,1414.87,YES,YES,TRUE
3082,138,4066,199.13,10,10,0.0725,1614,19.91,11/9/2024,Cairo,Desktop,8.11,1.44,19.91,1414.87,YES,YES,TRUE
3083,140,4900,199.13,18,5,0.0357,1614,11.06,6/11/2024,Paris,Tablet,8.11,1.42,39.83,1414.87,YES,YES,FALSE
3084,129,5914,199.13,15,6,0.0465,1614,13.28,11/25/2024,Rome,Mobile,8.11,1.54,33.19,1414.87,YES,YES,FALSE
3085,177,4693,199.13,33,8,0.0452,1614,6.03,11/28/2024,Rome,Mobile,8.11,1.13,24.89,1414.87,YES,YES,FALSE
3086,115,3468,199.13,12,9,0.0783,1614,16.59,11/9/2024,Cairo,Desktop,8.11,1.73,22.13,1414.87,YES,YES,TRUE
3087,95,5180,199.13,14,6,0.0632,1614,14.22,11/5/2024,Cairo,Desktop,8.11,2.1,33.19,1414.87,YES,YES,TRUE
3088,107,3432,199.13,28,10,0.0935,1614,7.11,23-11-2024,Cairo,Desktop,8.11,1.86,19.91,1414.87,YES,YES,TRUE
3089,89,5156,199.13,11,5,0.0562,1614,18.1,11/9/2024,Rome,Tablet,8.11,2.24,39.83,1414.87,YES,YES,TRUE
3090,70,5246,199.13,18,9,0.1286,1614,11.06,11/20/2024,Riyad,Tablet,8.11,2.84,22.13,1414.87,YES,YES,TRUE
3091,153,3562,199.13,21,7,0.0458,1614,9.48,29-11-2024,Paris,Desktop,8.11,1.3,28.45,1414.87,YES,YES,FALSE
3092,217,6518,199.13,18,4,0.0184,1614,11.06,11/11/2024,Paris,Desktop,8.11,0.92,49.78,1414.87,YES,YES,FALSE
3093,97,4209,199.13,27,10,0.1031,1614,7.38,11/20/2024,Cairo,Tablet,8.11,2.05,19.91,1414.87,YES,YES,TRUE
3094,163,4889,199.13,26,7,0.0429,1614,7.66,11/5/2024,Paris,Desktop,8.11,1.22,28.45,1414.87,YES,YES,FALSE
3095,135,4505,199.13,22,3,0.0222,1614,9.05,11/23/2024,Rome,Desktop,8.11,1.48,66.38,1414.87,YES,YES,FALSE
3096,106,5078,199.13,28,12,0.1132,1614,7.11,11/5/2024,Rome,Desktop,8.11,1.88,16.59,1414.87,YES,YES,TRUE
3097,185,4374,199.13,25,7,0.0378,1614,7.97,23-11-2024,Baghdad,Mobile,8.11,1.08,28.45,1414.87,YES,YES,FALSE
3098,153,4547,199.13,15,4,0.0261,1614,13.28,11/8/2024,Tokyo,Tablet,8.11,1.3,49.78,1414.87,YES,YES,FALSE
3099,108,5880,199.13,16,8,0.0741,1614,12.45,1/11/2024,Tokyo,Desktop,8.11,1.84,24.89,1414.87,YES,YES,TRUE
3100,158,3726,199.13,19,8,0.0506,1614,10.48,29-11-2024,Paris,Desktop,8.11,1.26,24.89,1414.87,YES,YES,TRUE
3101,177,4000,199.13,13,8,0.0452,1614,15.32,27-11-2024,Cairo,Mobile,8.11,1.13,24.89,1414.87,YES,YES,FALSE
3102,90,5301,199.13,10,5,0.0556,1614,19.91,11/9/2024,Rome,Tablet,8.11,2.21,39.83,1414.87,YES,YES,TRUE
3103,133,5752,199.13,27,9,0.0677,1614,7.38,11/10/2024,Cairo,Desktop,8.11,1.5,22.13,1414.87,YES,YES,TRUE
3104,82,5403,199.13,25,9,0.1098,1614,7.97,20-11-2024,Riyad,Tablet,8.11,2.43,22.13,1414.87,YES,YES,TRUE
3105,107,6091,199.13,29,6,0.0561,1614,6.87,11/15/2024,Riyad,Tablet,8.11,1.86,33.19,1414.87,YES,YES,TRUE
3106,205,3236,199.13,24,7,0.0341,1614,8.3,11/4/2024,Cairo,Tablet,8.11,0.97,28.45,1414.87,YES,YES,FALSE
3107,134,5229,199.13,19,5,0.0373,1614,10.48,9/11/2024,Tokyo,Mobile,8.11,1.49,39.83,1414.87,YES,YES,FALSE
3108,140,4997,199.13,17,7,0.05,1614,11.71,16-11-2024,Baghdad,Tablet,8.11,1.42,28.45,1414.87,YES,YES,TRUE
3109,99,4366,199.13,27,9,0.0909,1614,7.38,11/9/2024,Paris,Mobile,8.11,2.01,22.13,1414.87,YES,YES,TRUE
3110,172,3616,199.13,23,7,0.0407,1614,8.66,23-11-2024,Baghdad,Mobile,8.11,1.16,28.45,1414.87,YES,YES,FALSE
3111,130,3649,199.13,24,8,0.0615,1614,8.3,17-11-2024,Rome,Mobile,8.11,1.53,24.89,1414.87,YES,YES,TRUE
3112,123,5587,199.13,18,5,0.0407,1614,11.06,9/11/2024,Tokyo,Mobile,8.11,1.62,39.83,1414.87,YES,YES,FALSE
3113,104,4028,199.13,16,5,0.0481,1614,12.45,11/24/2024,Baghdad,Tablet,8.11,1.91,39.83,1414.87,YES,YES,FALSE
3114,138,2984,199.13,32,8,0.058,1614,6.22,11/22/2024,Cairo,Desktop,8.11,1.44,24.89,1414.87,YES,YES,TRUE
3115,159,4413,199.13,14,6,0.0377,1614,14.22,11/9/2024,Cairo,Desktop,8.11,1.25,33.19,1414.87,YES,YES,FALSE
3116,115,3571,199.13,20,10,0.087,1614,9.96,21-11-2024,Baghdad,Mobile,8.11,1.73,19.91,1414.87,YES,YES,TRUE
3117,180,6384,199.13,18,3,0.0167,1614,11.06,11/11/2024,Paris,Desktop,8.11,1.11,66.38,1414.87,YES,YES,FALSE
3118,111,5458,199.13,15,10,0.0901,1614,13.28,11/26/2024,Baghdad,Tablet,8.11,1.79,19.91,1414.87,YES,YES,TRUE
3119,144,4744,199.13,30,7,0.0486,1614,6.64,11/8/2024,Paris,Tablet,8.11,1.38,28.45,1414.87,YES,YES,FALSE
3120,162,5278,199.13,19,6,0.037,1614,10.48,16-11-2024,Baghdad,Tablet,8.11,1.23,33.19,1414.87,YES,YES,FALSE
3121,97,3408,199.13,24,10,0.1031,1614,8.3,23-11-2024,Cairo,Desktop,8.11,2.05,19.91,1414.87,YES,YES,TRUE
3122,105,4661,199.13,14,9,0.0857,1614,14.22,1/11/2024,Tokyo,Desktop,8.11,1.9,22.13,1414.87,YES,YES,TRUE
3123,202,3871,199.13,11,6,0.0297,1614,18.1,12/11/2024,Paris,Mobile,8.11,0.99,33.19,1414.87,YES,YES,FALSE
3124,174,3934,199.13,16,9,0.0517,1614,12.45,11/26/2024,Tokyo,Mobile,8.11,1.14,22.13,1414.87,YES,YES,TRUE
3125,180,4122,199.13,10,10,0.0556,1614,19.91,11/21/2024,Paris,Tablet,8.11,1.11,19.91,1414.87,YES,YES,TRUE
3126,126,6375,199.13,18,4,0.0317,1614,11.06,9/11/2024,Tokyo,Mobile,8.11,1.58,49.78,1414.87,YES,YES,FALSE
3127,200,3705,199.13,26,7,0.035,1614,7.66,23-11-2024,Baghdad,Mobile,8.11,1,28.45,1414.87,YES,YES,FALSE
3128,100,3363,199.13,25,5,0.05,1614,7.97,11/22/2024,Beijin,Desktop,8.11,1.99,39.83,1414.87,YES,YES,TRUE
3129,99,3317,199.13,28,9,0.0909,1614,7.11,23-11-2024,Cairo,Desktop,8.11,2.01,22.13,1414.87,YES,YES,TRUE
3130,120,4972,199.13,24,6,0.05,1614,8.3,11/20/2024,Tokyo,Desktop,8.11,1.66,33.19,1414.87,YES,YES,TRUE
3131,134,4478,199.13,29,5,0.0373,1614,6.87,11/15/2024,Riyad,Desktop,8.11,1.49,39.83,1414.87,YES,YES,FALSE
3132,171,4362,199.13,25,8,0.0468,1614,7.97,12/11/2024,Cairo,Tablet,8.11,1.16,24.89,1414.87,YES,YES,FALSE
3133,38,5737,199.13,21,11,0.2895,1614,9.48,11/21/2024,Tokyo,Desktop,8.11,5.24,18.1,1414.87,YES,YES,TRUE
3134,107,4931,199.13,16,3,0.028,1614,12.45,21-11-2024,Baghdad,Desktop,8.11,1.86,66.38,1414.87,YES,YES,FALSE
3135,101,3500,199.13,24,5,0.0495,1614,8.3,11/22/2024,Beijin,Desktop,8.11,1.97,39.83,1414.87,YES,YES,FALSE
3136,99,5265,199.13,22,5,0.0505,1614,9.05,14-11-2024,Tokyo,Desktop,8.11,2.01,39.83,1414.87,YES,YES,TRUE
3137,110,4145,199.13,20,5,0.0455,1614,9.96,11/28/2024,Riyad,Tablet,8.11,1.81,39.83,1414.87,YES,YES,FALSE
3138,80,4926,199.13,19,7,0.0875,1614,10.48,30-11-2024,Rome,Mobile,8.11,2.49,28.45,1414.87,YES,YES,TRUE
3139,89,4114,199.13,22,9,0.1011,1614,9.05,11/29/2024,Cairo,Desktop,8.11,2.24,22.13,1414.87,YES,YES,TRUE
3140,132,6528,199.13,16,3,0.0227,1614,12.45,11/23/2024,Tokyo,Mobile,8.11,1.51,66.38,1414.87,YES,YES,FALSE
3141,148,5355,199.13,25,7,0.0473,1614,7.97,11/5/2024,Paris,Desktop,8.11,1.35,28.45,1414.87,YES,YES,FALSE
3142,183,4422,199.13,17,11,0.0601,1614,11.71,11/26/2024,Tokyo,Mobile,8.11,1.09,18.1,1414.87,YES,YES,TRUE
3143,82,3642,199.13,19,11,0.1341,1614,10.48,11/13/2024,Tokyo,Mobile,8.11,2.43,18.1,1414.87,YES,YES,TRUE
3144,203,5714,199.13,19,7,0.0345,1614,10.48,11/3/2024,Tokyo,Tablet,8.11,0.98,28.45,1414.87,YES,YES,FALSE
3145,110,5240,199.13,13,10,0.0909,1614,15.32,11/26/2024,Baghdad,Tablet,8.11,1.81,19.91,1414.87,YES,YES,TRUE
3146,135,5099,199.13,26,6,0.0444,1614,7.66,11/5/2024,Paris,Desktop,8.11,1.48,33.19,1414.87,YES,YES,FALSE
3147,162,5272,199.13,12,6,0.037,1614,16.59,11/2/2024,Riyad,Desktop,8.11,1.23,33.19,1414.87,YES,YES,FALSE
3148,141,3818,199.13,30,8,0.0567,1614,6.64,12/11/2024,Cairo,Tablet,8.11,1.41,24.89,1414.87,YES,YES,TRUE
3149,144,4709,199.13,24,3,0.0208,1614,8.3,11/8/2024,Rome,Mobile,8.11,1.38,66.38,1414.87,YES,YES,FALSE
3150,165,4201,199.13,22,9,0.0545,1614,9.05,12/11/2024,Cairo,Mobile,8.11,1.21,22.13,1414.87,YES,YES,TRUE
3151,189,2831,199.13,19,7,0.037,1614,10.48,11/4/2024,Cairo,Tablet,8.11,1.05,28.45,1414.87,YES,YES,FALSE
3152,104,6382,199.13,10,9,0.0865,1614,19.91,11/3/2024,Rome,Tablet,8.11,1.91,22.13,1414.87,YES,YES,TRUE
3153,171,4269,199.13,19,10,0.0585,1614,10.48,12/11/2024,Cairo,Mobile,8.11,1.16,19.91,1414.87,YES,YES,TRUE
3154,94,3107,199.13,28,9,0.0957,1614,7.11,23-11-2024,Cairo,Desktop,8.11,2.12,22.13,1414.87,YES,YES,TRUE
3155,143,5762,199.13,11,9,0.0629,1614,18.1,11/7/2024,Tokyo,Desktop,8.11,1.39,22.13,1414.87,YES,YES,TRUE
3156,132,5377,199.13,27,7,0.053,1614,7.38,11/5/2024,Rome,Tablet,8.11,1.51,28.45,1414.87,YES,YES,TRUE
3157,177,4067,199.13,25,9,0.0508,1614,7.97,11/24/2024,Baghdad,Mobile,8.11,1.13,22.13,1414.87,YES,YES,TRUE
3158,98,4601,199.13,19,6,0.0612,1614,10.48,30-11-2024,Rome,Mobile,8.11,2.03,33.19,1414.87,YES,YES,TRUE
3159,185,4390,199.13,11,9,0.0486,1614,18.1,11/4/2024,Cairo,Desktop,8.11,1.08,22.13,1414.87,YES,YES,FALSE
3160,166,4381,199.13,16,11,0.0663,1614,12.45,11/26/2024,Tokyo,Mobile,8.11,1.2,18.1,1414.87,YES,YES,TRUE
3161,38,5776,199.13,19,10,0.2632,1614,10.48,11/21/2024,Tokyo,Desktop,8.11,5.24,19.91,1414.87,YES,YES,TRUE
3162,75,3842,199.13,22,8,0.1067,1614,9.05,11/20/2024,Tokyo,Tablet,8.11,2.66,24.89,1414.87,YES,YES,TRUE
3163,110,5678,199.13,11,5,0.0455,1614,18.1,22-11-2024,Tokyo,Desktop,8.11,1.81,39.83,1414.87,YES,YES,FALSE
3164,98,6209,199.13,12,5,0.051,1614,16.59,16-11-2024,Tokyo,Mobile,8.11,2.03,39.83,1414.87,YES,YES,TRUE
3165,131,3220,199.13,16,3,0.0229,1614,12.45,11/27/2024,Canberra,Desktop,8.11,1.52,66.38,1414.87,YES,YES,FALSE
3166,180,2856,199.13,21,8,0.0444,1614,9.48,11/4/2024,Cairo,Tablet,8.11,1.11,24.89,1414.87,YES,YES,FALSE
3167,115,4229,199.13,16,7,0.0609,1614,12.45,11/5/2024,Baghdad,Desktop,8.11,1.73,28.45,1414.87,YES,YES,TRUE
3168,171,4902,199.13,31,8,0.0468,1614,6.42,11/28/2024,Rome,Mobile,8.11,1.16,24.89,1414.87,YES,YES,FALSE
3169,195,3204,199.13,23,8,0.041,1614,8.66,11/4/2024,Cairo,Tablet,8.11,1.02,24.89,1414.87,YES,YES,FALSE
3170,106,5733,199.13,23,7,0.066,1614,8.66,11/29/2024,Cairo,Desktop,8.11,1.88,28.45,1414.87,YES,YES,TRUE
3171,186,5011,199.13,24,3,0.0161,1614,8.3,11/24/2024,Beyrouth,Tablet,8.11,1.07,66.38,1414.87,YES,YES,FALSE
3172,106,4696,199.13,31,11,0.1038,1614,6.42,11/9/2024,Paris,Mobile,8.11,1.88,18.1,1414.87,YES,YES,TRUE
3173,180,5122,199.13,27,9,0.05,1614,7.38,11/24/2024,Baghdad,Mobile,8.11,1.11,22.13,1414.87,YES,YES,TRUE
3174,65,3980,199.13,11,3,0.0462,1614,18.1,20-11-2024,Tokyo,Tablet,8.11,3.06,66.38,1414.87,YES,YES,FALSE
3175,122,5391,199.13,26,7,0.0574,1614,7.66,11/5/2024,Rome,Tablet,8.11,1.63,28.45,1414.87,YES,YES,TRUE
3176,174,4797,199.13,18,7,0.0402,1614,11.06,18-11-2024,Baghdad,Desktop,8.11,1.14,28.45,1414.87,YES,YES,FALSE
3177,85,2992,199.13,27,10,0.1176,1614,7.38,23-11-2024,Cairo,Desktop,8.11,2.34,19.91,1414.87,YES,YES,TRUE
3178,99,3416,199.13,25,5,0.0505,1614,7.97,11/22/2024,Beijin,Desktop,8.11,2.01,39.83,1414.87,YES,YES,TRUE
3179,149,3661,199.13,21,8,0.0537,1614,9.48,17-11-2024,Rome,Mobile,8.11,1.34,24.89,1414.87,YES,YES,TRUE
3180,177,4315,199.13,10,9,0.0508,1614,19.91,11/21/2024,Paris,Tablet,8.11,1.13,22.13,1414.87,YES,YES,TRUE
3181,118,4315,199.13,28,5,0.0424,1614,7.11,15-11-2024,Paris,Mobile,8.11,1.69,39.83,1414.87,YES,YES,FALSE
3182,204,5550,199.13,22,6,0.0294,1614,9.05,1/11/2024,Paris,Tablet,8.11,0.98,33.19,1414.87,YES,YES,FALSE
3183,151,3657,199.13,25,7,0.0464,1614,7.97,17-11-2024,Rome,Mobile,8.11,1.32,28.45,1414.87,YES,YES,FALSE
3184,43,4906,199.13,20,11,0.2558,1614,9.96,11/21/2024,Tokyo,Desktop,8.11,4.63,18.1,1414.87,YES,YES,TRUE
3185,87,3847,199.13,11,4,0.046,1614,18.1,20-11-2024,Tokyo,Tablet,8.11,2.29,49.78,1414.87,YES,YES,FALSE
3186,152,5472,199.13,27,9,0.0592,1614,7.38,11/25/2024,Tokyo,Mobile,8.11,1.31,22.13,1414.87,YES,YES,TRUE
3187,148,5595,199.13,10,8,0.0541,1614,19.91,11/7/2024,Tokyo,Desktop,8.11,1.35,24.89,1414.87,YES,YES,TRUE
3188,152,3126,199.13,20,5,0.0329,1614,9.96,11/7/2024,Paris,Mobile,8.11,1.31,39.83,1414.87,YES,YES,FALSE
3189,129,4570,199.13,22,9,0.0698,1614,9.05,12/11/2024,Cairo,Mobile,8.11,1.54,22.13,1414.87,YES,YES,TRUE
3190,180,5404,199.13,28,5,0.0278,1614,7.11,30-11-2024,Tokyo,Tablet,8.11,1.11,39.83,1414.87,YES,YES,FALSE
3191,155,5004,199.13,27,3,0.0194,1614,7.38,11/8/2024,Baghdad,Mobile,8.11,1.28,66.38,1414.87,YES,YES,FALSE
3192,108,5820,199.13,24,9,0.0833,1614,8.3,11/25/2024,Tokyo,Mobile,8.11,1.84,22.13,1414.87,YES,YES,TRUE
3193,141,4042,199.13,17,8,0.0567,1614,11.71,11/26/2024,Tokyo,Mobile,8.11,1.41,24.89,1414.87,YES,YES,TRUE
3194,133,3234,199.13,11,10,0.0752,1614,18.1,11/9/2024,Cairo,Desktop,8.11,1.5,19.91,1414.87,YES,YES,TRUE
3195,97,3261,199.13,10,3,0.0309,1614,19.91,20-11-2024,Tokyo,Tablet,8.11,2.05,66.38,1414.87,YES,YES,FALSE
3196,108,4552,199.13,19,9,0.0833,1614,10.48,11/20/2024,Riyad,Tablet,8.11,1.84,22.13,1414.87,YES,YES,TRUE
3197,94,2873,199.13,28,10,0.1064,1614,7.11,23-11-2024,Cairo,Desktop,8.11,2.12,19.91,1414.87,YES,YES,TRUE
3198,127,4308,199.13,19,9,0.0709,1614,10.48,12/11/2024,Cairo,Mobile,8.11,1.57,22.13,1414.87,YES,YES,TRUE
3199,117,5740,199.13,13,6,0.0513,1614,15.32,22-11-2024,Tokyo,Desktop,8.11,1.7,33.19,1414.87,YES,YES,TRUE
3200,158,2770,199.13,20,4,0.0253,1614,9.96,11/7/2024,Paris,Mobile,8.11,1.26,49.78,1414.87,YES,YES,FALSE
3201,34,5166,199.13,23,9,0.2647,1614,8.66,11/21/2024,Tokyo,Desktop,8.11,5.86,22.13,1414.87,YES,YES,TRUE
3202,159,6952,199.13,12,7,0.044,1614,16.59,11/7/2024,Tokyo,Desktop,8.11,1.25,28.45,1414.87,YES,YES,FALSE
3203,208,3864,199.13,10,6,0.0288,1614,19.91,12/11/2024,Paris,Mobile,8.11,0.96,33.19,1414.87,YES,YES,FALSE
3204,189,4957,199.13,10,7,0.037,1614,19.91,20-11-2024,Rome,Mobile,8.11,1.05,28.45,1414.87,YES,YES,FALSE
3205,206,5710,199.13,23,6,0.0291,1614,8.66,1/11/2024,Paris,Tablet,8.11,0.97,33.19,1414.87,YES,YES,FALSE
3206,128,5160,199.13,12,5,0.0391,1614,16.59,11/6/2024,Cairo,Mobile,8.11,1.56,39.83,1414.87,YES,YES,FALSE
3207,196,5490,199.13,16,4,0.0204,1614,12.45,11/8/2024,Tokyo,Tablet,8.11,1.02,49.78,1414.87,YES,YES,FALSE
3208,186,4122,199.13,20,3,0.0161,1614,9.96,11/23/2024,Rome,Desktop,8.11,1.07,66.38,1414.87,YES,YES,FALSE
3209,105,4820,199.13,20,5,0.0476,1614,9.96,9/11/2024,Tokyo,Mobile,8.11,1.9,39.83,1414.87,YES,YES,FALSE
3210,124,4316,199.13,26,5,0.0403,1614,7.66,11/15/2024,Riyad,Desktop,8.11,1.61,39.83,1414.87,YES,YES,FALSE
3211,177,5846,199.13,28,6,0.0339,1614,7.11,30-11-2024,Tokyo,Tablet,8.11,1.13,33.19,1414.87,YES,YES,FALSE
3212,95,2810,199.13,33,7,0.0737,1614,6.03,26-11-2024,Baghdad,Desktop,8.11,2.1,28.45,1414.87,YES,YES,TRUE
3213,102,4602,199.13,26,11,0.1078,1614,7.66,11/5/2024,Rome,Desktop,8.11,1.95,18.1,1414.87,YES,YES,TRUE
3214,200,3502,199.13,11,8,0.04,1614,18.1,16-11-2024,Riyad,Mobile,8.11,1,24.89,1414.87,YES,YES,FALSE
3215,105,6410,199.13,23,9,0.0857,1614,8.66,20-11-2024,Riyad,Tablet,8.11,1.9,22.13,1414.87,YES,YES,TRUE
3216,159,5697,199.13,11,8,0.0503,1614,18.1,11/7/2024,Tokyo,Desktop,8.11,1.25,24.89,1414.87,YES,YES,TRUE
3217,179,6127,199.13,26,5,0.0279,1614,7.66,11/12/2024,Baghdad,Mobile,8.11,1.11,39.83,1414.87,YES,YES,FALSE
3218,189,3153,199.13,23,8,0.0423,1614,8.66,23-11-2024,Baghdad,Mobile,8.11,1.05,24.89,1414.87,YES,YES,FALSE
3219,108,3804,199.13,24,10,0.0926,1614,8.3,11/20/2024,Cairo,Tablet,8.11,1.84,19.91,1414.87,YES,YES,TRUE
3220,89,4107,199.13,28,9,0.1011,1614,7.11,11/16/2024,Beyrouth,Tablet,8.11,2.24,22.13,1414.87,YES,YES,TRUE
3221,147,4219,199.13,32,7,0.0476,1614,6.22,3/11/2024,Riyad,Tablet,8.11,1.35,28.45,1414.87,YES,YES,FALSE
3222,86,5903,199.13,20,10,0.1163,1614,9.96,11/8/2024,Baghdad,Desktop,8.11,2.32,19.91,1414.87,YES,YES,TRUE
3223,129,4640,199.13,20,7,0.0543,1614,9.96,11/5/2024,Tokyo,Desktop,8.11,1.54,28.45,1414.87,YES,YES,TRUE
3224,148,5051,199.13,24,3,0.0203,1614,8.3,11/8/2024,Baghdad,Mobile,8.11,1.35,66.38,1414.87,YES,YES,FALSE
3225,158,6391,199.13,28,9,0.057,1614,7.11,11/11/2024,Baghdad,Tablet,8.11,1.26,22.13,1414.87,YES,YES,TRUE
3226,227,5360,199.13,23,5,0.022,1614,8.66,1/11/2024,Paris,Tablet,8.11,0.88,39.83,1414.87,YES,YES,FALSE
3227,171,6392,199.13,13,6,0.0351,1614,15.32,11/2/2024,Riyad,Desktop,8.11,1.16,33.19,1414.87,YES,YES,FALSE
3228,113,5101,199.13,10,8,0.0708,1614,19.91,11/3/2024,Rome,Tablet,8.11,1.76,24.89,1414.87,YES,YES,TRUE
3229,104,4618,199.13,18,10,0.0962,1614,11.06,11/20/2024,Riyad,Tablet,8.11,1.91,19.91,1414.87,YES,YES,TRUE
3230,217,5298,199.13,27,5,0.023,1614,7.38,11/12/2024,Baghdad,Mobile,8.11,0.92,39.83,1414.87,YES,YES,FALSE
3231,117,5516,199.13,27,7,0.0598,1614,7.38,11/5/2024,Rome,Tablet,8.11,1.7,28.45,1414.87,YES,YES,TRUE
3232,148,5966,199.13,12,8,0.0541,1614,16.59,11/7/2024,Tokyo,Desktop,8.11,1.35,24.89,1414.87,YES,YES,TRUE
3233,206,5713,199.13,17,4,0.0194,1614,11.71,11/11/2024,Paris,Desktop,8.11,0.97,49.78,1414.87,YES,YES,FALSE
3234,134,4594,199.13,26,4,0.0299,1614,7.66,11/8/2024,Rome,Mobile,8.11,1.49,49.78,1414.87,YES,YES,FALSE
3235,113,5187,199.13,28,5,0.0442,1614,7.11,11/24/2024,London,Tablet,8.11,1.76,39.83,1414.87,YES,YES,FALSE
3236,196,3085,199.13,21,7,0.0357,1614,9.48,11/4/2024,Cairo,Tablet,8.11,1.02,28.45,1414.87,YES,YES,FALSE
3237,208,5442,199.13,11,8,0.0385,1614,18.1,20-11-2024,Rome,Mobile,8.11,0.96,24.89,1414.87,YES,YES,FALSE
3238,148,4530,199.13,17,8,0.0541,1614,11.71,18-11-2024,Baghdad,Desktop,8.11,1.35,24.89,1414.87,YES,YES,TRUE
3239,170,4374,199.13,27,10,0.0588,1614,7.38,11/24/2024,Baghdad,Mobile,8.11,1.17,19.91,1414.87,YES,YES,TRUE
3240,144,5125,199.13,24,3,0.0208,1614,8.3,11/8/2024,Baghdad,Mobile,8.11,1.38,66.38,1414.87,YES,YES,FALSE
3241,122,3702,199.13,20,10,0.082,1614,9.96,21-11-2024,Baghdad,Mobile,8.11,1.63,19.91,1414.87,YES,YES,TRUE
3242,105,3925,199.13,17,9,0.0857,1614,11.71,21-11-2024,Baghdad,Mobile,8.11,1.9,22.13,1414.87,YES,YES,TRUE
3243,110,4197,199.13,23,6,0.0545,1614,8.66,11/14/2024,Paris,Desktop,8.11,1.81,33.19,1414.87,YES,YES,TRUE
3244,96,4743,199.13,27,6,0.0625,1614,7.38,15-11-2024,Paris,Mobile,8.11,2.07,33.19,1414.87,YES,YES,TRUE
3245,176,5260,199.13,14,6,0.0341,1614,14.22,11/16/2024,Baghdad,Mobile,8.11,1.13,33.19,1414.87,YES,YES,FALSE
3246,95,4905,199.13,28,11,0.1158,1614,7.11,11/5/2024,Rome,Desktop,8.11,2.1,18.1,1414.87,YES,YES,TRUE
3247,124,4123,199.13,15,6,0.0484,1614,13.28,11/5/2024,Baghdad,Desktop,8.11,1.61,33.19,1414.87,YES,YES,FALSE
3248,132,3681,199.13,30,11,0.0833,1614,6.64,11/20/2024,Cairo,Tablet,8.11,1.51,18.1,1414.87,YES,YES,TRUE
3249,117,5770,199.13,11,8,0.0684,1614,18.1,11/3/2024,Rome,Tablet,8.11,1.7,24.89,1414.87,YES,YES,TRUE
3250,129,4640,199.13,20,7,0.0543,1614,9.96,11/5/2024,Tokyo,Desktop,8.11,1.54,28.45,1414.87,YES,YES,TRUE
3251,95,5156,199.13,20,6,0.0632,1614,9.96,14-11-2024,Tokyo,Desktop,8.11,2.1,33.19,1414.87,YES,YES,TRUE
3252,148,3498,199.13,9,9,0.0608,1614,22.13,11/9/2024,Cairo,Desktop,8.11,1.35,22.13,1414.87,YES,YES,TRUE
3253,133,5366,199.13,27,6,0.0451,1614,7.38,11/20/2024,Tokyo,Desktop,8.11,1.5,33.19,1414.87,YES,YES,FALSE
3254,145,4000,199.13,25,6,0.0414,1614,7.97,11/5/2024,Paris,Desktop,8.11,1.37,33.19,1414.87,YES,YES,FALSE
3255,123,5168,199.13,15,5,0.0407,1614,13.28,11/25/2024,Rome,Mobile,8.11,1.62,39.83,1414.87,YES,YES,FALSE
3256,126,4067,199.13,15,5,0.0397,1614,13.28,6/11/2024,Paris,Tablet,8.11,1.58,39.83,1414.87,YES,YES,FALSE
3257,113,3609,199.13,27,5,0.0442,1614,7.38,11/19/2024,Rome,Desktop,8.11,1.76,39.83,1414.87,YES,YES,FALSE
3258,102,4610,199.13,28,11,0.1078,1614,7.11,11/5/2024,Rome,Desktop,8.11,1.95,18.1,1414.87,YES,YES,TRUE
3259,129,4640,199.13,20,7,0.0543,1614,9.96,11/5/2024,Tokyo,Desktop,8.11,1.54,28.45,1414.87,YES,YES,TRUE
3260,140,5729,199.13,25,9,0.0643,1614,7.97,11/10/2024,Cairo,Desktop,8.11,1.42,22.13,1414.87,YES,YES,TRUE
3261,183,5652,199.13,27,9,0.0492,1614,7.38,11/7/2024,Riyad,Tablet,8.11,1.09,22.13,1414.87,YES,YES,FALSE
3262,104,3497,199.13,22,6,0.0577,1614,9.05,11/22/2024,Beijin,Desktop,8.11,1.91,33.19,1414.87,YES,YES,TRUE
3263,169,5892,199.13,14,6,0.0355,1614,14.22,11/2/2024,Riyad,Desktop,8.11,1.18,33.19,1414.87,YES,YES,FALSE
3264,171,4985,199.13,16,8,0.0468,1614,12.45,11/10/2024,Riyad,Mobile,8.11,1.16,24.89,1414.87,YES,YES,FALSE
3265,119,4891,199.13,11,5,0.042,1614,18.1,22-11-2024,Tokyo,Desktop,8.11,1.67,39.83,1414.87,YES,YES,FALSE
3266,136,2996,199.13,18,3,0.0221,1614,11.06,11/27/2024,Canberra,Desktop,8.11,1.46,66.38,1414.87,YES,YES,FALSE
3267,92,5037,199.13,25,9,0.0978,1614,7.97,11/12/2024,Tokyo,Mobile,8.11,2.16,22.13,1414.87,YES,YES,TRUE
3268,94,3228,199.13,27,10,0.1064,1614,7.38,23-11-2024,Cairo,Desktop,8.11,2.12,19.91,1414.87,YES,YES,TRUE
3269,37,5416,199.13,21,9,0.2432,1614,9.48,11/21/2024,Tokyo,Desktop,8.11,5.38,22.13,1414.87,YES,YES,TRUE
3270,166,4148,199.13,29,8,0.0482,1614,6.87,11/28/2024,Rome,Mobile,8.11,1.2,24.89,1414.87,YES,YES,FALSE
3271,159,5398,199.13,25,8,0.0503,1614,7.97,11/11/2024,Baghdad,Tablet,8.11,1.25,24.89,1414.87,YES,YES,TRUE
3272,170,3838,199.13,23,8,0.0471,1614,8.66,23-11-2024,Baghdad,Mobile,8.11,1.17,24.89,1414.87,YES,YES,FALSE
3273,167,5394,199.13,21,5,0.0299,1614,9.48,11/1/2024,Riyad,Tablet,8.11,1.19,39.83,1414.87,YES,YES,FALSE
3274,150,3810,199.13,17,7,0.0467,1614,11.71,29-11-2024,Paris,Desktop,8.11,1.33,28.45,1414.87,YES,YES,FALSE
3275,127,5896,199.13,23,8,0.063,1614,8.66,11/25/2024,Tokyo,Mobile,8.11,1.57,24.89,1414.87,YES,YES,TRUE
3276,129,4640,199.13,20,7,0.0543,1614,9.96,11/5/2024,Tokyo,Desktop,8.11,1.54,28.45,1414.87,YES,YES,TRUE
3277,110,4682,199.13,15,3,0.0273,1614,13.28,21-11-2024,Baghdad,Desktop,8.11,1.81,66.38,1414.87,YES,YES,FALSE
3278,114,4596,199.13,18,7,0.0614,1614,11.06,11/8/2024,Baghdad,Desktop,8.11,1.75,28.45,1414.87,YES,YES,TRUE
3279,88,2940,199.13,20,8,0.0909,1614,9.96,11/13/2024,Tokyo,Mobile,8.11,2.26,24.89,1414.87,YES,YES,TRUE
3280,167,4737,199.13,33,7,0.0419,1614,6.03,11/8/2024,Paris,Tablet,8.11,1.19,28.45,1414.87,YES,YES,FALSE
3281,154,5058,199.13,18,9,0.0584,1614,11.06,12/11/2024,Cairo,Mobile,8.11,1.29,22.13,1414.87,YES,YES,TRUE
3282,125,4803,199.13,28,6,0.048,1614,7.11,11/20/2024,Tokyo,Desktop,8.11,1.59,33.19,1414.87,YES,YES,FALSE
3283,141,4971,199.13,28,7,0.0496,1614,7.11,11/5/2024,Paris,Desktop,8.11,1.41,28.45,1414.87,YES,YES,FALSE
3284,87,3129,199.13,26,10,0.1149,1614,7.66,23-11-2024,Cairo,Desktop,8.11,2.29,19.91,1414.87,YES,YES,TRUE
3285,197,4146,199.13,10,8,0.0406,1614,19.91,16-11-2024,Riyad,Mobile,8.11,1.01,24.89,1414.87,YES,YES,FALSE
3286,182,3245,199.13,27,8,0.044,1614,7.38,23-11-2024,Baghdad,Mobile,8.11,1.09,24.89,1414.87,YES,YES,FALSE
3287,155,3326,199.13,15,9,0.0581,1614,13.28,11/14/2024,Riyad,Desktop,8.11,1.28,22.13,1414.87,YES,YES,TRUE
3288,103,5608,199.13,27,10,0.0971,1614,7.38,11/5/2024,Rome,Desktop,8.11,1.93,19.91,1414.87,YES,YES,TRUE
3289,101,5688,199.13,24,8,0.0792,1614,8.3,11/12/2024,Tokyo,Mobile,8.11,1.97,24.89,1414.87,YES,YES,TRUE
3290,234,3913,199.13,11,8,0.0342,1614,18.1,16-11-2024,Riyad,Mobile,8.11,0.85,24.89,1414.87,YES,YES,FALSE
3291,108,5719,199.13,11,7,0.0648,1614,18.1,11/3/2024,Rome,Tablet,8.11,1.84,28.45,1414.87,YES,YES,TRUE
3292,100,4666,199.13,12,7,0.07,1614,16.59,11/16/2024,London,Desktop,8.11,1.99,28.45,1414.87,YES,YES,TRUE
3293,77,3547,199.13,22,9,0.1169,1614,9.05,4/11/2024,Cairo,Desktop,8.11,2.59,22.13,1414.87,YES,YES,TRUE
3294,140,5364,199.13,24,9,0.0643,1614,8.3,11/10/2024,Cairo,Desktop,8.11,1.42,22.13,1414.87,YES,YES,TRUE
3295,147,5322,199.13,25,6,0.0408,1614,7.97,11/5/2024,Paris,Desktop,8.11,1.35,33.19,1414.87,YES,YES,FALSE
3296,140,3781,199.13,14,5,0.0357,1614,14.22,11/9/2024,Cairo,Desktop,8.11,1.42,39.83,1414.87,YES,YES,FALSE
3297,147,4324,199.13,20,8,0.0544,1614,9.96,12/11/2024,Cairo,Mobile,8.11,1.35,24.89,1414.87,YES,YES,TRUE
3298,103,5036,199.13,27,6,0.0583,1614,7.38,11/20/2024,Tokyo,Desktop,8.11,1.93,33.19,1414.87,YES,YES,TRUE
3299,160,3500,199.13,21,8,0.05,1614,9.48,17-11-2024,Rome,Mobile,8.11,1.24,24.89,1414.87,YES,YES,TRUE
3300,177,5121,199.13,23,3,0.0169,1614,8.66,11/25/2024,Riyad,Tablet,8.11,1.13,66.38,1414.87,YES,YES,FALSE
3301,119,4899,199.13,18,10,0.084,1614,11.06,11/2/2024,Tokyo,Desktop,8.11,1.67,19.91,1414.87,YES,YES,TRUE
3302,85,5043,199.13,25,8,0.0941,1614,7.97,20-11-2024,Riyad,Tablet,8.11,2.34,24.89,1414.87,YES,YES,TRUE
3303,107,3384,199.13,10,5,0.0467,1614,19.91,11/23/2024,Riyad,Tablet,8.11,1.86,39.83,1414.87,YES,YES,FALSE
3304,97,4664,199.13,24,10,0.1031,1614,8.3,11/5/2024,Rome,Desktop,8.11,2.05,19.91,1414.87,YES,YES,TRUE
3305,181,3837,199.13,13,9,0.0497,1614,15.32,11/4/2024,Cairo,Desktop,8.11,1.1,22.13,1414.87,YES,YES,TRUE
3306,195,4858,199.13,15,4,0.0205,1614,13.28,11/8/2024,Tokyo,Tablet,8.11,1.02,49.78,1414.87,YES,YES,FALSE
3307,94,3941,199.13,23,10,0.1064,1614,8.66,4/11/2024,Cairo,Desktop,8.11,2.12,19.91,1414.87,YES,YES,TRUE
3308,129,4640,199.13,20,7,0.0543,1614,9.96,11/5/2024,Tokyo,Desktop,8.11,1.54,28.45,1414.87,YES,YES,TRUE
3309,160,2968,199.13,23,8,0.05,1614,8.66,17-11-2024,Rome,Mobile,8.11,1.24,24.89,1414.87,YES,YES,TRUE
3310,126,4659,199.13,31,9,0.0714,1614,6.42,11/9/2024,Paris,Mobile,8.11,1.58,22.13,1414.87,YES,YES,TRUE
3311,197,5226,199.13,29,4,0.0203,1614,6.87,30-11-2024,Tokyo,Tablet,8.11,1.01,49.78,1414.87,YES,YES,FALSE
3312,113,3709,199.13,22,6,0.0531,1614,9.05,11/28/2024,Riyad,Tablet,8.11,1.76,33.19,1414.87,YES,YES,TRUE
3313,43,4944,199.13,22,10,0.2326,1614,9.05,11/21/2024,Tokyo,Desktop,8.11,4.63,19.91,1414.87,YES,YES,TRUE
3314,131,5436,199.13,21,7,0.0534,1614,9.48,11/25/2024,Tokyo,Mobile,8.11,1.52,28.45,1414.87,YES,YES,TRUE
3315,106,6491,199.13,26,6,0.0566,1614,7.66,11/15/2024,Riyad,Tablet,8.11,1.88,33.19,1414.87,YES,YES,TRUE
3316,92,5002,199.13,16,3,0.0326,1614,12.45,21-11-2024,Baghdad,Desktop,8.11,2.16,66.38,1414.87,YES,YES,FALSE
3317,111,5804,199.13,17,11,0.0991,1614,11.71,11/2/2024,Tokyo,Desktop,8.11,1.79,18.1,1414.87,YES,YES,TRUE
3318,102,4617,199.13,15,7,0.0686,1614,13.28,11/16/2024,London,Desktop,8.11,1.95,28.45,1414.87,YES,YES,TRUE
3319,154,3839,199.13,21,8,0.0519,1614,9.48,29-11-2024,Paris,Desktop,8.11,1.29,24.89,1414.87,YES,YES,TRUE
3320,129,4640,199.13,20,7,0.0543,1614,9.96,11/5/2024,Tokyo,Desktop,8.11,1.54,28.45,1414.87,YES,YES,TRUE
3321,158,3626,199.13,20,7,0.0443,1614,9.96,29-11-2024,Paris,Desktop,8.11,1.26,28.45,1414.87,YES,YES,FALSE
3322,135,4899,199.13,12,5,0.037,1614,16.59,11/6/2024,Cairo,Mobile,8.11,1.48,39.83,1414.87,YES,YES,FALSE
3323,96,3677,199.13,20,8,0.0833,1614,9.96,11/20/2024,Tokyo,Tablet,8.11,2.07,24.89,1414.87,YES,YES,TRUE
3324,94,5135,199.13,10,6,0.0638,1614,19.91,11/9/2024,Rome,Tablet,8.11,2.12,33.19,1414.87,YES,YES,TRUE
3325,79,5465,199.13,12,5,0.0633,1614,16.59,11/9/2024,Rome,Tablet,8.11,2.52,39.83,1414.87,YES,YES,TRUE
3326,172,5181,199.13,25,6,0.0349,1614,7.97,11/11/2024,Baghdad,Tablet,8.11,1.16,33.19,1414.87,YES,YES,FALSE
3327,94,5222,199.13,25,9,0.0957,1614,7.97,11/5/2024,Rome,Desktop,8.11,2.12,22.13,1414.87,YES,YES,TRUE
3328,125,5085,199.13,19,9,0.072,1614,10.48,18-11-2024,Baghdad,Desktop,8.11,1.59,22.13,1414.87,YES,YES,TRUE
3329,88,6169,199.13,12,6,0.0682,1614,16.59,16-11-2024,Tokyo,Mobile,8.11,2.26,33.19,1414.87,YES,YES,TRUE
3330,166,3991,199.13,15,6,0.0361,1614,13.28,11/9/2024,Cairo,Desktop,8.11,1.2,33.19,1414.87,YES,YES,FALSE
3331,116,5063,199.13,10,8,0.069,1614,19.91,11/3/2024,Rome,Tablet,8.11,1.72,24.89,1414.87,YES,YES,TRUE
3332,130,4752,199.13,10,8,0.0615,1614,19.91,11/3/2024,Rome,Tablet,8.11,1.53,24.89,1414.87,YES,YES,TRUE
3333,173,4415,199.13,30,6,0.0347,1614,6.64,11/8/2024,Paris,Tablet,8.11,1.15,33.19,1414.87,YES,YES,FALSE
3334,100,4254,199.13,24,10,0.1,1614,8.3,4/11/2024,Cairo,Desktop,8.11,1.99,19.91,1414.87,YES,YES,TRUE
3335,105,4821,199.13,14,6,0.0571,1614,14.22,11/16/2024,London,Desktop,8.11,1.9,33.19,1414.87,YES,YES,TRUE
3336,194,5349,199.13,13,6,0.0309,1614,15.32,11/16/2024,Baghdad,Mobile,8.11,1.03,33.19,1414.87,YES,YES,FALSE
3337,174,5400,199.13,13,6,0.0345,1614,15.32,11/16/2024,Baghdad,Mobile,8.11,1.14,33.19,1414.87,YES,YES,FALSE
3338,159,5881,199.13,11,6,0.0377,1614,18.1,11/7/2024,Tokyo,Desktop,8.11,1.25,33.19,1414.87,YES,YES,FALSE
3339,129,4640,199.13,20,7,0.0543,1614,9.96,11/5/2024,Tokyo,Desktop,8.11,1.54,28.45,1414.87,YES,YES,TRUE
3340,167,6639,199.13,14,6,0.0359,1614,14.22,11/2/2024,Riyad,Desktop,8.11,1.19,33.19,1414.87,YES,YES,FALSE
3341,157,3387,199.13,16,6,0.0382,1614,12.45,11/26/2024,Baghdad,Tablet,8.11,1.27,33.19,1414.87,YES,YES,FALSE
3342,187,4264,199.13,30,7,0.0374,1614,6.64,11/8/2024,Paris,Tablet,8.11,1.06,28.45,1414.87,YES,YES,FALSE
3343,186,4598,199.13,25,8,0.043,1614,7.97,11/8/2024,Paris,Tablet,8.11,1.07,24.89,1414.87,YES,YES,FALSE
3344,137,4752,199.13,28,5,0.0365,1614,7.11,11/15/2024,Riyad,Desktop,8.11,1.45,39.83,1414.87,YES,YES,FALSE
3345,156,3211,199.13,14,10,0.0641,1614,14.22,11/25/2024,Baghdad,Mobile,8.11,1.28,19.91,1414.87,YES,YES,TRUE
3346,163,3695,199.13,25,8,0.0491,1614,7.97,12/11/2024,Cairo,Tablet,8.11,1.22,24.89,1414.87,YES,YES,FALSE
3347,88,4432,199.13,24,7,0.0795,1614,8.3,30-11-2024,Rome,Mobile,8.11,2.26,28.45,1414.87,YES,YES,TRUE
3348,111,4712,199.13,27,10,0.0901,1614,7.38,11/5/2024,Rome,Desktop,8.11,1.79,19.91,1414.87,YES,YES,TRUE
3349,116,4948,199.13,30,4,0.0345,1614,6.64,11/24/2024,London,Tablet,8.11,1.72,49.78,1414.87,YES,YES,FALSE
3350,210,4665,199.13,12,10,0.0476,1614,16.59,11/4/2024,Cairo,Desktop,8.11,0.95,19.91,1414.87,YES,YES,FALSE
3351,183,4491,199.13,18,8,0.0437,1614,11.06,11/26/2024,Tokyo,Mobile,8.11,1.09,24.89,1414.87,YES,YES,FALSE
3352,119,6252,199.13,23,9,0.0756,1614,8.66,11/25/2024,Tokyo,Mobile,8.11,1.67,22.13,1414.87,YES,YES,TRUE
3353,103,2793,199.13,30,11,0.1068,1614,6.64,23-11-2024,Cairo,Desktop,8.11,1.93,18.1,1414.87,YES,YES,TRUE
3354,116,6292,199.13,23,8,0.069,1614,8.66,11/29/2024,Cairo,Desktop,8.11,1.72,24.89,1414.87,YES,YES,TRUE
3355,143,4486,199.13,19,4,0.028,1614,10.48,9/11/2024,Tokyo,Mobile,8.11,1.39,49.78,1414.87,YES,YES,FALSE
3356,206,5242,199.13,29,5,0.0243,1614,6.87,30-11-2024,Tokyo,Tablet,8.11,0.97,39.83,1414.87,YES,YES,FALSE
3357,145,5016,199.13,25,6,0.0414,1614,7.97,11/5/2024,Paris,Desktop,8.11,1.37,33.19,1414.87,YES,YES,FALSE
3358,146,4895,199.13,19,9,0.0616,1614,10.48,12/11/2024,Cairo,Mobile,8.11,1.36,22.13,1414.87,YES,YES,TRUE
3359,152,5373,199.13,25,5,0.0329,1614,7.97,11/5/2024,Paris,Desktop,8.11,1.31,39.83,1414.87,YES,YES,FALSE
3360,220,5545,199.13,13,7,0.0318,1614,15.32,11/16/2024,Baghdad,Mobile,8.11,0.91,28.45,1414.87,YES,YES,FALSE
3361,116,4000,199.13,31,5,0.0431,1614,6.42,11/14/2024,Paris,Desktop,8.11,1.72,39.83,1414.87,YES,YES,FALSE
3362,150,3311,199.13,19,7,0.0467,1614,10.48,29-11-2024,Paris,Desktop,8.11,1.33,28.45,1414.87,YES,YES,FALSE
3363,169,5075,199.13,29,7,0.0414,1614,6.87,11/24/2024,Baghdad,Mobile,8.11,1.18,28.45,1414.87,YES,YES,FALSE
3364,146,4916,199.13,15,6,0.0411,1614,13.28,11/9/2024,Cairo,Desktop,8.11,1.36,33.19,1414.87,YES,YES,FALSE
3365,141,4841,199.13,30,7,0.0496,1614,6.64,3/11/2024,Riyad,Tablet,8.11,1.41,28.45,1414.87,YES,YES,FALSE
3366,114,5102,199.13,15,11,0.0965,1614,13.28,11/26/2024,Baghdad,Tablet,8.11,1.75,18.1,1414.87,YES,YES,TRUE
3367,132,2968,199.13,29,10,0.0758,1614,6.87,11/20/2024,Cairo,Tablet,8.11,1.51,19.91,1414.87,YES,YES,TRUE
3368,147,4161,199.13,15,7,0.0476,1614,13.28,11/9/2024,Cairo,Desktop,8.11,1.35,28.45,1414.87,YES,YES,FALSE
3369,125,5126,199.13,16,3,0.024,1614,12.45,11/16/2024,Cairo,Desktop,8.11,1.59,66.38,1414.87,YES,YES,FALSE
3370,182,3631,199.13,11,7,0.0385,1614,18.1,12/11/2024,Paris,Mobile,8.11,1.09,28.45,1414.87,YES,YES,FALSE
3371,129,4640,199.13,20,7,0.0543,1614,9.96,11/5/2024,Tokyo,Desktop,8.11,1.54,28.45,1414.87,YES,YES,TRUE
3372,214,4704,199.13,15,9,0.0421,1614,13.28,11/10/2024,Riyad,Mobile,8.11,0.93,22.13,1414.87,YES,YES,FALSE
3373,127,4595,199.13,25,6,0.0472,1614,7.97,11/14/2024,Paris,Desktop,8.11,1.57,33.19,1414.87,YES,YES,FALSE
3374,101,4653,199.13,13,6,0.0594,1614,15.32,11/5/2024,Cairo,Desktop,8.11,1.97,33.19,1414.87,YES,YES,TRUE
3375,98,5771,199.13,25,9,0.0918,1614,7.97,11/12/2024,Tokyo,Mobile,8.11,2.03,22.13,1414.87,YES,YES,TRUE
3376,86,3530,199.13,11,3,0.0349,1614,18.1,20-11-2024,Tokyo,Tablet,8.11,2.32,66.38,1414.87,YES,YES,FALSE
3377,100,5986,199.13,21,8,0.08,1614,9.48,20-11-2024,Riyad,Tablet,8.11,1.99,24.89,1414.87,YES,YES,TRUE
3378,189,4518,199.13,23,3,0.0159,1614,8.66,11/24/2024,Beyrouth,Tablet,8.11,1.05,66.38,1414.87,YES,YES,FALSE
3379,87,3679,199.13,11,3,0.0345,1614,18.1,20-11-2024,Tokyo,Tablet,8.11,2.29,66.38,1414.87,YES,YES,FALSE
3380,129,4640,199.13,20,7,0.0543,1614,9.96,11/5/2024,Tokyo,Desktop,8.11,1.54,28.45,1414.87,YES,YES,TRUE
3381,170,3266,199.13,27,8,0.0471,1614,7.38,12/11/2024,Cairo,Tablet,8.11,1.17,24.89,1414.87,YES,YES,FALSE
3382,110,5294,199.13,22,4,0.0364,1614,9.05,11/24/2024,London,Tablet,8.11,1.81,49.78,1414.87,YES,YES,FALSE
3383,126,5028,199.13,29,4,0.0317,1614,6.87,11/8/2024,Rome,Mobile,8.11,1.58,49.78,1414.87,YES,YES,FALSE
3384,115,5087,199.13,28,6,0.0522,1614,7.11,11/15/2024,Riyad,Tablet,8.11,1.73,33.19,1414.87,YES,YES,TRUE
3385,202,3021,199.13,22,9,0.0446,1614,9.05,11/12/2024,Rome,Mobile,8.11,0.99,22.13,1414.87,YES,YES,FALSE
3386,101,4345,199.13,28,6,0.0594,1614,7.11,11/14/2024,Paris,Desktop,8.11,1.97,33.19,1414.87,YES,YES,TRUE
3387,128,5825,199.13,25,3,0.0234,1614,7.97,11/8/2024,Baghdad,Mobile,8.11,1.56,66.38,1414.87,YES,YES,FALSE
3388,181,3803,199.13,9,7,0.0387,1614,22.13,12/11/2024,Paris,Mobile,8.11,1.1,28.45,1414.87,YES,YES,FALSE
3389,182,4376,199.13,10,9,0.0495,1614,19.91,11/21/2024,Paris,Tablet,8.11,1.09,22.13,1414.87,YES,YES,FALSE
3390,160,4311,199.13,20,10,0.0625,1614,9.96,12/11/2024,Cairo,Mobile,8.11,1.24,19.91,1414.87,YES,YES,TRUE
3391,157,2986,199.13,19,5,0.0318,1614,10.48,11/7/2024,Paris,Mobile,8.11,1.27,39.83,1414.87,YES,YES,FALSE
3392,95,5585,199.13,25,8,0.0842,1614,7.97,11/12/2024,Tokyo,Mobile,8.11,2.1,24.89,1414.87,YES,YES,TRUE
3393,196,5549,199.13,22,4,0.0204,1614,9.05,11/11/2024,Paris,Desktop,8.11,1.02,49.78,1414.87,YES,YES,FALSE
3394,82,3933,199.13,11,3,0.0366,1614,18.1,20-11-2024,Tokyo,Tablet,8.11,2.43,66.38,1414.87,YES,YES,FALSE
3395,84,2920,199.13,22,10,0.119,1614,9.05,11/13/2024,Tokyo,Mobile,8.11,2.37,19.91,1414.87,YES,YES,TRUE
3396,145,5654,199.13,23,6,0.0414,1614,8.66,11/5/2024,Paris,Desktop,8.11,1.37,33.19,1414.87,YES,YES,FALSE
3397,111,5447,199.13,14,4,0.036,1614,14.22,11/25/2024,Rome,Mobile,8.11,1.79,49.78,1414.87,YES,YES,FALSE
3398,155,4083,199.13,31,7,0.0452,1614,6.42,11/8/2024,Paris,Tablet,8.11,1.28,28.45,1414.87,YES,YES,FALSE
3399,98,4091,199.13,15,9,0.0918,1614,13.28,11/20/2024,Riyad,Tablet,8.11,2.03,22.13,1414.87,YES,YES,TRUE
3400,102,2918,199.13,28,7,0.0686,1614,7.11,26-11-2024,Baghdad,Desktop,8.11,1.95,28.45,1414.87,YES,YES,TRUE
3401,85,5269,199.13,21,8,0.0941,1614,9.48,30-11-2024,Rome,Mobile,8.11,2.34,24.89,1414.87,YES,YES,TRUE
3402,122,3701,199.13,29,11,0.0902,1614,6.87,11/20/2024,Cairo,Tablet,8.11,1.63,18.1,1414.87,YES,YES,TRUE
3403,101,5442,199.13,16,11,0.1089,1614,12.45,11/2/2024,Tokyo,Desktop,8.11,1.97,18.1,1414.87,YES,YES,TRUE
3404,146,4855,199.13,16,8,0.0548,1614,12.45,16-11-2024,Baghdad,Tablet,8.11,1.36,24.89,1414.87,YES,YES,TRUE
3405,42,5274,199.13,23,11,0.2619,1614,8.66,11/21/2024,Tokyo,Desktop,8.11,4.74,18.1,1414.87,YES,YES,TRUE
3406,79,3216,199.13,23,6,0.0759,1614,8.66,11/22/2024,Beijin,Desktop,8.11,2.52,33.19,1414.87,YES,YES,TRUE
3407,97,3376,199.13,23,9,0.0928,1614,8.66,11/20/2024,Tokyo,Tablet,8.11,2.05,22.13,1414.87,YES,YES,TRUE
3408,34,5443,199.13,23,10,0.2941,1614,8.66,11/21/2024,Tokyo,Desktop,8.11,5.86,19.91,1414.87,YES,YES,TRUE
3409,209,3838,199.13,10,6,0.0287,1614,19.91,12/11/2024,Paris,Mobile,8.11,0.95,33.19,1414.87,YES,YES,FALSE
3410,84,4216,199.13,28,11,0.131,1614,7.11,11/16/2024,Beyrouth,Tablet,8.11,2.37,18.1,1414.87,YES,YES,TRUE
3411,198,3839,199.13,14,8,0.0404,1614,14.22,11/14/2024,Riyad,Desktop,8.11,1.01,24.89,1414.87,YES,YES,FALSE
3412,127,4111,199.13,18,5,0.0394,1614,11.06,11/24/2024,Baghdad,Tablet,8.11,1.57,39.83,1414.87,YES,YES,FALSE
3413,77,5455,199.13,28,9,0.1169,1614,7.11,11/12/2024,Tokyo,Mobile,8.11,2.59,22.13,1414.87,YES,YES,TRUE
3414,101,5767,199.13,25,10,0.099,1614,7.97,20-11-2024,Riyad,Tablet,8.11,1.97,19.91,1414.87,YES,YES,TRUE
3415,104,5977,199.13,27,5,0.0481,1614,7.38,11/20/2024,Tokyo,Desktop,8.11,1.91,39.83,1414.87,YES,YES,FALSE
3416,97,5127,199.13,30,9,0.0928,1614,6.64,11/12/2024,Tokyo,Mobile,8.11,2.05,22.13,1414.87,YES,YES,TRUE
3417,121,3577,199.13,28,6,0.0496,1614,7.11,11/19/2024,Rome,Desktop,8.11,1.65,33.19,1414.87,YES,YES,FALSE
3418,187,3283,199.13,24,7,0.0374,1614,8.3,23-11-2024,Baghdad,Mobile,8.11,1.06,28.45,1414.87,YES,YES,FALSE
3419,87,5840,199.13,25,10,0.1149,1614,7.97,11/12/2024,Tokyo,Mobile,8.11,2.29,19.91,1414.87,YES,YES,TRUE
3420,93,3539,199.13,20,7,0.0753,1614,9.96,11/20/2024,Tokyo,Tablet,8.11,2.14,28.45,1414.87,YES,YES,TRUE
3421,126,3055,199.13,19,6,0.0476,1614,10.48,11/26/2024,Baghdad,Tablet,8.11,1.58,33.19,1414.87,YES,YES,FALSE
3422,124,4905,199.13,26,4,0.0323,1614,7.66,11/24/2024,London,Tablet,8.11,1.61,49.78,1414.87,YES,YES,FALSE
3423,187,4346,199.13,16,11,0.0588,1614,12.45,11/10/2024,Riyad,Mobile,8.11,1.06,18.1,1414.87,YES,YES,TRUE
3424,105,5139,199.13,27,7,0.0667,1614,7.38,11/5/2024,Rome,Tablet,8.11,1.9,28.45,1414.87,YES,YES,TRUE
3425,131,3922,199.13,29,10,0.0763,1614,6.87,11/20/2024,Cairo,Tablet,8.11,1.52,19.91,1414.87,YES,YES,TRUE
3426,144,3400,199.13,20,6,0.0417,1614,9.96,29-11-2024,Paris,Desktop,8.11,1.38,33.19,1414.87,YES,YES,FALSE
3427,136,5447,199.13,24,8,0.0588,1614,8.3,11/5/2024,Rome,Tablet,8.11,1.46,24.89,1414.87,YES,YES,TRUE
3428,212,4550,199.13,12,10,0.0472,1614,16.59,11/10/2024,Riyad,Mobile,8.11,0.94,19.91,1414.87,YES,YES,FALSE
3429,160,4076,199.13,30,7,0.0438,1614,6.64,11/8/2024,Paris,Tablet,8.11,1.24,28.45,1414.87,YES,YES,FALSE
3430,170,3909,199.13,18,9,0.0529,1614,11.06,11/26/2024,Tokyo,Mobile,8.11,1.17,22.13,1414.87,YES,YES,TRUE
3431,113,3324,199.13,11,6,0.0531,1614,18.1,11/23/2024,Riyad,Tablet,8.11,1.76,33.19,1414.87,YES,YES,TRUE
3432,132,4815,199.13,18,9,0.0682,1614,11.06,11/8/2024,Baghdad,Desktop,8.11,1.51,22.13,1414.87,YES,YES,TRUE
3433,127,2979,199.13,27,6,0.0472,1614,7.38,11/19/2024,Rome,Desktop,8.11,1.57,33.19,1414.87,YES,YES,FALSE
3434,89,3172,199.13,24,7,0.0787,1614,8.3,11/20/2024,Tokyo,Tablet,8.11,2.24,28.45,1414.87,YES,YES,TRUE
3435,121,3046,199.13,28,6,0.0496,1614,7.11,11/19/2024,Rome,Desktop,8.11,1.65,33.19,1414.87,YES,YES,FALSE
3436,183,4528,199.13,26,3,0.0164,1614,7.66,11/24/2024,Beyrouth,Tablet,8.11,1.09,66.38,1414.87,YES,YES,FALSE
3437,135,5636,199.13,26,7,0.0519,1614,7.66,11/20/2024,Tokyo,Desktop,8.11,1.48,28.45,1414.87,YES,YES,TRUE
3438,157,3219,199.13,15,10,0.0637,1614,13.28,11/25/2024,Baghdad,Mobile,8.11,1.27,19.91,1414.87,YES,YES,TRUE
3439,189,3111,199.13,10,8,0.0423,1614,19.91,16-11-2024,Riyad,Mobile,8.11,1.05,24.89,1414.87,YES,YES,FALSE
3440,166,4090,199.13,23,3,0.0181,1614,8.66,11/23/2024,Rome,Desktop,8.11,1.2,66.38,1414.87,YES,YES,FALSE
3441,137,4688,199.13,27,7,0.0511,1614,7.38,3/11/2024,Riyad,Tablet,8.11,1.45,28.45,1414.87,YES,YES,TRUE
3442,85,2973,199.13,34,8,0.0941,1614,5.86,26-11-2024,Baghdad,Desktop,8.11,2.34,24.89,1414.87,YES,YES,TRUE
3443,177,5413,199.13,14,4,0.0226,1614,14.22,11/8/2024,Tokyo,Tablet,8.11,1.13,49.78,1414.87,YES,YES,FALSE
3444,186,3125,199.13,27,9,0.0484,1614,7.38,11/12/2024,Rome,Mobile,8.11,1.07,22.13,1414.87,YES,YES,FALSE
3445,116,5218,199.13,19,9,0.0776,1614,10.48,11/8/2024,Baghdad,Desktop,8.11,1.72,22.13,1414.87,YES,YES,TRUE
3446,101,3429,199.13,31,7,0.0693,1614,6.42,26-11-2024,Baghdad,Desktop,8.11,1.97,28.45,1414.87,YES,YES,TRUE
3447,103,4377,199.13,27,5,0.0485,1614,7.38,11/8/2024,Rome,Mobile,8.11,1.93,39.83,1414.87,YES,YES,FALSE
3448,174,4649,199.13,19,7,0.0402,1614,10.48,16-11-2024,Baghdad,Tablet,8.11,1.14,28.45,1414.87,YES,YES,FALSE
3449,123,3013,199.13,16,3,0.0244,1614,12.45,11/27/2024,Canberra,Desktop,8.11,1.62,66.38,1414.87,YES,YES,FALSE
3450,120,3564,199.13,18,3,0.025,1614,11.06,11/27/2024,Canberra,Desktop,8.11,1.66,66.38,1414.87,YES,YES,FALSE
3451,87,5007,199.13,10,4,0.046,1614,19.91,11/9/2024,Rome,Tablet,8.11,2.29,49.78,1414.87,YES,YES,FALSE
3452,185,5562,199.13,15,9,0.0486,1614,13.28,11/10/2024,Riyad,Mobile,8.11,1.08,22.13,1414.87,YES,YES,FALSE
3453,120,4832,199.13,24,5,0.0417,1614,8.3,11/1/2024,Riyad,Tablet,8.11,1.66,39.83,1414.87,YES,YES,FALSE
3454,108,5460,199.13,21,6,0.0556,1614,9.48,14-11-2024,Tokyo,Desktop,8.11,1.84,33.19,1414.87,YES,YES,TRUE
3455,167,3320,199.13,24,7,0.0419,1614,8.3,12/11/2024,Cairo,Tablet,8.11,1.19,28.45,1414.87,YES,YES,FALSE
3456,184,5096,199.13,20,3,0.0163,1614,9.96,11/25/2024,Riyad,Tablet,8.11,1.08,66.38,1414.87,YES,YES,FALSE
3457,182,5378,199.13,24,6,0.033,1614,8.3,1/11/2024,Paris,Tablet,8.11,1.09,33.19,1414.87,YES,YES,FALSE
3458,172,3844,199.13,11,7,0.0407,1614,18.1,16-11-2024,Riyad,Mobile,8.11,1.16,28.45,1414.87,YES,YES,FALSE
3459,198,5979,199.13,21,8,0.0404,1614,9.48,11/7/2024,Riyad,Tablet,8.11,1.01,24.89,1414.87,YES,YES,FALSE
3460,169,3228,199.13,23,5,0.0296,1614,8.66,11/7/2024,Paris,Mobile,8.11,1.18,39.83,1414.87,YES,YES,FALSE
3461,115,4751,199.13,15,11,0.0957,1614,13.28,11/26/2024,Baghdad,Tablet,8.11,1.73,18.1,1414.87,YES,YES,TRUE
3462,129,4640,199.13,20,7,0.0543,1614,9.96,11/5/2024,Tokyo,Desktop,8.11,1.54,28.45,1414.87,YES,YES,TRUE
3463,99,3259,199.13,24,9,0.0909,1614,8.3,23-11-2024,Cairo,Desktop,8.11,2.01,22.13,1414.87,YES,YES,TRUE
3464,155,3084,199.13,32,8,0.0516,1614,6.22,11/22/2024,Cairo,Desktop,8.11,1.28,24.89,1414.87,YES,YES,TRUE
3465,159,3896,199.13,23,9,0.0566,1614,8.66,17-11-2024,Rome,Mobile,8.11,1.25,22.13,1414.87,YES,YES,TRUE
3466,202,5112,199.13,17,8,0.0396,1614,11.71,11/10/2024,Riyad,Mobile,8.11,0.99,24.89,1414.87,YES,YES,FALSE
3467,74,3128,199.13,24,10,0.1351,1614,8.3,23-11-2024,Cairo,Desktop,8.11,2.69,19.91,1414.87,YES,YES,TRUE
3468,123,5201,199.13,19,10,0.0813,1614,10.48,11/8/2024,Baghdad,Desktop,8.11,1.62,19.91,1414.87,YES,YES,TRUE
3469,79,3331,199.13,21,8,0.1013,1614,9.48,11/13/2024,Tokyo,Mobile,8.11,2.52,24.89,1414.87,YES,YES,TRUE
3470,100,3832,199.13,27,11,0.11,1614,7.38,11/9/2024,Paris,Mobile,8.11,1.99,18.1,1414.87,YES,YES,TRUE
3471,99,3306,199.13,23,6,0.0606,1614,8.66,11/22/2024,Beijin,Desktop,8.11,2.01,33.19,1414.87,YES,YES,TRUE
3472,129,4640,199.13,20,7,0.0543,1614,9.96,11/5/2024,Tokyo,Desktop,8.11,1.54,28.45,1414.87,YES,YES,TRUE
3473,76,3743,199.13,12,3,0.0395,1614,16.59,20-11-2024,Tokyo,Tablet,8.11,2.62,66.38,1414.87,YES,YES,FALSE
3474,119,4384,199.13,11,5,0.042,1614,18.1,22-11-2024,Tokyo,Desktop,8.11,1.67,39.83,1414.87,YES,YES,FALSE
3475,204,6105,199.13,27,5,0.0245,1614,7.38,11/12/2024,Baghdad,Mobile,8.11,0.98,39.83,1414.87,YES,YES,FALSE
3476,139,5494,199.13,29,7,0.0504,1614,6.87,11/10/2024,Cairo,Desktop,8.11,1.43,28.45,1414.87,YES,YES,TRUE
3477,94,3666,199.13,14,5,0.0532,1614,14.22,11/24/2024,Baghdad,Tablet,8.11,2.12,39.83,1414.87,YES,YES,TRUE
3478,93,3581,199.13,14,5,0.0538,1614,14.22,11/24/2024,Baghdad,Tablet,8.11,2.14,39.83,1414.87,YES,YES,TRUE
3479,156,5551,199.13,21,8,0.0513,1614,9.48,18-11-2024,Baghdad,Desktop,8.11,1.28,24.89,1414.87,YES,YES,TRUE
3480,153,3628,199.13,18,3,0.0196,1614,11.06,11/23/2024,Rome,Desktop,8.11,1.3,66.38,1414.87,YES,YES,FALSE
3481,186,4016,199.13,16,10,0.0538,1614,12.45,11/26/2024,Tokyo,Mobile,8.11,1.07,19.91,1414.87,YES,YES,TRUE
3482,111,5870,199.13,10,9,0.0811,1614,19.91,11/3/2024,Rome,Tablet,8.11,1.79,22.13,1414.87,YES,YES,TRUE
3483,117,6087,199.13,24,7,0.0598,1614,8.3,11/5/2024,Rome,Tablet,8.11,1.7,28.45,1414.87,YES,YES,TRUE
3484,87,6206,199.13,24,5,0.0575,1614,8.3,11/15/2024,Riyad,Tablet,8.11,2.29,39.83,1414.87,YES,YES,TRUE
3485,111,3119,199.13,10,7,0.0631,1614,19.91,11/23/2024,Riyad,Tablet,8.11,1.79,28.45,1414.87,YES,YES,TRUE
3486,133,6094,199.13,15,6,0.0451,1614,13.28,11/25/2024,Rome,Mobile,8.11,1.5,33.19,1414.87,YES,YES,FALSE
3487,78,3315,199.13,12,3,0.0385,1614,16.59,20-11-2024,Tokyo,Tablet,8.11,2.55,66.38,1414.87,YES,YES,FALSE
3488,89,5466,199.13,11,4,0.0449,1614,18.1,11/9/2024,Rome,Tablet,8.11,2.24,49.78,1414.87,YES,YES,FALSE
3489,151,4801,199.13,14,6,0.0397,1614,14.22,11/9/2024,Cairo,Desktop,8.11,1.32,33.19,1414.87,YES,YES,FALSE
3490,82,3115,199.13,23,9,0.1098,1614,8.66,11/13/2024,Tokyo,Mobile,8.11,2.43,22.13,1414.87,YES,YES,TRUE
3491,90,4261,199.13,22,10,0.1111,1614,9.05,4/11/2024,Cairo,Desktop,8.11,2.21,19.91,1414.87,YES,YES,TRUE
3492,72,3211,199.13,18,7,0.0972,1614,11.06,11/20/2024,Tokyo,Tablet,8.11,2.77,28.45,1414.87,YES,YES,TRUE
3493,161,3499,199.13,15,8,0.0497,1614,13.28,11/25/2024,Baghdad,Mobile,8.11,1.24,24.89,1414.87,YES,YES,TRUE
3494,143,4631,199.13,15,7,0.049,1614,13.28,11/25/2024,Rome,Mobile,8.11,1.39,28.45,1414.87,YES,YES,FALSE
3495,162,5419,199.13,24,6,0.037,1614,8.3,11/5/2024,Paris,Desktop,8.11,1.23,33.19,1414.87,YES,YES,FALSE
3496,125,5425,199.13,25,9,0.072,1614,7.97,11/25/2024,Tokyo,Mobile,8.11,1.59,22.13,1414.87,YES,YES,TRUE
3497,124,5929,199.13,13,6,0.0484,1614,15.32,11/25/2024,Rome,Mobile,8.11,1.61,33.19,1414.87,YES,YES,FALSE
3498,103,4849,199.13,28,5,0.0485,1614,7.11,15-11-2024,Paris,Mobile,8.11,1.93,39.83,1414.87,YES,YES,FALSE
3499,99,6537,199.13,31,6,0.0606,1614,6.42,11/15/2024,Riyad,Tablet,8.11,2.01,33.19,1414.87,YES,YES,TRUE
3500,109,4681,199.13,14,7,0.0642,1614,14.22,11/16/2024,London,Desktop,8.11,1.83,28.45,1414.87,YES,YES,TRUE
3501,124,3690,199.13,11,11,0.0887,1614,18.1,11/9/2024,Cairo,Desktop,8.11,1.61,18.1,1414.87,YES,YES,TRUE
3502,158,3813,199.13,23,8,0.0506,1614,8.66,17-11-2024,Rome,Mobile,8.11,1.26,24.89,1414.87,YES,YES,TRUE
3503,131,3557,199.13,12,7,0.0534,1614,16.59,11/23/2024,Riyad,Tablet,8.11,1.52,28.45,1414.87,YES,YES,TRUE
3504,101,5667,199.13,23,7,0.0693,1614,8.66,11/29/2024,Cairo,Desktop,8.11,1.97,28.45,1414.87,YES,YES,TRUE
3505,129,4640,199.13,20,7,0.0543,1614,9.96,11/5/2024,Tokyo,Desktop,8.11,1.54,28.45,1414.87,YES,YES,TRUE
3506,153,3966,199.13,17,11,0.0719,1614,11.71,11/26/2024,Tokyo,Mobile,8.11,1.3,18.1,1414.87,YES,YES,TRUE
3507,110,5859,199.13,15,8,0.0727,1614,13.28,1/11/2024,Tokyo,Desktop,8.11,1.81,24.89,1414.87,YES,YES,TRUE
3508,104,4745,199.13,15,10,0.0962,1614,13.28,1/11/2024,Tokyo,Desktop,8.11,1.91,19.91,1414.87,YES,YES,TRUE
3509,124,4030,199.13,28,11,0.0887,1614,7.11,11/20/2024,Cairo,Tablet,8.11,1.61,18.1,1414.87,YES,YES,TRUE
3510,165,4692,199.13,12,9,0.0545,1614,16.59,27-11-2024,Cairo,Mobile,8.11,1.21,22.13,1414.87,YES,YES,TRUE
3511,151,4807,199.13,23,3,0.0199,1614,8.66,11/8/2024,Baghdad,Mobile,8.11,1.32,66.38,1414.87,YES,YES,FALSE
3512,182,4252,199.13,22,3,0.0165,1614,9.05,11/24/2024,Beyrouth,Tablet,8.11,1.09,66.38,1414.87,YES,YES,FALSE
3513,129,4640,199.13,20,7,0.0543,1614,9.96,11/5/2024,Tokyo,Desktop,8.11,1.54,28.45,1414.87,YES,YES,TRUE
3514,118,6049,199.13,31,7,0.0593,1614,6.42,11/20/2024,Tokyo,Desktop,8.11,1.69,28.45,1414.87,YES,YES,TRUE
3515,150,3123,199.13,24,8,0.0533,1614,8.3,11/12/2024,Rome,Mobile,8.11,1.33,24.89,1414.87,YES,YES,TRUE
3516,192,4891,199.13,15,8,0.0417,1614,13.28,16-11-2024,Baghdad,Tablet,8.11,1.04,24.89,1414.87,YES,YES,FALSE
3517,111,3930,199.13,25,6,0.0541,1614,7.97,11/14/2024,Paris,Desktop,8.11,1.79,33.19,1414.87,YES,YES,TRUE
3518,124,5503,199.13,19,9,0.0726,1614,10.48,11/8/2024,Baghdad,Desktop,8.11,1.61,22.13,1414.87,YES,YES,TRUE
3519,187,5820,199.13,23,9,0.0481,1614,8.66,11/7/2024,Riyad,Tablet,8.11,1.06,22.13,1414.87,YES,YES,FALSE
3520,152,3187,199.13,27,9,0.0592,1614,7.38,11/12/2024,Rome,Mobile,8.11,1.31,22.13,1414.87,YES,YES,TRUE
3521,126,6087,199.13,17,3,0.0238,1614,11.71,11/23/2024,Tokyo,Mobile,8.11,1.58,66.38,1414.87,YES,YES,FALSE
3522,171,3469,199.13,16,11,0.0643,1614,12.45,11/25/2024,Baghdad,Mobile,8.11,1.16,18.1,1414.87,YES,YES,TRUE
3523,113,5007,199.13,25,8,0.0708,1614,7.97,11/5/2024,Rome,Tablet,8.11,1.76,24.89,1414.87,YES,YES,TRUE
3524,154,4712,199.13,20,7,0.0455,1614,9.96,16-11-2024,Baghdad,Tablet,8.11,1.29,28.45,1414.87,YES,YES,FALSE
3525,91,6322,199.13,10,6,0.0659,1614,19.91,16-11-2024,Tokyo,Mobile,8.11,2.19,33.19,1414.87,YES,YES,TRUE
3526,173,5096,199.13,28,8,0.0462,1614,7.11,11/11/2024,Baghdad,Tablet,8.11,1.15,24.89,1414.87,YES,YES,FALSE
3527,214,4693,199.13,23,3,0.014,1614,8.66,11/25/2024,Riyad,Tablet,8.11,0.93,66.38,1414.87,YES,YES,FALSE
3528,173,3989,199.13,24,9,0.052,1614,8.3,11/24/2024,Baghdad,Mobile,8.11,1.15,22.13,1414.87,YES,YES,TRUE
3529,185,5325,199.13,14,6,0.0324,1614,14.22,11/2/2024,Riyad,Desktop,8.11,1.08,33.19,1414.87,YES,YES,FALSE
3530,91,4821,199.13,12,5,0.0549,1614,16.59,11/9/2024,Rome,Tablet,8.11,2.19,39.83,1414.87,YES,YES,TRUE
3531,171,4043,199.13,15,4,0.0234,1614,13.28,11/8/2024,Tokyo,Tablet,8.11,1.16,49.78,1414.87,YES,YES,FALSE
3532,81,3054,199.13,25,8,0.0988,1614,7.97,11/20/2024,Tokyo,Tablet,8.11,2.46,24.89,1414.87,YES,YES,TRUE
3533,90,4428,199.13,23,10,0.1111,1614,8.66,11/5/2024,Rome,Desktop,8.11,2.21,19.91,1414.87,YES,YES,TRUE
3534,164,3990,199.13,9,9,0.0549,1614,22.13,11/21/2024,Paris,Tablet,8.11,1.21,22.13,1414.87,YES,YES,TRUE
3535,129,6370,199.13,23,7,0.0543,1614,8.66,11/25/2024,Tokyo,Mobile,8.11,1.54,28.45,1414.87,YES,YES,TRUE
3536,192,5674,199.13,27,5,0.026,1614,7.38,30-11-2024,Tokyo,Tablet,8.11,1.04,39.83,1414.87,YES,YES,FALSE
3537,167,5021,199.13,25,6,0.0359,1614,7.97,11/11/2024,Baghdad,Tablet,8.11,1.19,33.19,1414.87,YES,YES,FALSE
3538,68,3488,199.13,21,9,0.1324,1614,9.48,11/13/2024,Tokyo,Mobile,8.11,2.93,22.13,1414.87,YES,YES,TRUE
3539,200,4357,199.13,13,8,0.04,1614,15.32,27-11-2024,Cairo,Mobile,8.11,1,24.89,1414.87,YES,YES,FALSE
3540,135,5164,199.13,21,5,0.037,1614,9.48,11/1/2024,Riyad,Tablet,8.11,1.48,39.83,1414.87,YES,YES,FALSE
3541,196,4788,199.13,31,8,0.0408,1614,6.42,11/28/2024,Rome,Mobile,8.11,1.02,24.89,1414.87,YES,YES,FALSE
3542,162,3986,199.13,14,8,0.0494,1614,14.22,11/14/2024,Riyad,Desktop,8.11,1.23,24.89,1414.87,YES,YES,FALSE
3543,84,5550,199.13,26,10,0.119,1614,7.66,11/16/2024,Beyrouth,Tablet,8.11,2.37,19.91,1414.87,YES,YES,TRUE
3544,155,6284,199.13,19,4,0.0258,1614,10.48,11/11/2024,Paris,Desktop,8.11,1.28,49.78,1414.87,YES,YES,FALSE
3545,126,4738,199.13,24,6,0.0476,1614,8.3,11/20/2024,Tokyo,Desktop,8.11,1.58,33.19,1414.87,YES,YES,FALSE
3546,102,3444,199.13,12,6,0.0588,1614,16.59,11/23/2024,Riyad,Tablet,8.11,1.95,33.19,1414.87,YES,YES,TRUE
3547,165,2816,199.13,25,7,0.0424,1614,7.97,11/4/2024,Cairo,Tablet,8.11,1.21,28.45,1414.87,YES,YES,FALSE
3548,80,4010,199.13,22,4,0.05,1614,9.05,12/11/2024,Tokyo,Tablet,8.11,2.49,49.78,1414.87,YES,YES,TRUE
3549,110,4270,199.13,18,3,0.0273,1614,11.06,21-11-2024,Baghdad,Desktop,8.11,1.81,66.38,1414.87,YES,YES,FALSE
3550,175,4638,199.13,25,7,0.04,1614,7.97,11/11/2024,Baghdad,Tablet,8.11,1.14,28.45,1414.87,YES,YES,FALSE
3551,220,6101,199.13,25,5,0.0227,1614,7.97,11/12/2024,Baghdad,Mobile,8.11,0.91,39.83,1414.87,YES,YES,FALSE
3552,134,5510,199.13,26,3,0.0224,1614,7.66,11/8/2024,Baghdad,Mobile,8.11,1.49,66.38,1414.87,YES,YES,FALSE
3553,198,3928,199.13,8,8,0.0404,1614,24.89,16-11-2024,Riyad,Mobile,8.11,1.01,24.89,1414.87,YES,YES,FALSE
3554,98,5198,199.13,26,4,0.0408,1614,7.66,15-11-2024,Paris,Mobile,8.11,2.03,49.78,1414.87,YES,YES,FALSE
3555,101,5433,199.13,17,10,0.099,1614,11.71,1/11/2024,Tokyo,Desktop,8.11,1.97,19.91,1414.87,YES,YES,TRUE
3556,143,3636,199.13,21,8,0.0559,1614,9.48,17-11-2024,Rome,Mobile,8.11,1.39,24.89,1414.87,YES,YES,TRUE
3557,148,4192,199.13,28,6,0.0405,1614,7.11,3/11/2024,Riyad,Tablet,8.11,1.35,33.19,1414.87,YES,YES,FALSE
3558,105,3421,199.13,28,11,0.1048,1614,7.11,23-11-2024,Cairo,Desktop,8.11,1.9,18.1,1414.87,YES,YES,TRUE
3559,153,3446,199.13,15,6,0.0392,1614,13.28,11/26/2024,Baghdad,Tablet,8.11,1.3,33.19,1414.87,YES,YES,FALSE
3560,104,5785,199.13,11,9,0.0865,1614,18.1,11/3/2024,Rome,Tablet,8.11,1.91,22.13,1414.87,YES,YES,TRUE
3561,102,5497,199.13,24,9,0.0882,1614,8.3,11/12/2024,Tokyo,Mobile,8.11,1.95,22.13,1414.87,YES,YES,TRUE
3562,113,4980,199.13,28,10,0.0885,1614,7.11,11/9/2024,Paris,Mobile,8.11,1.76,19.91,1414.87,YES,YES,TRUE
3563,178,3941,199.13,16,8,0.0449,1614,12.45,11/14/2024,Riyad,Desktop,8.11,1.12,24.89,1414.87,YES,YES,FALSE
3564,135,4394,199.13,28,7,0.0519,1614,7.11,3/11/2024,Riyad,Tablet,8.11,1.48,28.45,1414.87,YES,YES,TRUE
3565,186,3922,199.13,10,9,0.0484,1614,19.91,16-11-2024,Riyad,Mobile,8.11,1.07,22.13,1414.87,YES,YES,FALSE
3566,166,5893,199.13,11,8,0.0482,1614,18.1,11/7/2024,Tokyo,Desktop,8.11,1.2,24.89,1414.87,YES,YES,FALSE
3567,99,3001,199.13,24,12,0.1212,1614,8.3,23-11-2024,Cairo,Desktop,8.11,2.01,16.59,1414.87,YES,YES,TRUE
3568,97,3262,199.13,29,7,0.0722,1614,6.87,26-11-2024,Baghdad,Desktop,8.11,2.05,28.45,1414.87,YES,YES,TRUE
3569,117,5306,199.13,16,9,0.0769,1614,12.45,11/2/2024,Tokyo,Desktop,8.11,1.7,22.13,1414.87,YES,YES,TRUE
3570,135,5674,199.13,16,9,0.0667,1614,12.45,11/26/2024,Baghdad,Tablet,8.11,1.48,22.13,1414.87,YES,YES,TRUE
3571,158,4644,199.13,28,6,0.038,1614,7.11,3/11/2024,Riyad,Tablet,8.11,1.26,33.19,1414.87,YES,YES,FALSE
3572,115,4940,199.13,28,6,0.0522,1614,7.11,11/20/2024,Tokyo,Desktop,8.11,1.73,33.19,1414.87,YES,YES,TRUE
3573,95,3399,199.13,31,10,0.1053,1614,6.42,23-11-2024,Cairo,Desktop,8.11,2.1,19.91,1414.87,YES,YES,TRUE
3574,147,4735,199.13,15,6,0.0408,1614,13.28,11/9/2024,Cairo,Desktop,8.11,1.35,33.19,1414.87,YES,YES,FALSE
3575,178,6459,199.13,12,6,0.0337,1614,16.59,11/2/2024,Riyad,Desktop,8.11,1.12,33.19,1414.87,YES,YES,FALSE
3576,177,4631,199.13,15,4,0.0226,1614,13.28,11/8/2024,Tokyo,Tablet,8.11,1.13,49.78,1414.87,YES,YES,FALSE
3577,177,4217,199.13,26,7,0.0395,1614,7.66,11/8/2024,Paris,Tablet,8.11,1.13,28.45,1414.87,YES,YES,FALSE
3578,140,4190,199.13,13,6,0.0429,1614,15.32,11/5/2024,Baghdad,Desktop,8.11,1.42,33.19,1414.87,YES,YES,FALSE
3579,101,4968,199.13,16,10,0.099,1614,12.45,11/26/2024,Baghdad,Tablet,8.11,1.97,19.91,1414.87,YES,YES,TRUE
3580,102,3969,199.13,24,7,0.0686,1614,8.3,11/14/2024,Paris,Desktop,8.11,1.95,28.45,1414.87,YES,YES,TRUE
3581,83,5599,199.13,10,4,0.0482,1614,19.91,11/9/2024,Rome,Tablet,8.11,2.4,49.78,1414.87,YES,YES,FALSE
3582,123,5612,199.13,14,6,0.0488,1614,14.22,11/25/2024,Rome,Mobile,8.11,1.62,33.19,1414.87,YES,YES,FALSE
3583,101,4100,199.13,12,3,0.0297,1614,16.59,20-11-2024,Tokyo,Tablet,8.11,1.97,66.38,1414.87,YES,YES,FALSE
3584,137,5426,199.13,15,6,0.0438,1614,13.28,11/25/2024,Rome,Mobile,8.11,1.45,33.19,1414.87,YES,YES,FALSE
3585,202,5607,199.13,28,5,0.0248,1614,7.11,30-11-2024,Tokyo,Tablet,8.11,0.99,39.83,1414.87,YES,YES,FALSE
3586,110,4541,199.13,25,6,0.0545,1614,7.97,11/14/2024,Paris,Desktop,8.11,1.81,33.19,1414.87,YES,YES,TRUE
3587,88,4255,199.13,28,9,0.1023,1614,7.11,11/16/2024,Beyrouth,Tablet,8.11,2.26,22.13,1414.87,YES,YES,TRUE
3588,107,6097,199.13,24,9,0.0841,1614,8.3,11/25/2024,Tokyo,Mobile,8.11,1.86,22.13,1414.87,YES,YES,TRUE
3589,120,4010,199.13,18,5,0.0417,1614,11.06,11/28/2024,Riyad,Tablet,8.11,1.66,39.83,1414.87,YES,YES,FALSE
3590,205,6365,199.13,23,7,0.0341,1614,8.66,1/11/2024,Paris,Tablet,8.11,0.97,28.45,1414.87,YES,YES,FALSE
3591,199,3097,199.13,21,7,0.0352,1614,9.48,11/4/2024,Cairo,Tablet,8.11,1,28.45,1414.87,YES,YES,FALSE
3592,99,5189,199.13,19,6,0.0606,1614,10.48,14-11-2024,Tokyo,Desktop,8.11,2.01,33.19,1414.87,YES,YES,TRUE
3593,115,3797,199.13,32,10,0.087,1614,6.22,11/20/2024,Cairo,Tablet,8.11,1.73,19.91,1414.87,YES,YES,TRUE
3594,125,5287,199.13,19,5,0.04,1614,10.48,9/11/2024,Tokyo,Mobile,8.11,1.59,39.83,1414.87,YES,YES,FALSE
3595,104,3068,199.13,27,10,0.0962,1614,7.38,23-11-2024,Cairo,Desktop,8.11,1.91,19.91,1414.87,YES,YES,TRUE
3596,85,6533,199.13,23,9,0.1059,1614,8.66,20-11-2024,Riyad,Tablet,8.11,2.34,22.13,1414.87,YES,YES,TRUE
3597,120,5174,199.13,16,10,0.0833,1614,12.45,11/26/2024,Baghdad,Tablet,8.11,1.66,19.91,1414.87,YES,YES,TRUE
3598,101,5014,199.13,19,6,0.0594,1614,10.48,14-11-2024,Tokyo,Desktop,8.11,1.97,33.19,1414.87,YES,YES,TRUE
3599,154,5354,199.13,26,9,0.0584,1614,7.66,11/24/2024,Baghdad,Mobile,8.11,1.29,22.13,1414.87,YES,YES,TRUE
3600,104,3284,199.13,19,3,0.0288,1614,10.48,11/27/2024,Canberra,Desktop,8.11,1.91,66.38,1414.87,YES,YES,FALSE
3601,108,4440,199.13,24,5,0.0463,1614,8.3,15-11-2024,Paris,Mobile,8.11,1.84,39.83,1414.87,YES,YES,FALSE
3602,129,4182,199.13,18,6,0.0465,1614,11.06,6/11/2024,Paris,Tablet,8.11,1.54,33.19,1414.87,YES,YES,FALSE
3603,132,4212,199.13,24,10,0.0758,1614,8.3,11/20/2024,Cairo,Tablet,8.11,1.51,19.91,1414.87,YES,YES,TRUE
3604,116,5804,199.13,11,6,0.0517,1614,18.1,22-11-2024,Tokyo,Desktop,8.11,1.72,33.19,1414.87,YES,YES,TRUE
3605,213,4478,199.13,9,9,0.0423,1614,22.13,11/21/2024,Paris,Tablet,8.11,0.93,22.13,1414.87,YES,YES,FALSE
3606,172,5646,199.13,9,9,0.0523,1614,22.13,20-11-2024,Rome,Mobile,8.11,1.16,22.13,1414.87,YES,YES,TRUE
3607,189,6416,199.13,14,6,0.0317,1614,14.22,11/2/2024,Riyad,Desktop,8.11,1.05,33.19,1414.87,YES,YES,FALSE
3608,108,6073,199.13,12,9,0.0833,1614,16.59,11/3/2024,Rome,Tablet,8.11,1.84,22.13,1414.87,YES,YES,TRUE
3609,80,4935,199.13,22,7,0.0875,1614,9.05,30-11-2024,Rome,Mobile,8.11,2.49,28.45,1414.87,YES,YES,TRUE
3610,184,3939,199.13,9,8,0.0435,1614,22.13,16-11-2024,Riyad,Mobile,8.11,1.08,24.89,1414.87,YES,YES,FALSE
3611,87,5586,199.13,15,9,0.1034,1614,13.28,1/11/2024,Tokyo,Desktop,8.11,2.29,22.13,1414.87,YES,YES,TRUE
3612,208,5039,199.13,25,3,0.0144,1614,7.97,11/25/2024,Riyad,Tablet,8.11,0.96,66.38,1414.87,YES,YES,FALSE
3613,137,5441,199.13,20,8,0.0584,1614,9.96,18-11-2024,Baghdad,Desktop,8.11,1.45,24.89,1414.87,YES,YES,TRUE
3614,117,3639,199.13,17,3,0.0256,1614,11.71,11/27/2024,Canberra,Desktop,8.11,1.7,66.38,1414.87,YES,YES,FALSE
3615,164,4240,199.13,10,9,0.0549,1614,19.91,11/4/2024,Cairo,Desktop,8.11,1.21,22.13,1414.87,YES,YES,TRUE
3616,117,5190,199.13,15,11,0.094,1614,13.28,11/2/2024,Tokyo,Desktop,8.11,1.7,18.1,1414.87,YES,YES,TRUE
3617,216,5561,199.13,27,3,0.0139,1614,7.38,11/25/2024,Riyad,Tablet,8.11,0.92,66.38,1414.87,YES,YES,FALSE
3618,174,4201,199.13,18,8,0.046,1614,11.06,12/11/2024,Cairo,Mobile,8.11,1.14,24.89,1414.87,YES,YES,FALSE
3619,94,4214,199.13,19,11,0.117,1614,10.48,11/20/2024,Riyad,Tablet,8.11,2.12,18.1,1414.87,YES,YES,TRUE
3620,82,4407,199.13,23,9,0.1098,1614,8.66,4/11/2024,Cairo,Desktop,8.11,2.43,22.13,1414.87,YES,YES,TRUE
3621,88,5690,199.13,25,10,0.1136,1614,7.97,20-11-2024,Riyad,Tablet,8.11,2.26,19.91,1414.87,YES,YES,TRUE
3622,181,4690,199.13,28,8,0.0442,1614,7.11,11/28/2024,Rome,Mobile,8.11,1.1,24.89,1414.87,YES,YES,FALSE
3623,180,5240,199.13,21,7,0.0389,1614,9.48,11/3/2024,Tokyo,Tablet,8.11,1.11,28.45,1414.87,YES,YES,FALSE
3624,159,5161,199.13,27,9,0.0566,1614,7.38,11/28/2024,Rome,Mobile,8.11,1.25,22.13,1414.87,YES,YES,TRUE
3625,150,4733,199.13,21,8,0.0533,1614,9.48,12/11/2024,Cairo,Mobile,8.11,1.33,24.89,1414.87,YES,YES,TRUE
3626,83,3286,199.13,18,9,0.1084,1614,11.06,11/13/2024,Tokyo,Mobile,8.11,2.4,22.13,1414.87,YES,YES,TRUE
3627,193,3762,199.13,30,8,0.0415,1614,6.64,11/8/2024,Paris,Tablet,8.11,1.03,24.89,1414.87,YES,YES,FALSE
3628,205,3638,199.13,11,7,0.0341,1614,18.1,12/11/2024,Paris,Mobile,8.11,0.97,28.45,1414.87,YES,YES,FALSE
3629,175,3508,199.13,25,8,0.0457,1614,7.97,11/12/2024,Rome,Mobile,8.11,1.14,24.89,1414.87,YES,YES,FALSE
3630,118,3160,199.13,21,5,0.0424,1614,9.48,11/7/2024,Paris,Mobile,8.11,1.69,39.83,1414.87,YES,YES,FALSE
3631,124,3287,199.13,16,3,0.0242,1614,12.45,11/27/2024,Canberra,Desktop,8.11,1.61,66.38,1414.87,YES,YES,FALSE
3632,105,5884,199.13,10,5,0.0476,1614,19.91,16-11-2024,Tokyo,Mobile,8.11,1.9,39.83,1414.87,YES,YES,FALSE
3633,204,5367,199.13,25,3,0.0147,1614,7.97,11/24/2024,Beyrouth,Tablet,8.11,0.98,66.38,1414.87,YES,YES,FALSE
3634,99,4465,199.13,18,4,0.0404,1614,11.06,6/11/2024,Paris,Tablet,8.11,2.01,49.78,1414.87,YES,YES,FALSE
3635,129,4640,199.13,20,7,0.0543,1614,9.96,11/5/2024,Tokyo,Desktop,8.11,1.54,28.45,1414.87,YES,YES,TRUE
3636,102,5005,199.13,27,4,0.0392,1614,7.38,11/24/2024,London,Tablet,8.11,1.95,49.78,1414.87,YES,YES,FALSE
3637,209,6094,199.13,22,3,0.0144,1614,9.05,11/24/2024,Beyrouth,Tablet,8.11,0.95,66.38,1414.87,YES,YES,FALSE
3638,145,3113,199.13,18,6,0.0414,1614,11.06,11/26/2024,Baghdad,Tablet,8.11,1.37,33.19,1414.87,YES,YES,FALSE
3639,184,3803,199.13,10,7,0.038,1614,19.91,12/11/2024,Paris,Mobile,8.11,1.08,28.45,1414.87,YES,YES,FALSE
3640,113,5169,199.13,15,9,0.0796,1614,13.28,11/26/2024,Baghdad,Tablet,8.11,1.76,22.13,1414.87,YES,YES,TRUE
3641,133,4529,199.13,27,8,0.0602,1614,7.38,11/28/2024,Rome,Mobile,8.11,1.5,24.89,1414.87,YES,YES,TRUE
3642,137,4624,199.13,16,6,0.0438,1614,12.45,11/9/2024,Cairo,Desktop,8.11,1.45,33.19,1414.87,YES,YES,FALSE
3643,144,5138,199.13,20,9,0.0625,1614,9.96,18-11-2024,Baghdad,Desktop,8.11,1.38,22.13,1414.87,YES,YES,TRUE
3644,121,5037,199.13,26,4,0.0331,1614,7.66,11/24/2024,London,Tablet,8.11,1.65,49.78,1414.87,YES,YES,FALSE
3645,73,5540,199.13,12,6,0.0822,1614,16.59,11/9/2024,Rome,Tablet,8.11,2.73,33.19,1414.87,YES,YES,TRUE
3646,138,2765,199.13,17,7,0.0507,1614,11.71,11/26/2024,Baghdad,Tablet,8.11,1.44,28.45,1414.87,YES,YES,TRUE
3647,200,4124,199.13,25,7,0.035,1614,7.97,23-11-2024,Baghdad,Mobile,8.11,1,28.45,1414.87,YES,YES,FALSE
3648,99,4542,199.13,29,7,0.0707,1614,6.87,11/14/2024,Paris,Desktop,8.11,2.01,28.45,1414.87,YES,YES,TRUE
3649,179,6146,199.13,14,6,0.0335,1614,14.22,11/2/2024,Riyad,Desktop,8.11,1.11,33.19,1414.87,YES,YES,FALSE
3650,114,4361,199.13,11,5,0.0439,1614,18.1,22-11-2024,Tokyo,Desktop,8.11,1.75,39.83,1414.87,YES,YES,FALSE
3651,132,3525,199.13,28,9,0.0682,1614,7.11,11/20/2024,Cairo,Tablet,8.11,1.51,22.13,1414.87,YES,YES,TRUE
3652,193,6426,199.13,27,7,0.0363,1614,7.38,1/11/2024,Paris,Tablet,8.11,1.03,28.45,1414.87,YES,YES,FALSE
3653,155,4416,199.13,14,9,0.0581,1614,14.22,11/25/2024,Baghdad,Mobile,8.11,1.28,22.13,1414.87,YES,YES,TRUE
3654,155,5482,199.13,23,4,0.0258,1614,8.66,11/1/2024,Riyad,Tablet,8.11,1.28,49.78,1414.87,YES,YES,FALSE
3655,161,3255,199.13,22,7,0.0435,1614,9.05,11/4/2024,Cairo,Tablet,8.11,1.24,28.45,1414.87,YES,YES,FALSE
3656,110,4450,199.13,28,7,0.0636,1614,7.11,11/14/2024,Paris,Desktop,8.11,1.81,28.45,1414.87,YES,YES,TRUE
3657,105,4536,199.13,30,5,0.0476,1614,6.64,15-11-2024,Paris,Mobile,8.11,1.9,39.83,1414.87,YES,YES,FALSE
3658,178,3245,199.13,21,7,0.0393,1614,9.48,11/4/2024,Cairo,Tablet,8.11,1.12,28.45,1414.87,YES,YES,FALSE
3659,129,5116,199.13,24,9,0.0698,1614,8.3,11/25/2024,Tokyo,Mobile,8.11,1.54,22.13,1414.87,YES,YES,TRUE
3660,202,4659,199.13,15,9,0.0446,1614,13.28,11/10/2024,Riyad,Mobile,8.11,0.99,22.13,1414.87,YES,YES,FALSE
3661,133,4583,199.13,23,3,0.0226,1614,8.66,11/8/2024,Baghdad,Mobile,8.11,1.5,66.38,1414.87,YES,YES,FALSE
3662,117,4830,199.13,19,6,0.0513,1614,10.48,6/11/2024,Paris,Tablet,8.11,1.7,33.19,1414.87,YES,YES,TRUE
3663,167,4411,199.13,20,9,0.0539,1614,9.96,12/11/2024,Cairo,Mobile,8.11,1.19,22.13,1414.87,YES,YES,TRUE
3664,105,4454,199.13,26,9,0.0857,1614,7.66,11/9/2024,Paris,Mobile,8.11,1.9,22.13,1414.87,YES,YES,TRUE
3665,128,5423,199.13,15,6,0.0469,1614,13.28,11/25/2024,Rome,Mobile,8.11,1.56,33.19,1414.87,YES,YES,FALSE
3666,85,4870,199.13,10,5,0.0588,1614,19.91,11/9/2024,Rome,Tablet,8.11,2.34,39.83,1414.87,YES,YES,TRUE
3667,118,5037,199.13,17,10,0.0847,1614,11.71,11/2/2024,Tokyo,Desktop,8.11,1.69,19.91,1414.87,YES,YES,TRUE
3668,98,4199,199.13,26,11,0.1122,1614,7.66,11/9/2024,Paris,Mobile,8.11,2.03,18.1,1414.87,YES,YES,TRUE
3669,114,4847,199.13,23,8,0.0702,1614,8.66,11/29/2024,Cairo,Desktop,8.11,1.75,24.89,1414.87,YES,YES,TRUE
3670,120,4055,199.13,29,4,0.0333,1614,6.87,11/8/2024,Rome,Mobile,8.11,1.66,49.78,1414.87,YES,YES,FALSE
3671,94,3396,199.13,13,3,0.0319,1614,15.32,20-11-2024,Tokyo,Tablet,8.11,2.12,66.38,1414.87,YES,YES,FALSE
3672,121,5681,199.13,15,6,0.0496,1614,13.28,11/25/2024,Rome,Mobile,8.11,1.65,33.19,1414.87,YES,YES,FALSE
3673,117,3466,199.13,27,7,0.0598,1614,7.38,11/19/2024,Rome,Desktop,8.11,1.7,28.45,1414.87,YES,YES,TRUE
3674,136,4431,199.13,21,3,0.0221,1614,9.48,11/16/2024,Cairo,Desktop,8.11,1.46,66.38,1414.87,YES,YES,FALSE
3675,190,5378,199.13,18,7,0.0368,1614,11.06,11/3/2024,Tokyo,Tablet,8.11,1.05,28.45,1414.87,YES,YES,FALSE
3676,115,4238,199.13,18,5,0.0435,1614,11.06,11/28/2024,Riyad,Tablet,8.11,1.73,39.83,1414.87,YES,YES,FALSE
3677,132,4554,199.13,19,3,0.0227,1614,10.48,11/16/2024,Cairo,Desktop,8.11,1.51,66.38,1414.87,YES,YES,FALSE
3678,97,4642,199.13,12,6,0.0619,1614,16.59,11/5/2024,Cairo,Desktop,8.11,2.05,33.19,1414.87,YES,YES,TRUE
3679,174,4341,199.13,22,3,0.0172,1614,9.05,11/23/2024,Rome,Desktop,8.11,1.14,66.38,1414.87,YES,YES,FALSE
3680,167,6358,199.13,13,5,0.0299,1614,15.32,11/2/2024,Riyad,Desktop,8.11,1.19,39.83,1414.87,YES,YES,FALSE
3681,197,5180,199.13,20,2,0.0102,1614,9.96,11/24/2024,Beyrouth,Tablet,8.11,1.01,99.56,1414.87,YES,YES,FALSE
3682,166,5645,199.13,12,7,0.0422,1614,16.59,11/2/2024,Riyad,Desktop,8.11,1.2,28.45,1414.87,YES,YES,FALSE
3683,111,4805,199.13,23,10,0.0901,1614,8.66,11/5/2024,Rome,Desktop,8.11,1.79,19.91,1414.87,YES,YES,TRUE
3684,179,4170,199.13,10,10,0.0559,1614,19.91,11/21/2024,Paris,Tablet,8.11,1.11,19.91,1414.87,YES,YES,TRUE
3685,113,5028,199.13,10,5,0.0442,1614,19.91,22-11-2024,Tokyo,Desktop,8.11,1.76,39.83,1414.87,YES,YES,FALSE
3686,136,3779,199.13,31,5,0.0368,1614,6.42,11/8/2024,Rome,Mobile,8.11,1.46,39.83,1414.87,YES,YES,FALSE
3687,171,4567,199.13,29,8,0.0468,1614,6.87,11/8/2024,Paris,Tablet,8.11,1.16,24.89,1414.87,YES,YES,FALSE
3688,106,5281,199.13,26,5,0.0472,1614,7.66,15-11-2024,Paris,Mobile,8.11,1.88,39.83,1414.87,YES,YES,FALSE
3689,124,4529,199.13,19,3,0.0242,1614,10.48,11/16/2024,Cairo,Desktop,8.11,1.61,66.38,1414.87,YES,YES,FALSE
3690,106,4381,199.13,16,6,0.0566,1614,12.45,11/5/2024,Cairo,Desktop,8.11,1.88,33.19,1414.87,YES,YES,TRUE
3691,102,4625,199.13,21,8,0.0784,1614,9.48,11/20/2024,Riyad,Tablet,8.11,1.95,24.89,1414.87,YES,YES,TRUE
3692,100,3279,199.13,23,5,0.05,1614,8.66,11/22/2024,Beijin,Desktop,8.11,1.99,39.83,1414.87,YES,YES,TRUE
3693,86,2851,199.13,21,10,0.1163,1614,9.48,11/13/2024,Tokyo,Mobile,8.11,2.32,19.91,1414.87,YES,YES,TRUE
3694,129,4640,199.13,20,7,0.0543,1614,9.96,11/5/2024,Tokyo,Desktop,8.11,1.54,28.45,1414.87,YES,YES,TRUE
3695,192,5494,199.13,13,6,0.0312,1614,15.32,11/16/2024,Baghdad,Mobile,8.11,1.04,33.19,1414.87,YES,YES,FALSE
3696,101,2963,199.13,21,8,0.0792,1614,9.48,11/20/2024,Tokyo,Tablet,8.11,1.97,24.89,1414.87,YES,YES,TRUE
3697,85,3398,199.13,20,9,0.1059,1614,9.96,11/13/2024,Tokyo,Mobile,8.11,2.34,22.13,1414.87,YES,YES,TRUE
3698,119,6132,199.13,22,7,0.0588,1614,9.05,11/25/2024,Tokyo,Mobile,8.11,1.67,28.45,1414.87,YES,YES,TRUE
3699,123,4508,199.13,15,6,0.0488,1614,13.28,11/5/2024,Baghdad,Desktop,8.11,1.62,33.19,1414.87,YES,YES,FALSE
3700,115,5414,199.13,16,3,0.0261,1614,12.45,11/23/2024,Tokyo,Mobile,8.11,1.73,66.38,1414.87,YES,YES,FALSE
3701,108,4277,199.13,20,10,0.0926,1614,9.96,11/8/2024,Baghdad,Desktop,8.11,1.84,19.91,1414.87,YES,YES,TRUE
3702,189,6114,199.13,23,5,0.0265,1614,8.66,1/11/2024,Paris,Tablet,8.11,1.05,39.83,1414.87,YES,YES,FALSE
3703,181,5149,199.13,25,7,0.0387,1614,7.97,11/11/2024,Baghdad,Tablet,8.11,1.1,28.45,1414.87,YES,YES,FALSE
3704,102,5646,199.13,22,7,0.0686,1614,9.05,11/29/2024,Cairo,Desktop,8.11,1.95,28.45,1414.87,YES,YES,TRUE
3705,113,5793,199.13,18,9,0.0796,1614,11.06,11/8/2024,Baghdad,Desktop,8.11,1.76,22.13,1414.87,YES,YES,TRUE
3706,105,5513,199.13,24,9,0.0857,1614,8.3,20-11-2024,Riyad,Tablet,8.11,1.9,22.13,1414.87,YES,YES,TRUE
3707,220,2881,199.13,10,7,0.0318,1614,19.91,12/11/2024,Paris,Mobile,8.11,0.91,28.45,1414.87,YES,YES,FALSE
3708,194,5045,199.13,19,6,0.0309,1614,10.48,11/3/2024,Tokyo,Tablet,8.11,1.03,33.19,1414.87,YES,YES,FALSE
3709,114,5183,199.13,12,5,0.0439,1614,16.59,11/6/2024,Cairo,Mobile,8.11,1.75,39.83,1414.87,YES,YES,FALSE
3710,113,5027,199.13,21,9,0.0796,1614,9.48,11/8/2024,Baghdad,Desktop,8.11,1.76,22.13,1414.87,YES,YES,TRUE
3711,96,3643,199.13,24,10,0.1042,1614,8.3,4/11/2024,Cairo,Desktop,8.11,2.07,19.91,1414.87,YES,YES,TRUE
3712,106,4253,199.13,18,3,0.0283,1614,11.06,21-11-2024,Baghdad,Desktop,8.11,1.88,66.38,1414.87,YES,YES,FALSE
3713,82,3922,199.13,22,10,0.122,1614,9.05,4/11/2024,Cairo,Desktop,8.11,2.43,19.91,1414.87,YES,YES,TRUE
3714,176,4582,199.13,28,7,0.0398,1614,7.11,11/11/2024,Baghdad,Tablet,8.11,1.13,28.45,1414.87,YES,YES,FALSE
3715,199,5271,199.13,23,3,0.0151,1614,8.66,11/24/2024,Beyrouth,Tablet,8.11,1,66.38,1414.87,YES,YES,FALSE
3716,93,3106,199.13,24,9,0.0968,1614,8.3,23-11-2024,Cairo,Desktop,8.11,2.14,22.13,1414.87,YES,YES,TRUE
3717,111,4622,199.13,27,5,0.045,1614,7.38,15-11-2024,Paris,Mobile,8.11,1.79,39.83,1414.87,YES,YES,FALSE
3718,209,3547,199.13,10,10,0.0478,1614,19.91,16-11-2024,Riyad,Mobile,8.11,0.95,19.91,1414.87,YES,YES,FALSE
3719,102,4361,199.13,25,6,0.0588,1614,7.97,11/14/2024,Paris,Desktop,8.11,1.95,33.19,1414.87,YES,YES,TRUE
3720,145,3734,199.13,21,7,0.0483,1614,9.48,29-11-2024,Paris,Desktop,8.11,1.37,28.45,1414.87,YES,YES,FALSE
3721,103,5522,199.13,27,4,0.0388,1614,7.38,11/24/2024,London,Tablet,8.11,1.93,49.78,1414.87,YES,YES,FALSE
3722,129,4640,199.13,20,7,0.0543,1614,9.96,11/5/2024,Tokyo,Desktop,8.11,1.54,28.45,1414.87,YES,YES,TRUE
3723,117,5157,199.13,30,6,0.0513,1614,6.64,11/20/2024,Tokyo,Desktop,8.11,1.7,33.19,1414.87,YES,YES,TRUE
3724,183,5054,199.13,17,8,0.0437,1614,11.71,11/3/2024,Tokyo,Tablet,8.11,1.09,24.89,1414.87,YES,YES,FALSE
3725,192,5445,199.13,27,6,0.0312,1614,7.38,1/11/2024,Paris,Tablet,8.11,1.04,33.19,1414.87,YES,YES,FALSE
3726,106,5630,199.13,11,9,0.0849,1614,18.1,11/3/2024,Rome,Tablet,8.11,1.88,22.13,1414.87,YES,YES,TRUE
3727,97,3743,199.13,28,10,0.1031,1614,7.11,23-11-2024,Cairo,Desktop,8.11,2.05,19.91,1414.87,YES,YES,TRUE
3728,90,4263,199.13,26,8,0.0889,1614,7.66,11/5/2024,Rome,Desktop,8.11,2.21,24.89,1414.87,YES,YES,TRUE
3729,194,5604,199.13,24,5,0.0258,1614,8.3,30-11-2024,Tokyo,Tablet,8.11,1.03,39.83,1414.87,YES,YES,FALSE
3730,134,3318,199.13,26,6,0.0448,1614,7.66,11/19/2024,Rome,Desktop,8.11,1.49,33.19,1414.87,YES,YES,FALSE
3731,167,4569,199.13,29,8,0.0479,1614,6.87,11/28/2024,Rome,Mobile,8.11,1.19,24.89,1414.87,YES,YES,FALSE
3732,185,6360,199.13,22,4,0.0216,1614,9.05,11/11/2024,Paris,Desktop,8.11,1.08,49.78,1414.87,YES,YES,FALSE
3733,129,4119,199.13,13,6,0.0465,1614,15.32,11/5/2024,Baghdad,Desktop,8.11,1.54,33.19,1414.87,YES,YES,FALSE
3734,119,3125,199.13,16,6,0.0504,1614,12.45,11/26/2024,Baghdad,Tablet,8.11,1.67,33.19,1414.87,YES,YES,TRUE
3735,133,4500,199.13,30,4,0.0301,1614,6.64,11/8/2024,Rome,Mobile,8.11,1.5,49.78,1414.87,YES,YES,FALSE
3736,126,6804,199.13,28,6,0.0476,1614,7.11,11/15/2024,Riyad,Tablet,8.11,1.58,33.19,1414.87,YES,YES,FALSE
3737,141,5678,199.13,25,3,0.0213,1614,7.97,11/8/2024,Baghdad,Mobile,8.11,1.41,66.38,1414.87,YES,YES,FALSE
3738,95,3131,199.13,27,7,0.0737,1614,7.38,26-11-2024,Baghdad,Desktop,8.11,2.1,28.45,1414.87,YES,YES,TRUE
3739,203,5914,199.13,23,5,0.0246,1614,8.66,11/12/2024,Baghdad,Mobile,8.11,0.98,39.83,1414.87,YES,YES,FALSE
3740,128,5454,199.13,28,4,0.0312,1614,7.11,11/24/2024,London,Tablet,8.11,1.56,49.78,1414.87,YES,YES,FALSE
3741,127,5075,199.13,21,10,0.0787,1614,9.48,11/8/2024,Baghdad,Desktop,8.11,1.57,19.91,1414.87,YES,YES,TRUE
3742,110,3475,199.13,11,11,0.1,1614,18.1,11/9/2024,Cairo,Desktop,8.11,1.81,18.1,1414.87,YES,YES,TRUE
3743,100,6345,199.13,21,10,0.1,1614,9.48,20-11-2024,Riyad,Tablet,8.11,1.99,19.91,1414.87,YES,YES,TRUE
3744,116,6001,199.13,22,8,0.069,1614,9.05,20-11-2024,Riyad,Tablet,8.11,1.72,24.89,1414.87,YES,YES,TRUE
3745,115,3511,199.13,20,9,0.0783,1614,9.96,21-11-2024,Baghdad,Mobile,8.11,1.73,22.13,1414.87,YES,YES,TRUE
3746,103,3315,199.13,20,5,0.0485,1614,9.96,11/28/2024,Riyad,Tablet,8.11,1.93,39.83,1414.87,YES,YES,FALSE
3747,116,4970,199.13,17,11,0.0948,1614,11.71,11/26/2024,Baghdad,Tablet,8.11,1.72,18.1,1414.87,YES,YES,TRUE
3748,104,3194,199.13,30,10,0.0962,1614,6.64,11/20/2024,Cairo,Tablet,8.11,1.91,19.91,1414.87,YES,YES,TRUE
3749,182,4980,199.13,18,7,0.0385,1614,11.06,16-11-2024,Baghdad,Tablet,8.11,1.09,28.45,1414.87,YES,YES,FALSE
3750,129,4640,199.13,20,7,0.0543,1614,9.96,11/5/2024,Tokyo,Desktop,8.11,1.54,28.45,1414.87,YES,YES,TRUE
3751,151,4727,199.13,14,6,0.0397,1614,14.22,11/9/2024,Cairo,Desktop,8.11,1.32,33.19,1414.87,YES,YES,FALSE
3752,116,3749,199.13,17,3,0.0259,1614,11.71,11/27/2024,Canberra,Desktop,8.11,1.72,66.38,1414.87,YES,YES,FALSE
3753,176,5292,199.13,22,3,0.017,1614,9.05,11/24/2024,Beyrouth,Tablet,8.11,1.13,66.38,1414.87,YES,YES,FALSE
3754,125,4766,199.13,27,6,0.048,1614,7.38,11/14/2024,Paris,Desktop,8.11,1.59,33.19,1414.87,YES,YES,FALSE
3755,158,3486,199.13,15,11,0.0696,1614,13.28,11/25/2024,Baghdad,Mobile,8.11,1.26,18.1,1414.87,YES,YES,TRUE
3756,132,6269,199.13,23,9,0.0682,1614,8.66,11/10/2024,Cairo,Desktop,8.11,1.51,22.13,1414.87,YES,YES,TRUE
3757,153,5344,199.13,29,10,0.0654,1614,6.87,11/24/2024,Baghdad,Mobile,8.11,1.3,19.91,1414.87,YES,YES,TRUE
3758,86,3711,199.13,16,5,0.0581,1614,12.45,11/24/2024,Baghdad,Tablet,8.11,2.32,39.83,1414.87,YES,YES,TRUE
3759,86,5527,199.13,24,9,0.1047,1614,8.3,20-11-2024,Riyad,Tablet,8.11,2.32,22.13,1414.87,YES,YES,TRUE
3760,178,5804,199.13,20,7,0.0393,1614,9.96,11/3/2024,Tokyo,Tablet,8.11,1.12,28.45,1414.87,YES,YES,FALSE
3761,119,3523,199.13,18,10,0.084,1614,11.06,21-11-2024,Baghdad,Mobile,8.11,1.67,19.91,1414.87,YES,YES,TRUE
3762,99,4883,199.13,20,3,0.0303,1614,9.96,21-11-2024,Baghdad,Desktop,8.11,2.01,66.38,1414.87,YES,YES,FALSE
3763,160,5001,199.13,24,3,0.0188,1614,8.3,11/8/2024,Baghdad,Mobile,8.11,1.24,66.38,1414.87,YES,YES,FALSE
3764,95,5660,199.13,30,7,0.0737,1614,6.64,11/15/2024,Riyad,Tablet,8.11,2.1,28.45,1414.87,YES,YES,TRUE
3765,99,6714,199.13,25,6,0.0606,1614,7.97,11/15/2024,Riyad,Tablet,8.11,2.01,33.19,1414.87,YES,YES,TRUE
3766,92,3595,199.13,18,5,0.0543,1614,11.06,11/24/2024,Baghdad,Tablet,8.11,2.16,39.83,1414.87,YES,YES,TRUE
3767,118,5133,199.13,25,5,0.0424,1614,7.97,15-11-2024,Paris,Mobile,8.11,1.69,39.83,1414.87,YES,YES,FALSE
3768,209,3152,199.13,20,3,0.0144,1614,9.96,11/11/2024,Baghdad,Mobile,8.11,0.95,66.38,1414.87,YES,YES,FALSE
3769,129,2720,199.13,18,6,0.0465,1614,11.06,11/7/2024,Paris,Mobile,8.11,1.54,33.19,1414.87,YES,YES,FALSE
3770,141,3474,199.13,23,8,0.0567,1614,8.66,29-11-2024,Paris,Desktop,8.11,1.41,24.89,1414.87,YES,YES,TRUE
3771,188,3934,199.13,29,7,0.0372,1614,6.87,11/8/2024,Paris,Tablet,8.11,1.06,28.45,1414.87,YES,YES,FALSE
3772,160,4506,199.13,12,8,0.05,1614,16.59,11/4/2024,Cairo,Desktop,8.11,1.24,24.89,1414.87,YES,YES,TRUE
3773,174,3256,199.13,24,10,0.0575,1614,8.3,11/12/2024,Rome,Mobile,8.11,1.14,19.91,1414.87,YES,YES,TRUE
3774,196,3004,199.13,16,3,0.0153,1614,12.45,11/11/2024,Baghdad,Mobile,8.11,1.02,66.38,1414.87,YES,YES,FALSE
3775,105,3973,199.13,11,7,0.0667,1614,18.1,11/16/2024,London,Desktop,8.11,1.9,28.45,1414.87,YES,YES,TRUE
3776,103,5324,199.13,18,7,0.068,1614,11.06,11/5/2024,Cairo,Desktop,8.11,1.93,28.45,1414.87,YES,YES,TRUE
3777,165,3742,199.13,21,7,0.0424,1614,9.48,29-11-2024,Paris,Desktop,8.11,1.21,28.45,1414.87,YES,YES,FALSE
3778,142,5336,199.13,15,5,0.0352,1614,13.28,9/11/2024,Tokyo,Mobile,8.11,1.4,39.83,1414.87,YES,YES,FALSE
3779,99,4572,199.13,27,10,0.101,1614,7.38,11/5/2024,Rome,Desktop,8.11,2.01,19.91,1414.87,YES,YES,TRUE
3780,92,3001,199.13,31,6,0.0652,1614,6.42,26-11-2024,Baghdad,Desktop,8.11,2.16,33.19,1414.87,YES,YES,TRUE
3781,139,5328,199.13,14,6,0.0432,1614,14.22,11/9/2024,Cairo,Desktop,8.11,1.43,33.19,1414.87,YES,YES,FALSE
3782,194,2545,199.13,21,7,0.0361,1614,9.48,11/4/2024,Cairo,Tablet,8.11,1.03,28.45,1414.87,YES,YES,FALSE
3783,126,3256,199.13,17,6,0.0476,1614,11.71,11/26/2024,Baghdad,Tablet,8.11,1.58,33.19,1414.87,YES,YES,FALSE
3784,168,3751,199.13,33,7,0.0417,1614,6.03,11/8/2024,Paris,Tablet,8.11,1.19,28.45,1414.87,YES,YES,FALSE
3785,196,5472,199.13,13,6,0.0306,1614,15.32,11/16/2024,Baghdad,Mobile,8.11,1.02,33.19,1414.87,YES,YES,FALSE
3786,181,5084,199.13,27,3,0.0166,1614,7.38,11/25/2024,Riyad,Tablet,8.11,1.1,66.38,1414.87,YES,YES,FALSE
3787,104,5030,199.13,24,8,0.0769,1614,8.3,11/29/2024,Cairo,Desktop,8.11,1.91,24.89,1414.87,YES,YES,TRUE
3788,122,5414,199.13,20,6,0.0492,1614,9.96,14-11-2024,Tokyo,Desktop,8.11,1.63,33.19,1414.87,YES,YES,FALSE
3789,181,3136,199.13,13,8,0.0442,1614,15.32,11/14/2024,Riyad,Desktop,8.11,1.1,24.89,1414.87,YES,YES,FALSE
3790,97,5793,199.13,27,7,0.0722,1614,7.38,11/15/2024,Riyad,Tablet,8.11,2.05,28.45,1414.87,YES,YES,TRUE
3791,209,5122,199.13,16,9,0.0431,1614,12.45,11/10/2024,Riyad,Mobile,8.11,0.95,22.13,1414.87,YES,YES,FALSE
3792,96,4946,199.13,25,9,0.0938,1614,7.97,11/12/2024,Tokyo,Mobile,8.11,2.07,22.13,1414.87,YES,YES,TRUE
3793,206,4055,199.13,25,7,0.034,1614,7.97,23-11-2024,Baghdad,Mobile,8.11,0.97,28.45,1414.87,YES,YES,FALSE
3794,147,5027,199.13,27,6,0.0408,1614,7.38,11/5/2024,Paris,Desktop,8.11,1.35,33.19,1414.87,YES,YES,FALSE
3795,88,3798,199.13,21,4,0.0455,1614,9.48,12/11/2024,Tokyo,Tablet,8.11,2.26,49.78,1414.87,YES,YES,FALSE
3796,147,4100,199.13,17,10,0.068,1614,11.71,11/26/2024,Tokyo,Mobile,8.11,1.35,19.91,1414.87,YES,YES,TRUE
3797,101,3739,199.13,29,10,0.099,1614,6.87,11/20/2024,Cairo,Tablet,8.11,1.97,19.91,1414.87,YES,YES,TRUE
3798,96,5595,199.13,13,5,0.0521,1614,15.32,22-11-2024,Tokyo,Desktop,8.11,2.07,39.83,1414.87,YES,YES,TRUE
3799,115,5116,199.13,24,6,0.0522,1614,8.3,11/14/2024,Paris,Desktop,8.11,1.73,33.19,1414.87,YES,YES,TRUE
3800,77,3551,199.13,22,9,0.1169,1614,9.05,11/13/2024,Tokyo,Mobile,8.11,2.59,22.13,1414.87,YES,YES,TRUE
3801,141,4593,199.13,34,3,0.0213,1614,5.86,11/8/2024,Rome,Mobile,8.11,1.41,66.38,1414.87,YES,YES,FALSE
3802,102,6211,199.13,20,9,0.0882,1614,9.96,11/29/2024,Cairo,Desktop,8.11,1.95,22.13,1414.87,YES,YES,TRUE
3803,184,5913,199.13,30,6,0.0326,1614,6.64,30-11-2024,Tokyo,Tablet,8.11,1.08,33.19,1414.87,YES,YES,FALSE
3804,82,3770,199.13,24,8,0.0976,1614,8.3,11/20/2024,Tokyo,Tablet,8.11,2.43,24.89,1414.87,YES,YES,TRUE
3805,113,5009,199.13,17,11,0.0973,1614,11.71,11/20/2024,Riyad,Tablet,8.11,1.76,18.1,1414.87,YES,YES,TRUE
3806,171,3992,199.13,16,9,0.0526,1614,12.45,11/14/2024,Riyad,Desktop,8.11,1.16,22.13,1414.87,YES,YES,TRUE
3807,177,6104,199.13,25,4,0.0226,1614,7.97,11/12/2024,Baghdad,Mobile,8.11,1.13,49.78,1414.87,YES,YES,FALSE
3808,112,4665,199.13,22,9,0.0804,1614,9.05,11/29/2024,Cairo,Desktop,8.11,1.78,22.13,1414.87,YES,YES,TRUE
3809,132,4324,199.13,29,4,0.0303,1614,6.87,11/8/2024,Rome,Mobile,8.11,1.51,49.78,1414.87,YES,YES,FALSE
3810,108,3089,199.13,21,12,0.1111,1614,9.48,21-11-2024,Baghdad,Mobile,8.11,1.84,16.59,1414.87,YES,YES,TRUE
3811,129,2864,199.13,28,6,0.0465,1614,7.11,11/19/2024,Rome,Desktop,8.11,1.54,33.19,1414.87,YES,YES,FALSE
3812,146,6031,199.13,11,9,0.0616,1614,18.1,11/7/2024,Tokyo,Desktop,8.11,1.36,22.13,1414.87,YES,YES,TRUE
3813,129,4640,199.13,20,7,0.0543,1614,9.96,11/5/2024,Tokyo,Desktop,8.11,1.54,28.45,1414.87,YES,YES,TRUE
3814,78,4805,199.13,19,8,0.1026,1614,10.48,30-11-2024,Rome,Mobile,8.11,2.55,24.89,1414.87,YES,YES,TRUE
3815,142,5244,199.13,25,6,0.0423,1614,7.97,11/20/2024,Tokyo,Desktop,8.11,1.4,33.19,1414.87,YES,YES,FALSE
3816,156,3789,199.13,26,9,0.0577,1614,7.66,12/11/2024,Cairo,Tablet,8.11,1.28,22.13,1414.87,YES,YES,TRUE
3817,144,5073,199.13,16,3,0.0208,1614,12.45,11/23/2024,Tokyo,Mobile,8.11,1.38,66.38,1414.87,YES,YES,FALSE
3818,102,5654,199.13,17,9,0.0882,1614,11.71,1/11/2024,Tokyo,Desktop,8.11,1.95,22.13,1414.87,YES,YES,TRUE
3819,94,3325,199.13,24,8,0.0851,1614,8.3,11/20/2024,Tokyo,Tablet,8.11,2.12,24.89,1414.87,YES,YES,TRUE
3820,89,4178,199.13,23,9,0.1011,1614,8.66,4/11/2024,Cairo,Desktop,8.11,2.24,22.13,1414.87,YES,YES,TRUE
3821,130,4814,199.13,16,8,0.0615,1614,12.45,11/2/2024,Tokyo,Desktop,8.11,1.53,24.89,1414.87,YES,YES,TRUE
3822,108,3710,199.13,26,11,0.1019,1614,7.66,11/20/2024,Cairo,Tablet,8.11,1.84,18.1,1414.87,YES,YES,TRUE
3823,156,5591,199.13,19,8,0.0513,1614,10.48,18-11-2024,Baghdad,Desktop,8.11,1.28,24.89,1414.87,YES,YES,TRUE
3824,111,3461,199.13,27,11,0.0991,1614,7.38,23-11-2024,Cairo,Desktop,8.11,1.79,18.1,1414.87,YES,YES,TRUE
3825,129,4640,199.13,20,7,0.0543,1614,9.96,11/5/2024,Tokyo,Desktop,8.11,1.54,28.45,1414.87,YES,YES,TRUE
3826,104,4302,199.13,14,8,0.0769,1614,14.22,11/16/2024,London,Desktop,8.11,1.91,24.89,1414.87,YES,YES,TRUE
3827,129,4640,199.13,20,7,0.0543,1614,9.96,11/5/2024,Tokyo,Desktop,8.11,1.54,28.45,1414.87,YES,YES,TRUE
3828,98,3423,199.13,25,4,0.0408,1614,7.97,11/22/2024,Beijin,Desktop,8.11,2.03,49.78,1414.87,YES,YES,FALSE
3829,128,4392,199.13,15,10,0.0781,1614,13.28,11/26/2024,Baghdad,Tablet,8.11,1.56,19.91,1414.87,YES,YES,TRUE
3830,111,5548,199.13,22,8,0.0721,1614,9.05,11/25/2024,Tokyo,Mobile,8.11,1.79,24.89,1414.87,YES,YES,TRUE
3831,107,3955,199.13,27,11,0.1028,1614,7.38,11/20/2024,Cairo,Tablet,8.11,1.86,18.1,1414.87,YES,YES,TRUE
3832,150,3494,199.13,12,10,0.0667,1614,16.59,11/9/2024,Cairo,Desktop,8.11,1.33,19.91,1414.87,YES,YES,TRUE
3833,183,4274,199.13,19,3,0.0164,1614,10.48,11/23/2024,Rome,Desktop,8.11,1.09,66.38,1414.87,YES,YES,FALSE
3834,110,5451,199.13,22,9,0.0818,1614,9.05,11/12/2024,Tokyo,Mobile,8.11,1.81,22.13,1414.87,YES,YES,TRUE
3835,140,5426,199.13,24,5,0.0357,1614,8.3,11/1/2024,Riyad,Tablet,8.11,1.42,39.83,1414.87,YES,YES,FALSE
3836,91,3683,199.13,18,4,0.044,1614,11.06,12/11/2024,Tokyo,Tablet,8.11,2.19,49.78,1414.87,YES,YES,FALSE
3837,174,3952,199.13,10,9,0.0517,1614,19.91,11/21/2024,Paris,Tablet,8.11,1.14,22.13,1414.87,YES,YES,TRUE
3838,91,5394,199.13,11,6,0.0659,1614,18.1,16-11-2024,Tokyo,Mobile,8.11,2.19,33.19,1414.87,YES,YES,TRUE
3839,97,4495,199.13,15,9,0.0928,1614,13.28,11/26/2024,Baghdad,Tablet,8.11,2.05,22.13,1414.87,YES,YES,TRUE
3840,146,5994,199.13,21,8,0.0548,1614,9.48,11/10/2024,Cairo,Desktop,8.11,1.36,24.89,1414.87,YES,YES,TRUE
3841,115,5751,199.13,11,8,0.0696,1614,18.1,11/3/2024,Rome,Tablet,8.11,1.73,24.89,1414.87,YES,YES,TRUE
3842,121,5210,199.13,30,6,0.0496,1614,6.64,11/20/2024,Tokyo,Desktop,8.11,1.65,33.19,1414.87,YES,YES,FALSE
3843,182,5327,199.13,16,4,0.022,1614,12.45,11/8/2024,Tokyo,Tablet,8.11,1.09,49.78,1414.87,YES,YES,FALSE
3844,135,5537,199.13,18,5,0.037,1614,11.06,11/1/2024,Riyad,Tablet,8.11,1.48,39.83,1414.87,YES,YES,FALSE
3845,208,5021,199.13,27,6,0.0288,1614,7.38,1/11/2024,Paris,Tablet,8.11,0.96,33.19,1414.87,YES,YES,FALSE
3846,79,3911,199.13,11,3,0.038,1614,18.1,20-11-2024,Tokyo,Tablet,8.11,2.52,66.38,1414.87,YES,YES,FALSE
3847,129,4640,199.13,20,7,0.0543,1614,9.96,11/5/2024,Tokyo,Desktop,8.11,1.54,28.45,1414.87,YES,YES,TRUE
3848,127,4686,199.13,29,5,0.0394,1614,6.87,15-11-2024,Paris,Mobile,8.11,1.57,39.83,1414.87,YES,YES,FALSE
3849,129,4640,199.13,20,7,0.0543,1614,9.96,11/5/2024,Tokyo,Desktop,8.11,1.54,28.45,1414.87,YES,YES,TRUE
3850,99,2883,199.13,11,6,0.0606,1614,18.1,11/23/2024,Riyad,Tablet,8.11,2.01,33.19,1414.87,YES,YES,TRUE
3851,103,5261,199.13,18,10,0.0971,1614,11.06,11/20/2024,Riyad,Tablet,8.11,1.93,19.91,1414.87,YES,YES,TRUE
3852,149,5352,199.13,21,8,0.0537,1614,9.48,18-11-2024,Baghdad,Desktop,8.11,1.34,24.89,1414.87,YES,YES,TRUE
3853,126,5054,199.13,14,6,0.0476,1614,14.22,11/25/2024,Rome,Mobile,8.11,1.58,33.19,1414.87,YES,YES,FALSE
3854,90,5665,199.13,24,6,0.0667,1614,8.3,11/15/2024,Riyad,Tablet,8.11,2.21,33.19,1414.87,YES,YES,TRUE
3855,41,4566,199.13,24,11,0.2683,1614,8.3,11/21/2024,Tokyo,Desktop,8.11,4.86,18.1,1414.87,YES,YES,TRUE
3856,142,3105,199.13,17,5,0.0352,1614,11.71,11/26/2024,Baghdad,Tablet,8.11,1.4,39.83,1414.87,YES,YES,FALSE
3857,104,3722,199.13,22,4,0.0385,1614,9.05,12/11/2024,Tokyo,Tablet,8.11,1.91,49.78,1414.87,YES,YES,FALSE
3858,114,3365,199.13,29,11,0.0965,1614,6.87,11/20/2024,Cairo,Tablet,8.11,1.75,18.1,1414.87,YES,YES,TRUE
3859,137,4485,199.13,18,6,0.0438,1614,11.06,11/5/2024,Baghdad,Desktop,8.11,1.45,33.19,1414.87,YES,YES,FALSE
3860,102,5989,199.13,26,5,0.049,1614,7.66,11/24/2024,London,Tablet,8.11,1.95,39.83,1414.87,YES,YES,FALSE
3861,95,4787,199.13,18,3,0.0316,1614,11.06,21-11-2024,Baghdad,Desktop,8.11,2.1,66.38,1414.87,YES,YES,FALSE
3862,158,4323,199.13,20,9,0.057,1614,9.96,12/11/2024,Cairo,Mobile,8.11,1.26,22.13,1414.87,YES,YES,TRUE
3863,110,4079,199.13,16,5,0.0455,1614,12.45,11/24/2024,Baghdad,Tablet,8.11,1.81,39.83,1414.87,YES,YES,FALSE
3864,133,5132,199.13,20,7,0.0526,1614,9.96,18-11-2024,Baghdad,Desktop,8.11,1.5,28.45,1414.87,YES,YES,TRUE
3865,116,3438,199.13,21,10,0.0862,1614,9.48,11/20/2024,Cairo,Tablet,8.11,1.72,19.91,1414.87,YES,YES,TRUE
3866,100,4048,199.13,27,6,0.06,1614,7.38,11/14/2024,Paris,Desktop,8.11,1.99,33.19,1414.87,YES,YES,TRUE
3867,110,4170,199.13,27,6,0.0545,1614,7.38,11/14/2024,Paris,Desktop,8.11,1.81,33.19,1414.87,YES,YES,TRUE
3868,90,4116,199.13,23,9,0.1,1614,8.66,4/11/2024,Cairo,Desktop,8.11,2.21,22.13,1414.87,YES,YES,TRUE
3869,94,3214,199.13,25,10,0.1064,1614,7.97,23-11-2024,Cairo,Desktop,8.11,2.12,19.91,1414.87,YES,YES,TRUE
3870,81,4889,199.13,21,8,0.0988,1614,9.48,30-11-2024,Rome,Mobile,8.11,2.46,24.89,1414.87,YES,YES,TRUE
3871,160,4837,199.13,18,8,0.05,1614,11.06,11/3/2024,Tokyo,Tablet,8.11,1.24,24.89,1414.87,YES,YES,TRUE
3872,107,4653,199.13,27,10,0.0935,1614,7.38,11/9/2024,Paris,Mobile,8.11,1.86,19.91,1414.87,YES,YES,TRUE
3873,201,5511,199.13,19,8,0.0398,1614,10.48,11/3/2024,Tokyo,Tablet,8.11,0.99,24.89,1414.87,YES,YES,FALSE
3874,114,5955,199.13,16,10,0.0877,1614,12.45,11/26/2024,Baghdad,Tablet,8.11,1.75,19.91,1414.87,YES,YES,TRUE
3875,115,3158,199.13,20,3,0.0261,1614,9.96,11/27/2024,Canberra,Desktop,8.11,1.73,66.38,1414.87,YES,YES,FALSE
3876,141,3817,199.13,21,7,0.0496,1614,9.48,29-11-2024,Paris,Desktop,8.11,1.41,28.45,1414.87,YES,YES,FALSE
3877,126,6473,199.13,27,6,0.0476,1614,7.38,11/5/2024,Paris,Desktop,8.11,1.58,33.19,1414.87,YES,YES,FALSE
3878,104,5022,199.13,15,11,0.1058,1614,13.28,11/26/2024,Baghdad,Tablet,8.11,1.91,18.1,1414.87,YES,YES,TRUE
3879,136,3274,199.13,27,6,0.0441,1614,7.38,11/19/2024,Rome,Desktop,8.11,1.46,33.19,1414.87,YES,YES,FALSE
3880,129,4640,199.13,20,7,0.0543,1614,9.96,11/5/2024,Tokyo,Desktop,8.11,1.54,28.45,1414.87,YES,YES,TRUE
3881,125,5461,199.13,26,5,0.04,1614,7.66,15-11-2024,Paris,Mobile,8.11,1.59,39.83,1414.87,YES,YES,FALSE
3882,194,3426,199.13,10,8,0.0412,1614,19.91,16-11-2024,Riyad,Mobile,8.11,1.03,24.89,1414.87,YES,YES,FALSE
3883,187,5996,199.13,28,5,0.0267,1614,7.11,30-11-2024,Tokyo,Tablet,8.11,1.06,39.83,1414.87,YES,YES,FALSE
3884,106,5194,199.13,19,6,0.0566,1614,10.48,14-11-2024,Tokyo,Desktop,8.11,1.88,33.19,1414.87,YES,YES,TRUE
3885,101,4161,199.13,29,4,0.0396,1614,6.87,11/8/2024,Rome,Mobile,8.11,1.97,49.78,1414.87,YES,YES,FALSE
3886,129,4640,199.13,20,7,0.0543,1614,9.96,11/5/2024,Tokyo,Desktop,8.11,1.54,28.45,1414.87,YES,YES,TRUE
3887,125,4677,199.13,15,6,0.048,1614,13.28,11/5/2024,Baghdad,Desktop,8.11,1.59,33.19,1414.87,YES,YES,FALSE
3888,167,4333,199.13,19,8,0.0479,1614,10.48,12/11/2024,Cairo,Mobile,8.11,1.19,24.89,1414.87,YES,YES,FALSE
3889,97,4102,199.13,30,10,0.1031,1614,6.64,11/16/2024,Beyrouth,Tablet,8.11,2.05,19.91,1414.87,YES,YES,TRUE
3890,172,5894,199.13,27,3,0.0174,1614,7.38,11/25/2024,Riyad,Tablet,8.11,1.16,66.38,1414.87,YES,YES,FALSE
3891,124,4861,199.13,10,5,0.0403,1614,19.91,22-11-2024,Tokyo,Desktop,8.11,1.61,39.83,1414.87,YES,YES,FALSE
3892,99,3710,199.13,24,5,0.0505,1614,8.3,11/22/2024,Beijin,Desktop,8.11,2.01,39.83,1414.87,YES,YES,TRUE
3893,138,4729,199.13,19,10,0.0725,1614,10.48,12/11/2024,Cairo,Mobile,8.11,1.44,19.91,1414.87,YES,YES,TRUE
3894,89,3476,199.13,22,9,0.1011,1614,9.05,11/20/2024,Tokyo,Tablet,8.11,2.24,22.13,1414.87,YES,YES,TRUE
3895,169,3661,199.13,14,8,0.0473,1614,14.22,27-11-2024,Cairo,Mobile,8.11,1.18,24.89,1414.87,YES,YES,FALSE
3896,158,5121,199.13,27,4,0.0253,1614,7.38,11/15/2024,Riyad,Desktop,8.11,1.26,49.78,1414.87,YES,YES,FALSE
3897,41,5243,199.13,25,8,0.1951,1614,7.97,11/21/2024,Tokyo,Desktop,8.11,4.86,24.89,1414.87,YES,YES,TRUE
3898,126,4812,199.13,17,3,0.0238,1614,11.71,11/16/2024,Cairo,Desktop,8.11,1.58,66.38,1414.87,YES,YES,FALSE
3899,124,4441,199.13,17,6,0.0484,1614,11.71,6/11/2024,Paris,Tablet,8.11,1.61,33.19,1414.87,YES,YES,FALSE
3900,188,4449,199.13,8,7,0.0372,1614,24.89,20-11-2024,Rome,Mobile,8.11,1.06,28.45,1414.87,YES,YES,FALSE
3901,207,3834,199.13,11,8,0.0386,1614,18.1,16-11-2024,Riyad,Mobile,8.11,0.96,24.89,1414.87,YES,YES,FALSE
3902,107,5259,199.13,25,9,0.0841,1614,7.97,20-11-2024,Riyad,Tablet,8.11,1.86,22.13,1414.87,YES,YES,TRUE
3903,151,5022,199.13,17,8,0.053,1614,11.71,18-11-2024,Baghdad,Desktop,8.11,1.32,24.89,1414.87,YES,YES,TRUE
3904,84,4868,199.13,19,8,0.0952,1614,10.48,30-11-2024,Rome,Mobile,8.11,2.37,24.89,1414.87,YES,YES,TRUE
3905,99,4934,199.13,27,9,0.0909,1614,7.38,11/16/2024,Beyrouth,Tablet,8.11,2.01,22.13,1414.87,YES,YES,TRUE
3906,89,4246,199.13,26,9,0.1011,1614,7.66,11/16/2024,Beyrouth,Tablet,8.11,2.24,22.13,1414.87,YES,YES,TRUE
3907,123,3674,199.13,29,7,0.0569,1614,6.87,11/19/2024,Rome,Desktop,8.11,1.62,28.45,1414.87,YES,YES,TRUE
3908,115,5808,199.13,20,5,0.0435,1614,9.96,14-11-2024,Tokyo,Desktop,8.11,1.73,39.83,1414.87,YES,YES,FALSE
3909,115,5273,199.13,25,8,0.0696,1614,7.97,11/29/2024,Cairo,Desktop,8.11,1.73,24.89,1414.87,YES,YES,TRUE
3910,157,3021,199.13,14,9,0.0573,1614,14.22,11/25/2024,Baghdad,Mobile,8.11,1.27,22.13,1414.87,YES,YES,TRUE
3911,160,4501,199.13,32,7,0.0438,1614,6.22,11/11/2024,Baghdad,Tablet,8.11,1.24,28.45,1414.87,YES,YES,FALSE
3912,210,5924,199.13,31,5,0.0238,1614,6.42,30-11-2024,Tokyo,Tablet,8.11,0.95,39.83,1414.87,YES,YES,FALSE
3913,210,5442,199.13,25,6,0.0286,1614,7.97,1/11/2024,Paris,Tablet,8.11,0.95,33.19,1414.87,YES,YES,FALSE
3914,86,4423,199.13,21,10,0.1163,1614,9.48,4/11/2024,Cairo,Desktop,8.11,2.32,19.91,1414.87,YES,YES,TRUE
3915,192,5469,199.13,25,6,0.0312,1614,7.97,1/11/2024,Paris,Tablet,8.11,1.04,33.19,1414.87,YES,YES,FALSE
3916,92,5369,199.13,12,6,0.0652,1614,16.59,16-11-2024,Tokyo,Mobile,8.11,2.16,33.19,1414.87,YES,YES,TRUE
3917,184,5155,199.13,19,3,0.0163,1614,10.48,11/24/2024,Beyrouth,Tablet,8.11,1.08,66.38,1414.87,YES,YES,FALSE
3918,103,4599,199.13,24,5,0.0485,1614,8.3,15-11-2024,Paris,Mobile,8.11,1.93,39.83,1414.87,YES,YES,FALSE
3919,84,4811,199.13,21,7,0.0833,1614,9.48,30-11-2024,Rome,Mobile,8.11,2.37,28.45,1414.87,YES,YES,TRUE
3920,189,3902,199.13,24,7,0.037,1614,8.3,23-11-2024,Baghdad,Mobile,8.11,1.05,28.45,1414.87,YES,YES,FALSE
3921,137,4896,199.13,27,5,0.0365,1614,7.38,11/15/2024,Riyad,Desktop,8.11,1.45,39.83,1414.87,YES,YES,FALSE
3922,134,3291,199.13,20,3,0.0224,1614,9.96,11/27/2024,Canberra,Desktop,8.11,1.49,66.38,1414.87,YES,YES,FALSE
3923,191,5191,199.13,9,9,0.0471,1614,22.13,20-11-2024,Rome,Mobile,8.11,1.04,22.13,1414.87,YES,YES,FALSE
3924,135,3651,199.13,14,6,0.0444,1614,14.22,11/5/2024,Baghdad,Desktop,8.11,1.48,33.19,1414.87,YES,YES,FALSE
3925,147,3211,199.13,19,6,0.0408,1614,10.48,11/7/2024,Paris,Mobile,8.11,1.35,33.19,1414.87,YES,YES,FALSE
3926,190,3064,199.13,18,3,0.0158,1614,11.06,11/11/2024,Baghdad,Mobile,8.11,1.05,66.38,1414.87,YES,YES,FALSE
3927,109,5046,199.13,16,11,0.1009,1614,12.45,11/20/2024,Riyad,Tablet,8.11,1.83,18.1,1414.87,YES,YES,TRUE
3928,109,5882,199.13,22,8,0.0734,1614,9.05,11/25/2024,Tokyo,Mobile,8.11,1.83,24.89,1414.87,YES,YES,TRUE
3929,132,4155,199.13,13,6,0.0455,1614,15.32,11/5/2024,Baghdad,Desktop,8.11,1.51,33.19,1414.87,YES,YES,FALSE
3930,85,4369,199.13,22,11,0.1294,1614,9.05,4/11/2024,Cairo,Desktop,8.11,2.34,18.1,1414.87,YES,YES,TRUE
3931,123,5333,199.13,23,9,0.0732,1614,8.66,11/29/2024,Cairo,Desktop,8.11,1.62,22.13,1414.87,YES,YES,TRUE
3932,157,4947,199.13,30,5,0.0318,1614,6.64,11/15/2024,Riyad,Desktop,8.11,1.27,39.83,1414.87,YES,YES,FALSE
3933,194,4040,199.13,9,9,0.0464,1614,22.13,11/21/2024,Paris,Tablet,8.11,1.03,22.13,1414.87,YES,YES,FALSE
3934,85,4986,199.13,21,7,0.0824,1614,9.48,30-11-2024,Rome,Mobile,8.11,2.34,28.45,1414.87,YES,YES,TRUE
3935,174,4307,199.13,14,8,0.046,1614,14.22,27-11-2024,Cairo,Mobile,8.11,1.14,24.89,1414.87,YES,YES,FALSE
3936,166,4879,199.13,12,10,0.0602,1614,16.59,11/4/2024,Cairo,Desktop,8.11,1.2,19.91,1414.87,YES,YES,TRUE
3937,141,4337,199.13,27,8,0.0567,1614,7.38,12/11/2024,Cairo,Tablet,8.11,1.41,24.89,1414.87,YES,YES,TRUE
3938,135,5647,199.13,19,6,0.0444,1614,10.48,11/5/2024,Paris,Desktop,8.11,1.48,33.19,1414.87,YES,YES,FALSE
3939,165,5867,199.13,19,6,0.0364,1614,10.48,16-11-2024,Baghdad,Tablet,8.11,1.21,33.19,1414.87,YES,YES,FALSE
3940,94,3236,199.13,19,5,0.0532,1614,10.48,11/28/2024,Riyad,Tablet,8.11,2.12,39.83,1414.87,YES,YES,TRUE
3941,108,3270,199.13,20,5,0.0463,1614,9.96,11/28/2024,Riyad,Tablet,8.11,1.84,39.83,1414.87,YES,YES,FALSE
3942,140,4256,199.13,28,7,0.05,1614,7.11,3/11/2024,Riyad,Tablet,8.11,1.42,28.45,1414.87,YES,YES,TRUE
3943,108,3536,199.13,17,11,0.1019,1614,11.71,21-11-2024,Baghdad,Mobile,8.11,1.84,18.1,1414.87,YES,YES,TRUE
3944,98,4722,199.13,18,3,0.0306,1614,11.06,21-11-2024,Baghdad,Desktop,8.11,2.03,66.38,1414.87,YES,YES,FALSE
3945,183,4199,199.13,16,5,0.0273,1614,12.45,11/8/2024,Tokyo,Tablet,8.11,1.09,39.83,1414.87,YES,YES,FALSE
3946,109,6447,199.13,24,8,0.0734,1614,8.3,20-11-2024,Riyad,Tablet,8.11,1.83,24.89,1414.87,YES,YES,TRUE
3947,177,5455,199.13,26,8,0.0452,1614,7.66,11/24/2024,Baghdad,Mobile,8.11,1.13,24.89,1414.87,YES,YES,FALSE
3948,95,5269,199.13,28,11,0.1158,1614,7.11,11/5/2024,Rome,Desktop,8.11,2.1,18.1,1414.87,YES,YES,TRUE
3949,145,6455,199.13,10,9,0.0621,1614,19.91,11/7/2024,Tokyo,Desktop,8.11,1.37,22.13,1414.87,YES,YES,TRUE
3950,150,4705,199.13,14,6,0.04,1614,14.22,11/9/2024,Cairo,Desktop,8.11,1.33,33.19,1414.87,YES,YES,FALSE
3951,115,4837,199.13,27,6,0.0522,1614,7.38,11/20/2024,Tokyo,Desktop,8.11,1.73,33.19,1414.87,YES,YES,TRUE
3952,141,4648,199.13,15,6,0.0426,1614,13.28,11/9/2024,Cairo,Desktop,8.11,1.41,33.19,1414.87,YES,YES,FALSE
3953,169,3927,199.13,29,8,0.0473,1614,6.87,11/22/2024,Cairo,Desktop,8.11,1.18,24.89,1414.87,YES,YES,FALSE
3954,98,5247,199.13,22,5,0.051,1614,9.05,14-11-2024,Tokyo,Desktop,8.11,2.03,39.83,1414.87,YES,YES,TRUE
3955,95,5083,199.13,16,7,0.0737,1614,12.45,1/11/2024,Tokyo,Desktop,8.11,2.1,28.45,1414.87,YES,YES,TRUE
3956,167,5065,199.13,27,8,0.0479,1614,7.38,11/24/2024,Baghdad,Mobile,8.11,1.19,24.89,1414.87,YES,YES,FALSE
3957,182,3288,199.13,22,8,0.044,1614,9.05,11/4/2024,Cairo,Tablet,8.11,1.09,24.89,1414.87,YES,YES,FALSE
3958,123,5536,199.13,12,9,0.0732,1614,16.59,11/7/2024,Tokyo,Desktop,8.11,1.62,22.13,1414.87,YES,YES,TRUE
3959,172,5000,199.13,10,8,0.0465,1614,19.91,20-11-2024,Rome,Mobile,8.11,1.16,24.89,1414.87,YES,YES,FALSE
3960,96,3717,199.13,17,4,0.0417,1614,11.71,12/11/2024,Tokyo,Tablet,8.11,2.07,49.78,1414.87,YES,YES,FALSE
3961,204,5815,199.13,25,6,0.0294,1614,7.97,1/11/2024,Paris,Tablet,8.11,0.98,33.19,1414.87,YES,YES,FALSE
3962,113,3446,199.13,29,7,0.0619,1614,6.87,26-11-2024,Baghdad,Desktop,8.11,1.76,28.45,1414.87,YES,YES,TRUE
3963,109,4200,199.13,16,6,0.055,1614,12.45,11/5/2024,Cairo,Desktop,8.11,1.83,33.19,1414.87,YES,YES,TRUE
3964,98,3641,199.13,21,6,0.0612,1614,9.48,11/20/2024,Tokyo,Tablet,8.11,2.03,33.19,1414.87,YES,YES,TRUE
3965,203,5130,199.13,22,9,0.0443,1614,9.05,11/11/2024,Baghdad,Tablet,8.11,0.98,22.13,1414.87,YES,YES,FALSE
3966,196,4290,199.13,20,8,0.0408,1614,9.96,23-11-2024,Baghdad,Mobile,8.11,1.02,24.89,1414.87,YES,YES,FALSE
3967,87,5489,199.13,10,5,0.0575,1614,19.91,11/9/2024,Rome,Tablet,8.11,2.29,39.83,1414.87,YES,YES,TRUE
3968,169,3289,199.13,16,9,0.0533,1614,12.45,11/25/2024,Baghdad,Mobile,8.11,1.18,22.13,1414.87,YES,YES,TRUE
3969,79,5029,199.13,22,8,0.1013,1614,9.05,30-11-2024,Rome,Mobile,8.11,2.52,24.89,1414.87,YES,YES,TRUE
3970,123,5047,199.13,28,6,0.0488,1614,7.11,11/20/2024,Tokyo,Desktop,8.11,1.62,33.19,1414.87,YES,YES,FALSE
3971,171,2574,199.13,20,7,0.0409,1614,9.96,11/4/2024,Cairo,Tablet,8.11,1.16,28.45,1414.87,YES,YES,FALSE
3972,161,3296,199.13,28,8,0.0497,1614,7.11,11/22/2024,Cairo,Desktop,8.11,1.24,24.89,1414.87,YES,YES,TRUE
3973,96,5288,199.13,22,6,0.0625,1614,9.05,14-11-2024,Tokyo,Desktop,8.11,2.07,33.19,1414.87,YES,YES,TRUE
3974,135,3812,199.13,24,7,0.0519,1614,8.3,3/11/2024,Riyad,Tablet,8.11,1.48,28.45,1414.87,YES,YES,TRUE
3975,147,5073,199.13,28,3,0.0204,1614,7.11,11/8/2024,Baghdad,Mobile,8.11,1.35,66.38,1414.87,YES,YES,FALSE
3976,117,4187,199.13,22,9,0.0769,1614,9.05,11/8/2024,Baghdad,Desktop,8.11,1.7,22.13,1414.87,YES,YES,TRUE
3977,140,5078,199.13,21,7,0.05,1614,9.48,16-11-2024,Baghdad,Tablet,8.11,1.42,28.45,1414.87,YES,YES,TRUE
3978,108,5086,199.13,12,6,0.0556,1614,16.59,11/6/2024,Cairo,Mobile,8.11,1.84,33.19,1414.87,YES,YES,TRUE
3979,79,3747,199.13,12,3,0.038,1614,16.59,20-11-2024,Tokyo,Tablet,8.11,2.52,66.38,1414.87,YES,YES,FALSE
3980,139,3011,199.13,21,5,0.036,1614,9.48,11/7/2024,Paris,Mobile,8.11,1.43,39.83,1414.87,YES,YES,FALSE
3981,161,3338,199.13,32,8,0.0497,1614,6.22,11/22/2024,Cairo,Desktop,8.11,1.24,24.89,1414.87,YES,YES,TRUE
3982,146,4094,199.13,26,7,0.0479,1614,7.66,3/11/2024,Riyad,Tablet,8.11,1.36,28.45,1414.87,YES,YES,FALSE
3983,132,5191,199.13,25,6,0.0455,1614,7.97,11/20/2024,Tokyo,Desktop,8.11,1.51,33.19,1414.87,YES,YES,FALSE
3984,153,5164,199.13,19,9,0.0588,1614,10.48,18-11-2024,Baghdad,Desktop,8.11,1.3,22.13,1414.87,YES,YES,TRUE
3985,118,4516,199.13,25,5,0.0424,1614,7.97,15-11-2024,Paris,Mobile,8.11,1.69,39.83,1414.87,YES,YES,FALSE
3986,202,5269,199.13,16,8,0.0396,1614,12.45,11/10/2024,Riyad,Mobile,8.11,0.99,24.89,1414.87,YES,YES,FALSE
3987,114,4360,199.13,26,6,0.0526,1614,7.66,11/14/2024,Paris,Desktop,8.11,1.75,33.19,1414.87,YES,YES,TRUE
3988,123,5362,199.13,27,4,0.0325,1614,7.38,11/24/2024,London,Tablet,8.11,1.62,49.78,1414.87,YES,YES,FALSE
3989,160,5289,199.13,20,9,0.0562,1614,9.96,12/11/2024,Cairo,Mobile,8.11,1.24,22.13,1414.87,YES,YES,TRUE
3990,186,4262,199.13,12,9,0.0484,1614,16.59,11/4/2024,Cairo,Desktop,8.11,1.07,22.13,1414.87,YES,YES,FALSE
3991,185,4578,199.13,31,8,0.0432,1614,6.42,11/28/2024,Rome,Mobile,8.11,1.08,24.89,1414.87,YES,YES,FALSE
3992,158,5464,199.13,13,6,0.038,1614,15.32,11/16/2024,Baghdad,Mobile,8.11,1.26,33.19,1414.87,YES,YES,FALSE
3993,94,5444,199.13,21,8,0.0851,1614,9.48,20-11-2024,Riyad,Tablet,8.11,2.12,24.89,1414.87,YES,YES,TRUE
3994,192,6100,199.13,25,6,0.0312,1614,7.97,1/11/2024,Paris,Tablet,8.11,1.04,33.19,1414.87,YES,YES,FALSE
3995,201,3916,199.13,11,10,0.0498,1614,18.1,11/21/2024,Paris,Tablet,8.11,0.99,19.91,1414.87,YES,YES,TRUE
3996,187,4858,199.13,22,7,0.0374,1614,9.05,11/11/2024,Baghdad,Tablet,8.11,1.06,28.45,1414.87,YES,YES,FALSE
3997,85,5649,199.13,26,9,0.1059,1614,7.66,20-11-2024,Riyad,Tablet,8.11,2.34,22.13,1414.87,YES,YES,TRUE
3998,126,4555,199.13,14,10,0.0794,1614,14.22,11/26/2024,Baghdad,Tablet,8.11,1.58,19.91,1414.87,YES,YES,TRUE
3999,157,4392,199.13,10,9,0.0573,1614,19.91,20-11-2024,Rome,Mobile,8.11,1.27,22.13,1414.87,YES,YES,TRUE
4000,171,4655,199.13,15,4,0.0234,1614,13.28,11/8/2024,Tokyo,Tablet,8.11,1.16,49.78,1414.87,YES,YES,FALSE
4001,94,6315,199.13,23,10,0.1064,1614,8.66,20-11-2024,Riyad,Tablet,8.11,2.12,19.91,1414.87,YES,YES,TRUE
4002,153,3367,199.13,15,11,0.0719,1614,13.28,11/25/2024,Baghdad,Mobile,8.11,1.3,18.1,1414.87,YES,YES,TRUE
4003,99,4151,199.13,18,5,0.0505,1614,11.06,11/28/2024,Riyad,Tablet,8.11,2.01,39.83,1414.87,YES,YES,TRUE
4004,106,4179,199.13,17,5,0.0472,1614,11.71,11/24/2024,Baghdad,Tablet,8.11,1.88,39.83,1414.87,YES,YES,FALSE
4005,182,5321,199.13,10,8,0.044,1614,19.91,20-11-2024,Rome,Mobile,8.11,1.09,24.89,1414.87,YES,YES,FALSE
4006,211,6829,199.13,21,7,0.0332,1614,9.48,11/7/2024,Riyad,Tablet,8.11,0.94,28.45,1414.87,YES,YES,FALSE
4007,96,4742,199.13,24,10,0.1042,1614,8.3,11/5/2024,Rome,Desktop,8.11,2.07,19.91,1414.87,YES,YES,TRUE
4008,133,3747,199.13,10,10,0.0752,1614,19.91,11/9/2024,Cairo,Desktop,8.11,1.5,19.91,1414.87,YES,YES,TRUE
4009,101,5938,199.13,26,6,0.0594,1614,7.66,11/15/2024,Riyad,Tablet,8.11,1.97,33.19,1414.87,YES,YES,TRUE
4010,165,5930,199.13,26,6,0.0364,1614,7.66,11/5/2024,Paris,Desktop,8.11,1.21,33.19,1414.87,YES,YES,FALSE
4011,84,4711,199.13,18,9,0.1071,1614,11.06,11/20/2024,Riyad,Tablet,8.11,2.37,22.13,1414.87,YES,YES,TRUE
4012,174,5497,199.13,30,4,0.023,1614,6.64,30-11-2024,Tokyo,Tablet,8.11,1.14,49.78,1414.87,YES,YES,FALSE
4013,189,5609,199.13,24,3,0.0159,1614,8.3,11/25/2024,Riyad,Tablet,8.11,1.05,66.38,1414.87,YES,YES,FALSE
4014,132,4933,199.13,24,6,0.0455,1614,8.3,11/5/2024,Paris,Desktop,8.11,1.51,33.19,1414.87,YES,YES,FALSE
4015,122,4403,199.13,15,6,0.0492,1614,13.28,11/5/2024,Baghdad,Desktop,8.11,1.63,33.19,1414.87,YES,YES,FALSE
4016,117,5584,199.13,28,7,0.0598,1614,7.11,11/5/2024,Rome,Tablet,8.11,1.7,28.45,1414.87,YES,YES,TRUE
4017,174,4983,199.13,20,3,0.0172,1614,9.96,11/24/2024,Beyrouth,Tablet,8.11,1.14,66.38,1414.87,YES,YES,FALSE
4018,117,4683,199.13,19,5,0.0427,1614,10.48,6/11/2024,Paris,Tablet,8.11,1.7,39.83,1414.87,YES,YES,FALSE
4019,129,2900,199.13,30,6,0.0465,1614,6.64,11/19/2024,Rome,Desktop,8.11,1.54,33.19,1414.87,YES,YES,FALSE
4020,114,4538,199.13,17,5,0.0439,1614,11.71,6/11/2024,Paris,Tablet,8.11,1.75,39.83,1414.87,YES,YES,FALSE
4021,160,4901,199.13,28,7,0.0438,1614,7.11,11/11/2024,Baghdad,Tablet,8.11,1.24,28.45,1414.87,YES,YES,FALSE
4022,143,6150,199.13,21,5,0.035,1614,9.48,11/1/2024,Riyad,Tablet,8.11,1.39,39.83,1414.87,YES,YES,FALSE
4023,118,5079,199.13,19,9,0.0763,1614,10.48,11/8/2024,Baghdad,Desktop,8.11,1.69,22.13,1414.87,YES,YES,TRUE
4024,145,4431,199.13,26,8,0.0552,1614,7.66,11/24/2024,Baghdad,Mobile,8.11,1.37,24.89,1414.87,YES,YES,TRUE
4025,117,3931,199.13,29,9,0.0769,1614,6.87,11/9/2024,Paris,Mobile,8.11,1.7,22.13,1414.87,YES,YES,TRUE
4026,112,4157,199.13,26,11,0.0982,1614,7.66,11/20/2024,Cairo,Tablet,8.11,1.78,18.1,1414.87,YES,YES,TRUE
4027,214,5497,199.13,13,6,0.028,1614,15.32,11/16/2024,Baghdad,Mobile,8.11,0.93,33.19,1414.87,YES,YES,FALSE
4028,201,5562,199.13,27,5,0.0249,1614,7.38,11/12/2024,Baghdad,Mobile,8.11,0.99,39.83,1414.87,YES,YES,FALSE
4029,112,5608,199.13,24,8,0.0714,1614,8.3,11/29/2024,Cairo,Desktop,8.11,1.78,24.89,1414.87,YES,YES,TRUE
4030,158,4672,199.13,13,8,0.0506,1614,15.32,27-11-2024,Cairo,Mobile,8.11,1.26,24.89,1414.87,YES,YES,TRUE
4031,146,4855,199.13,16,5,0.0342,1614,12.45,11/9/2024,Cairo,Desktop,8.11,1.36,39.83,1414.87,YES,YES,FALSE
4032,162,3011,199.13,20,7,0.0432,1614,9.96,11/4/2024,Cairo,Tablet,8.11,1.23,28.45,1414.87,YES,YES,FALSE
4033,174,5124,199.13,19,3,0.0172,1614,10.48,11/24/2024,Beyrouth,Tablet,8.11,1.14,66.38,1414.87,YES,YES,FALSE
4034,134,5082,199.13,11,4,0.0299,1614,18.1,11/6/2024,Cairo,Mobile,8.11,1.49,49.78,1414.87,YES,YES,FALSE
4035,184,3834,199.13,29,8,0.0435,1614,6.87,12/11/2024,Cairo,Tablet,8.11,1.08,24.89,1414.87,YES,YES,FALSE
4036,136,3219,199.13,20,4,0.0294,1614,9.96,11/7/2024,Paris,Mobile,8.11,1.46,49.78,1414.87,YES,YES,FALSE
4037,118,3580,199.13,27,6,0.0508,1614,7.38,11/19/2024,Rome,Desktop,8.11,1.69,33.19,1414.87,YES,YES,TRUE
4038,156,3330,199.13,15,11,0.0705,1614,13.28,11/25/2024,Baghdad,Mobile,8.11,1.28,18.1,1414.87,YES,YES,TRUE
4039,149,4770,199.13,24,3,0.0201,1614,8.3,11/8/2024,Baghdad,Mobile,8.11,1.34,66.38,1414.87,YES,YES,FALSE
4040,114,3685,199.13,12,9,0.0789,1614,16.59,11/9/2024,Cairo,Desktop,8.11,1.75,22.13,1414.87,YES,YES,TRUE
4041,88,4180,199.13,14,5,0.0568,1614,14.22,11/24/2024,Baghdad,Tablet,8.11,2.26,39.83,1414.87,YES,YES,TRUE
4042,130,3619,199.13,15,7,0.0538,1614,13.28,11/5/2024,Baghdad,Desktop,8.11,1.53,28.45,1414.87,YES,YES,TRUE
4043,95,4343,199.13,11,6,0.0632,1614,18.1,22-11-2024,Tokyo,Desktop,8.11,2.1,33.19,1414.87,YES,YES,TRUE
4044,93,6337,199.13,20,9,0.0968,1614,9.96,20-11-2024,Riyad,Tablet,8.11,2.14,22.13,1414.87,YES,YES,TRUE
4045,102,6666,199.13,24,5,0.049,1614,8.3,11/15/2024,Riyad,Tablet,8.11,1.95,39.83,1414.87,YES,YES,FALSE
4046,203,3363,199.13,10,7,0.0345,1614,19.91,12/11/2024,Paris,Mobile,8.11,0.98,28.45,1414.87,YES,YES,FALSE
4047,148,4658,199.13,15,7,0.0473,1614,13.28,11/9/2024,Cairo,Desktop,8.11,1.35,28.45,1414.87,YES,YES,FALSE
4048,87,4399,199.13,26,9,0.1034,1614,7.66,11/16/2024,Beyrouth,Tablet,8.11,2.29,22.13,1414.87,YES,YES,TRUE
4049,131,5024,199.13,18,5,0.0382,1614,11.06,9/11/2024,Tokyo,Mobile,8.11,1.52,39.83,1414.87,YES,YES,FALSE
4050,103,6088,199.13,26,6,0.0583,1614,7.66,11/15/2024,Riyad,Tablet,8.11,1.93,33.19,1414.87,YES,YES,TRUE
4051,141,3973,199.13,18,9,0.0638,1614,11.06,12/11/2024,Cairo,Mobile,8.11,1.41,22.13,1414.87,YES,YES,TRUE
4052,90,5273,199.13,11,5,0.0556,1614,18.1,16-11-2024,Tokyo,Mobile,8.11,2.21,39.83,1414.87,YES,YES,TRUE
4053,126,5062,199.13,30,6,0.0476,1614,6.64,11/20/2024,Tokyo,Desktop,8.11,1.58,33.19,1414.87,YES,YES,FALSE
4054,187,3691,199.13,22,8,0.0428,1614,9.05,12/11/2024,Cairo,Tablet,8.11,1.06,24.89,1414.87,YES,YES,FALSE
4055,200,5329,199.13,21,4,0.02,1614,9.48,11/11/2024,Paris,Desktop,8.11,1,49.78,1414.87,YES,YES,FALSE
4056,196,3216,199.13,17,3,0.0153,1614,11.71,11/11/2024,Baghdad,Mobile,8.11,1.02,66.38,1414.87,YES,YES,FALSE
4057,174,3815,199.13,16,8,0.046,1614,12.45,11/14/2024,Riyad,Desktop,8.11,1.14,24.89,1414.87,YES,YES,FALSE
4058,150,3203,199.13,16,10,0.0667,1614,12.45,11/25/2024,Baghdad,Mobile,8.11,1.33,19.91,1414.87,YES,YES,TRUE
4059,147,4725,199.13,14,6,0.0408,1614,14.22,11/9/2024,Cairo,Desktop,8.11,1.35,33.19,1414.87,YES,YES,FALSE
4060,164,3320,199.13,26,9,0.0549,1614,7.66,11/12/2024,Rome,Mobile,8.11,1.21,22.13,1414.87,YES,YES,TRUE
4061,157,4432,199.13,27,7,0.0446,1614,7.38,11/8/2024,Paris,Tablet,8.11,1.27,28.45,1414.87,YES,YES,FALSE
4062,202,3652,199.13,15,8,0.0396,1614,13.28,11/14/2024,Riyad,Desktop,8.11,0.99,24.89,1414.87,YES,YES,FALSE
4063,186,3824,199.13,20,3,0.0161,1614,9.96,11/23/2024,Rome,Desktop,8.11,1.07,66.38,1414.87,YES,YES,FALSE
4064,168,4331,199.13,14,7,0.0417,1614,14.22,27-11-2024,Cairo,Mobile,8.11,1.19,28.45,1414.87,YES,YES,FALSE
4065,95,5814,199.13,10,7,0.0737,1614,19.91,16-11-2024,Tokyo,Mobile,8.11,2.1,28.45,1414.87,YES,YES,TRUE
4066,187,3732,199.13,10,10,0.0535,1614,19.91,11/21/2024,Paris,Tablet,8.11,1.06,19.91,1414.87,YES,YES,TRUE
4067,184,3827,199.13,23,3,0.0163,1614,8.66,11/23/2024,Rome,Desktop,8.11,1.08,66.38,1414.87,YES,YES,FALSE
4068,105,5484,199.13,23,7,0.0667,1614,8.66,11/5/2024,Rome,Tablet,8.11,1.9,28.45,1414.87,YES,YES,TRUE
4069,86,3493,199.13,12,3,0.0349,1614,16.59,20-11-2024,Tokyo,Tablet,8.11,2.32,66.38,1414.87,YES,YES,FALSE
4070,178,2673,199.13,18,3,0.0169,1614,11.06,11/11/2024,Baghdad,Mobile,8.11,1.12,66.38,1414.87,YES,YES,FALSE
4071,124,5403,199.13,19,10,0.0806,1614,10.48,11/8/2024,Baghdad,Desktop,8.11,1.61,19.91,1414.87,YES,YES,TRUE
4072,160,4418,199.13,30,8,0.05,1614,6.64,11/24/2024,Baghdad,Mobile,8.11,1.24,24.89,1414.87,YES,YES,TRUE
4073,77,6446,199.13,22,9,0.1169,1614,9.05,20-11-2024,Riyad,Tablet,8.11,2.59,22.13,1414.87,YES,YES,TRUE
4074,114,3266,199.13,18,2,0.0175,1614,11.06,11/27/2024,Canberra,Desktop,8.11,1.75,99.56,1414.87,YES,YES,FALSE
4075,118,5449,199.13,16,10,0.0847,1614,12.45,11/2/2024,Tokyo,Desktop,8.11,1.69,19.91,1414.87,YES,YES,TRUE
4076,167,3298,199.13,24,10,0.0599,1614,8.3,11/12/2024,Rome,Mobile,8.11,1.19,19.91,1414.87,YES,YES,TRUE
4077,141,3892,199.13,18,3,0.0213,1614,11.06,11/16/2024,Cairo,Desktop,8.11,1.41,66.38,1414.87,YES,YES,FALSE
4078,104,4081,199.13,16,5,0.0481,1614,12.45,11/5/2024,Cairo,Desktop,8.11,1.91,39.83,1414.87,YES,YES,FALSE
4079,129,4640,199.13,20,7,0.0543,1614,9.96,11/5/2024,Tokyo,Desktop,8.11,1.54,28.45,1414.87,YES,YES,TRUE
4080,96,3258,199.13,27,8,0.0833,1614,7.38,26-11-2024,Baghdad,Desktop,8.11,2.07,24.89,1414.87,YES,YES,TRUE
4081,111,4679,199.13,23,8,0.0721,1614,8.66,11/29/2024,Cairo,Desktop,8.11,1.79,24.89,1414.87,YES,YES,TRUE
4082,104,4845,199.13,30,4,0.0385,1614,6.64,15-11-2024,Paris,Mobile,8.11,1.91,49.78,1414.87,YES,YES,FALSE
4083,112,4946,199.13,28,3,0.0268,1614,7.11,11/24/2024,London,Tablet,8.11,1.78,66.38,1414.87,YES,YES,FALSE
4084,126,5859,199.13,30,9,0.0714,1614,6.64,11/10/2024,Cairo,Desktop,8.11,1.58,22.13,1414.87,YES,YES,TRUE
4085,94,4030,199.13,24,9,0.0957,1614,8.3,4/11/2024,Cairo,Desktop,8.11,2.12,22.13,1414.87,YES,YES,TRUE
4086,179,4561,199.13,21,3,0.0168,1614,9.48,11/23/2024,Rome,Desktop,8.11,1.11,66.38,1414.87,YES,YES,FALSE
4087,114,6089,199.13,24,8,0.0702,1614,8.3,11/25/2024,Tokyo,Mobile,8.11,1.75,24.89,1414.87,YES,YES,TRUE
4088,112,5251,199.13,12,5,0.0446,1614,16.59,22-11-2024,Tokyo,Desktop,8.11,1.78,39.83,1414.87,YES,YES,FALSE
4089,192,5408,199.13,25,3,0.0156,1614,7.97,11/24/2024,Beyrouth,Tablet,8.11,1.04,66.38,1414.87,YES,YES,FALSE
4090,110,4151,199.13,25,6,0.0545,1614,7.97,11/14/2024,Paris,Desktop,8.11,1.81,33.19,1414.87,YES,YES,TRUE
4091,161,5704,199.13,29,10,0.0621,1614,6.87,11/24/2024,Baghdad,Mobile,8.11,1.24,19.91,1414.87,YES,YES,TRUE
4092,121,3813,199.13,31,4,0.0331,1614,6.42,11/8/2024,Rome,Mobile,8.11,1.65,49.78,1414.87,YES,YES,FALSE
4093,131,4047,199.13,30,4,0.0305,1614,6.64,11/8/2024,Rome,Mobile,8.11,1.52,49.78,1414.87,YES,YES,FALSE
4094,176,4622,199.13,9,9,0.0511,1614,22.13,11/4/2024,Cairo,Desktop,8.11,1.13,22.13,1414.87,YES,YES,TRUE
4095,123,5798,199.13,14,3,0.0244,1614,14.22,11/23/2024,Tokyo,Mobile,8.11,1.62,66.38,1414.87,YES,YES,FALSE
4096,90,4096,199.13,16,5,0.0556,1614,12.45,11/24/2024,Baghdad,Tablet,8.11,2.21,39.83,1414.87,YES,YES,TRUE
4097,177,5807,199.13,17,7,0.0395,1614,11.71,11/3/2024,Tokyo,Tablet,8.11,1.13,28.45,1414.87,YES,YES,FALSE
4098,89,3787,199.13,25,10,0.1124,1614,7.97,11/16/2024,Beyrouth,Tablet,8.11,2.24,19.91,1414.87,YES,YES,TRUE
4099,120,3711,199.13,30,6,0.05,1614,6.64,11/19/2024,Rome,Desktop,8.11,1.66,33.19,1414.87,YES,YES,TRUE
4100,167,3673,199.13,26,8,0.0479,1614,7.66,12/11/2024,Cairo,Tablet,8.11,1.19,24.89,1414.87,YES,YES,FALSE
4101,166,3645,199.13,15,10,0.0602,1614,13.28,11/25/2024,Baghdad,Mobile,8.11,1.2,19.91,1414.87,YES,YES,TRUE
4102,95,3242,199.13,18,4,0.0421,1614,11.06,12/11/2024,Tokyo,Tablet,8.11,2.1,49.78,1414.87,YES,YES,FALSE
4103,128,3360,199.13,29,7,0.0547,1614,6.87,11/19/2024,Rome,Desktop,8.11,1.56,28.45,1414.87,YES,YES,TRUE
4104,139,3041,199.13,18,6,0.0432,1614,11.06,11/26/2024,Baghdad,Tablet,8.11,1.43,33.19,1414.87,YES,YES,FALSE
4105,104,5089,199.13,24,5,0.0481,1614,8.3,15-11-2024,Paris,Mobile,8.11,1.91,39.83,1414.87,YES,YES,FALSE
4106,116,5568,199.13,13,6,0.0517,1614,15.32,11/25/2024,Rome,Mobile,8.11,1.72,33.19,1414.87,YES,YES,TRUE
4107,108,3798,199.13,18,5,0.0463,1614,11.06,11/28/2024,Riyad,Tablet,8.11,1.84,39.83,1414.87,YES,YES,FALSE
4108,88,3065,199.13,23,8,0.0909,1614,8.66,11/20/2024,Tokyo,Tablet,8.11,2.26,24.89,1414.87,YES,YES,TRUE
4109,93,4469,199.13,15,5,0.0538,1614,13.28,11/5/2024,Cairo,Desktop,8.11,2.14,39.83,1414.87,YES,YES,TRUE
4110,146,5202,199.13,25,6,0.0411,1614,7.97,11/5/2024,Paris,Desktop,8.11,1.36,33.19,1414.87,YES,YES,FALSE
4111,93,3756,199.13,24,5,0.0538,1614,8.3,11/22/2024,Beijin,Desktop,8.11,2.14,39.83,1414.87,YES,YES,TRUE
4112,90,5692,199.13,16,10,0.1111,1614,12.45,1/11/2024,Tokyo,Desktop,8.11,2.21,19.91,1414.87,YES,YES,TRUE
4113,188,5917,199.13,13,6,0.0319,1614,15.32,11/2/2024,Riyad,Desktop,8.11,1.06,33.19,1414.87,YES,YES,FALSE
4114,119,4437,199.13,17,3,0.0252,1614,11.71,11/16/2024,Cairo,Desktop,8.11,1.67,66.38,1414.87,YES,YES,FALSE
4115,103,3554,199.13,18,10,0.0971,1614,11.06,21-11-2024,Baghdad,Mobile,8.11,1.93,19.91,1414.87,YES,YES,TRUE
4116,117,6611,199.13,16,3,0.0256,1614,12.45,11/23/2024,Tokyo,Mobile,8.11,1.7,66.38,1414.87,YES,YES,FALSE
4117,187,4879,199.13,11,8,0.0428,1614,18.1,11/4/2024,Cairo,Desktop,8.11,1.06,24.89,1414.87,YES,YES,FALSE
4118,44,4028,199.13,26,9,0.2045,1614,7.66,11/21/2024,Tokyo,Desktop,8.11,4.53,22.13,1414.87,YES,YES,TRUE
4119,99,5489,199.13,21,8,0.0808,1614,9.48,11/29/2024,Cairo,Desktop,8.11,2.01,24.89,1414.87,YES,YES,TRUE
4120,147,3345,199.13,20,5,0.034,1614,9.96,11/7/2024,Paris,Mobile,8.11,1.35,39.83,1414.87,YES,YES,FALSE
4121,135,4870,199.13,19,3,0.0222,1614,10.48,11/16/2024,Cairo,Desktop,8.11,1.48,66.38,1414.87,YES,YES,FALSE
4122,168,3604,199.13,11,7,0.0417,1614,18.1,12/11/2024,Paris,Mobile,8.11,1.19,28.45,1414.87,YES,YES,FALSE
4123,181,3289,199.13,28,8,0.0442,1614,7.11,11/22/2024,Cairo,Desktop,8.11,1.1,24.89,1414.87,YES,YES,FALSE
4124,115,3306,199.13,32,8,0.0696,1614,6.22,26-11-2024,Baghdad,Desktop,8.11,1.73,24.89,1414.87,YES,YES,TRUE
4125,100,4967,199.13,16,3,0.03,1614,12.45,11/23/2024,Tokyo,Mobile,8.11,1.99,66.38,1414.87,YES,YES,FALSE
4126,108,5329,199.13,32,5,0.0463,1614,6.22,15-11-2024,Paris,Mobile,8.11,1.84,39.83,1414.87,YES,YES,FALSE
4127,171,4292,199.13,11,9,0.0526,1614,18.1,11/4/2024,Cairo,Desktop,8.11,1.16,22.13,1414.87,YES,YES,TRUE
4128,167,3843,199.13,27,7,0.0419,1614,7.38,11/8/2024,Paris,Tablet,8.11,1.19,28.45,1414.87,YES,YES,FALSE
4129,190,6303,199.13,23,6,0.0316,1614,8.66,1/11/2024,Paris,Tablet,8.11,1.05,33.19,1414.87,YES,YES,FALSE
4130,132,4331,199.13,20,3,0.0227,1614,9.96,11/16/2024,Cairo,Desktop,8.11,1.51,66.38,1414.87,YES,YES,FALSE
4131,111,4081,199.13,27,6,0.0541,1614,7.38,11/14/2024,Paris,Desktop,8.11,1.79,33.19,1414.87,YES,YES,TRUE
4132,89,3021,199.13,29,7,0.0787,1614,6.87,26-11-2024,Baghdad,Desktop,8.11,2.24,28.45,1414.87,YES,YES,TRUE
4133,155,3884,199.13,16,11,0.071,1614,12.45,11/25/2024,Baghdad,Mobile,8.11,1.28,18.1,1414.87,YES,YES,TRUE
4134,42,4996,199.13,21,10,0.2381,1614,9.48,11/21/2024,Tokyo,Desktop,8.11,4.74,19.91,1414.87,YES,YES,TRUE
4135,116,4526,199.13,16,3,0.0259,1614,12.45,11/23/2024,Tokyo,Mobile,8.11,1.72,66.38,1414.87,YES,YES,FALSE
4136,98,4212,199.13,25,11,0.1122,1614,7.97,11/9/2024,Paris,Mobile,8.11,2.03,18.1,1414.87,YES,YES,TRUE
4137,165,3301,199.13,19,6,0.0364,1614,10.48,11/26/2024,Baghdad,Tablet,8.11,1.21,33.19,1414.87,YES,YES,FALSE
4138,118,5252,199.13,16,3,0.0254,1614,12.45,11/16/2024,Cairo,Desktop,8.11,1.69,66.38,1414.87,YES,YES,FALSE
4139,117,5930,199.13,19,9,0.0769,1614,10.48,11/8/2024,Baghdad,Desktop,8.11,1.7,22.13,1414.87,YES,YES,TRUE
4140,182,5378,199.13,16,3,0.0165,1614,12.45,11/8/2024,Tokyo,Tablet,8.11,1.09,66.38,1414.87,YES,YES,FALSE
4141,128,5208,199.13,19,4,0.0312,1614,10.48,9/11/2024,Tokyo,Mobile,8.11,1.56,49.78,1414.87,YES,YES,FALSE
4142,201,5116,199.13,17,8,0.0398,1614,11.71,11/3/2024,Tokyo,Tablet,8.11,0.99,24.89,1414.87,YES,YES,FALSE
4143,104,5072,199.13,14,6,0.0577,1614,14.22,11/5/2024,Cairo,Desktop,8.11,1.91,33.19,1414.87,YES,YES,TRUE
4144,112,4100,199.13,31,4,0.0357,1614,6.42,11/8/2024,Rome,Mobile,8.11,1.78,49.78,1414.87,YES,YES,FALSE
4145,90,5115,199.13,19,5,0.0556,1614,10.48,14-11-2024,Tokyo,Desktop,8.11,2.21,39.83,1414.87,YES,YES,TRUE
4146,108,4128,199.13,23,5,0.0463,1614,8.66,11/14/2024,Paris,Desktop,8.11,1.84,39.83,1414.87,YES,YES,FALSE
4147,169,4595,199.13,10,8,0.0473,1614,19.91,20-11-2024,Rome,Mobile,8.11,1.18,24.89,1414.87,YES,YES,FALSE
4148,94,4685,199.13,25,5,0.0532,1614,7.97,15-11-2024,Paris,Mobile,8.11,2.12,39.83,1414.87,YES,YES,TRUE
4149,94,3287,199.13,23,8,0.0851,1614,8.66,11/20/2024,Tokyo,Tablet,8.11,2.12,24.89,1414.87,YES,YES,TRUE
4150,161,5831,199.13,19,7,0.0435,1614,10.48,11/3/2024,Tokyo,Tablet,8.11,1.24,28.45,1414.87,YES,YES,FALSE
4151,210,5675,199.13,20,4,0.019,1614,9.96,11/11/2024,Paris,Desktop,8.11,0.95,49.78,1414.87,YES,YES,FALSE
4152,103,3479,199.13,20,4,0.0388,1614,9.96,12/11/2024,Tokyo,Tablet,8.11,1.93,49.78,1414.87,YES,YES,FALSE
4153,168,3752,199.13,15,9,0.0536,1614,13.28,11/26/2024,Tokyo,Mobile,8.11,1.19,22.13,1414.87,YES,YES,TRUE
4154,102,4859,199.13,24,11,0.1078,1614,8.3,11/5/2024,Rome,Desktop,8.11,1.95,18.1,1414.87,YES,YES,TRUE
4155,75,4836,199.13,20,8,0.1067,1614,9.96,30-11-2024,Rome,Mobile,8.11,2.66,24.89,1414.87,YES,YES,TRUE
4156,109,4299,199.13,13,6,0.055,1614,15.32,11/16/2024,London,Desktop,8.11,1.83,33.19,1414.87,YES,YES,TRUE
4157,86,5570,199.13,12,5,0.0581,1614,16.59,16-11-2024,Tokyo,Mobile,8.11,2.32,39.83,1414.87,YES,YES,TRUE
4158,112,3394,199.13,27,6,0.0536,1614,7.38,11/19/2024,Rome,Desktop,8.11,1.78,33.19,1414.87,YES,YES,TRUE
4159,110,5495,199.13,13,10,0.0909,1614,15.32,11/26/2024,Baghdad,Tablet,8.11,1.81,19.91,1414.87,YES,YES,TRUE
4160,177,3884,199.13,10,10,0.0565,1614,19.91,11/21/2024,Paris,Tablet,8.11,1.13,19.91,1414.87,YES,YES,TRUE
4161,174,3047,199.13,17,3,0.0172,1614,11.71,11/11/2024,Baghdad,Mobile,8.11,1.14,66.38,1414.87,YES,YES,FALSE
4162,195,4641,199.13,11,9,0.0462,1614,18.1,11/4/2024,Cairo,Desktop,8.11,1.02,22.13,1414.87,YES,YES,FALSE
4163,84,4262,199.13,27,9,0.1071,1614,7.38,11/16/2024,Beyrouth,Tablet,8.11,2.37,22.13,1414.87,YES,YES,TRUE
4164,211,3612,199.13,25,8,0.0379,1614,7.97,23-11-2024,Baghdad,Mobile,8.11,0.94,24.89,1414.87,YES,YES,FALSE
4165,140,3305,199.13,18,10,0.0714,1614,11.06,11/25/2024,Baghdad,Mobile,8.11,1.42,19.91,1414.87,YES,YES,TRUE
4166,145,3782,199.13,33,5,0.0345,1614,6.03,11/8/2024,Rome,Mobile,8.11,1.37,39.83,1414.87,YES,YES,FALSE
4167,111,5686,199.13,20,9,0.0811,1614,9.96,11/25/2024,Tokyo,Mobile,8.11,1.79,22.13,1414.87,YES,YES,TRUE
4168,174,4316,199.13,19,3,0.0172,1614,10.48,11/23/2024,Rome,Desktop,8.11,1.14,66.38,1414.87,YES,YES,FALSE
4169,109,4614,199.13,26,8,0.0734,1614,7.66,11/9/2024,Paris,Mobile,8.11,1.83,24.89,1414.87,YES,YES,TRUE
4170,146,4182,199.13,16,6,0.0411,1614,12.45,11/9/2024,Cairo,Desktop,8.11,1.36,33.19,1414.87,YES,YES,FALSE
4171,107,5403,199.13,19,6,0.0561,1614,10.48,14-11-2024,Tokyo,Desktop,8.11,1.86,33.19,1414.87,YES,YES,TRUE
4172,186,3726,199.13,23,9,0.0484,1614,8.66,11/12/2024,Rome,Mobile,8.11,1.07,22.13,1414.87,YES,YES,FALSE
4173,129,6303,199.13,23,6,0.0465,1614,8.66,11/5/2024,Rome,Tablet,8.11,1.54,33.19,1414.87,YES,YES,FALSE
4174,108,6409,199.13,10,8,0.0741,1614,19.91,11/3/2024,Rome,Tablet,8.11,1.84,24.89,1414.87,YES,YES,TRUE
4175,186,3575,199.13,14,9,0.0484,1614,14.22,11/14/2024,Riyad,Desktop,8.11,1.07,22.13,1414.87,YES,YES,FALSE
4176,84,4012,199.13,19,4,0.0476,1614,10.48,12/11/2024,Tokyo,Tablet,8.11,2.37,49.78,1414.87,YES,YES,FALSE
4177,83,4368,199.13,24,9,0.1084,1614,8.3,11/16/2024,Beyrouth,Tablet,8.11,2.4,22.13,1414.87,YES,YES,TRUE
4178,172,5479,199.13,26,3,0.0174,1614,7.66,11/25/2024,Riyad,Tablet,8.11,1.16,66.38,1414.87,YES,YES,FALSE
4179,160,4900,199.13,19,7,0.0438,1614,10.48,16-11-2024,Baghdad,Tablet,8.11,1.24,28.45,1414.87,YES,YES,FALSE
4180,89,3208,199.13,11,3,0.0337,1614,18.1,20-11-2024,Tokyo,Tablet,8.11,2.24,66.38,1414.87,YES,YES,FALSE
4181,84,4647,199.13,26,10,0.119,1614,7.66,11/5/2024,Rome,Desktop,8.11,2.37,19.91,1414.87,YES,YES,TRUE
4182,108,4982,199.13,17,10,0.0926,1614,11.71,11/20/2024,Riyad,Tablet,8.11,1.84,19.91,1414.87,YES,YES,TRUE
4183,144,5595,199.13,18,3,0.0208,1614,11.06,11/23/2024,Tokyo,Mobile,8.11,1.38,66.38,1414.87,YES,YES,FALSE
4184,108,4933,199.13,29,10,0.0926,1614,6.87,11/5/2024,Rome,Desktop,8.11,1.84,19.91,1414.87,YES,YES,TRUE
4185,112,5499,199.13,25,7,0.0625,1614,7.97,11/5/2024,Rome,Tablet,8.11,1.78,28.45,1414.87,YES,YES,TRUE
4186,171,6130,199.13,24,5,0.0292,1614,8.3,11/12/2024,Baghdad,Mobile,8.11,1.16,39.83,1414.87,YES,YES,FALSE
4187,192,3770,199.13,23,7,0.0365,1614,8.66,23-11-2024,Baghdad,Mobile,8.11,1.04,28.45,1414.87,YES,YES,FALSE
4188,33,5170,199.13,21,10,0.303,1614,9.48,11/21/2024,Tokyo,Desktop,8.11,6.03,19.91,1414.87,YES,YES,TRUE
4189,105,5942,199.13,23,9,0.0857,1614,8.66,20-11-2024,Riyad,Tablet,8.11,1.9,22.13,1414.87,YES,YES,TRUE
4190,129,4640,199.13,20,7,0.0543,1614,9.96,11/5/2024,Tokyo,Desktop,8.11,1.54,28.45,1414.87,YES,YES,TRUE
4191,129,4640,199.13,20,7,0.0543,1614,9.96,11/5/2024,Tokyo,Desktop,8.11,1.54,28.45,1414.87,YES,YES,TRUE
4192,129,4637,199.13,16,6,0.0465,1614,12.45,11/9/2024,Cairo,Desktop,8.11,1.54,33.19,1414.87,YES,YES,FALSE
4193,167,3389,199.13,30,8,0.0479,1614,6.64,11/22/2024,Cairo,Desktop,8.11,1.19,24.89,1414.87,YES,YES,FALSE
4194,122,5042,199.13,17,5,0.041,1614,11.71,9/11/2024,Tokyo,Mobile,8.11,1.63,39.83,1414.87,YES,YES,FALSE
4195,192,5582,199.13,22,6,0.0312,1614,9.05,1/11/2024,Paris,Tablet,8.11,1.04,33.19,1414.87,YES,YES,FALSE
4196,101,3752,199.13,20,5,0.0495,1614,9.96,11/28/2024,Riyad,Tablet,8.11,1.97,39.83,1414.87,YES,YES,FALSE
4197,131,4052,199.13,14,6,0.0458,1614,14.22,11/5/2024,Baghdad,Desktop,8.11,1.52,33.19,1414.87,YES,YES,FALSE
4198,101,3129,199.13,30,8,0.0792,1614,6.64,26-11-2024,Baghdad,Desktop,8.11,1.97,24.89,1414.87,YES,YES,TRUE
4199,207,4038,199.13,12,10,0.0483,1614,16.59,11/4/2024,Cairo,Desktop,8.11,0.96,19.91,1414.87,YES,YES,FALSE
4200,137,5477,199.13,15,5,0.0365,1614,13.28,11/25/2024,Rome,Mobile,8.11,1.45,39.83,1414.87,YES,YES,FALSE
4201,168,5766,199.13,20,6,0.0357,1614,9.96,11/3/2024,Tokyo,Tablet,8.11,1.19,33.19,1414.87,YES,YES,FALSE
4202,153,3298,199.13,20,9,0.0588,1614,9.96,11/12/2024,Rome,Mobile,8.11,1.3,22.13,1414.87,YES,YES,TRUE
4203,129,4640,199.13,20,7,0.0543,1614,9.96,11/5/2024,Tokyo,Desktop,8.11,1.54,28.45,1414.87,YES,YES,TRUE
4204,162,5527,199.13,22,6,0.037,1614,9.05,11/5/2024,Paris,Desktop,8.11,1.23,33.19,1414.87,YES,YES,FALSE
4205,162,5156,199.13,10,8,0.0494,1614,19.91,20-11-2024,Rome,Mobile,8.11,1.23,24.89,1414.87,YES,YES,FALSE
4206,206,4658,199.13,24,3,0.0146,1614,8.3,11/24/2024,Beyrouth,Tablet,8.11,0.97,66.38,1414.87,YES,YES,FALSE
4207,114,5167,199.13,28,5,0.0439,1614,7.11,15-11-2024,Paris,Mobile,8.11,1.75,39.83,1414.87,YES,YES,FALSE
4208,104,4795,199.13,18,5,0.0481,1614,11.06,14-11-2024,Tokyo,Desktop,8.11,1.91,39.83,1414.87,YES,YES,FALSE
4209,120,3567,199.13,26,7,0.0583,1614,7.66,11/19/2024,Rome,Desktop,8.11,1.66,28.45,1414.87,YES,YES,TRUE
4210,106,3924,199.13,16,5,0.0472,1614,12.45,11/24/2024,Baghdad,Tablet,8.11,1.88,39.83,1414.87,YES,YES,FALSE
4211,90,3169,199.13,21,4,0.0444,1614,9.48,12/11/2024,Tokyo,Tablet,8.11,2.21,49.78,1414.87,YES,YES,FALSE
4212,101,4562,199.13,13,7,0.0693,1614,15.32,11/16/2024,London,Desktop,8.11,1.97,28.45,1414.87,YES,YES,TRUE
4213,177,4502,199.13,28,9,0.0508,1614,7.11,11/24/2024,Baghdad,Mobile,8.11,1.13,22.13,1414.87,YES,YES,TRUE
4214,101,5218,199.13,19,8,0.0792,1614,10.48,11/29/2024,Cairo,Desktop,8.11,1.97,24.89,1414.87,YES,YES,TRUE
4215,177,5041,199.13,25,3,0.0169,1614,7.97,11/25/2024,Riyad,Tablet,8.11,1.13,66.38,1414.87,YES,YES,FALSE
4216,90,3317,199.13,20,9,0.1,1614,9.96,11/13/2024,Tokyo,Mobile,8.11,2.21,22.13,1414.87,YES,YES,TRUE
4217,141,4905,199.13,24,3,0.0213,1614,8.3,11/8/2024,Baghdad,Mobile,8.11,1.41,66.38,1414.87,YES,YES,FALSE
4218,180,4348,199.13,10,7,0.0389,1614,19.91,20-11-2024,Rome,Mobile,8.11,1.11,28.45,1414.87,YES,YES,FALSE
4219,189,4123,199.13,11,8,0.0423,1614,18.1,12/11/2024,Paris,Mobile,8.11,1.05,24.89,1414.87,YES,YES,FALSE
4220,166,4062,199.13,10,10,0.0602,1614,19.91,11/21/2024,Paris,Tablet,8.11,1.2,19.91,1414.87,YES,YES,TRUE
4221,222,3555,199.13,10,7,0.0315,1614,19.91,16-11-2024,Riyad,Mobile,8.11,0.9,28.45,1414.87,YES,YES,FALSE
4222,184,3397,199.13,28,9,0.0489,1614,7.11,12/11/2024,Cairo,Tablet,8.11,1.08,22.13,1414.87,YES,YES,FALSE
4223,196,4190,199.13,18,9,0.0459,1614,11.06,11/14/2024,Riyad,Desktop,8.11,1.02,22.13,1414.87,YES,YES,FALSE
4224,129,4640,199.13,20,7,0.0543,1614,9.96,11/5/2024,Tokyo,Desktop,8.11,1.54,28.45,1414.87,YES,YES,TRUE
4225,116,5380,199.13,17,10,0.0862,1614,11.71,11/2/2024,Tokyo,Desktop,8.11,1.72,19.91,1414.87,YES,YES,TRUE
4226,131,5153,199.13,23,7,0.0534,1614,8.66,11/5/2024,Rome,Tablet,8.11,1.52,28.45,1414.87,YES,YES,TRUE
4227,187,5688,199.13,25,5,0.0267,1614,7.97,11/12/2024,Baghdad,Mobile,8.11,1.06,39.83,1414.87,YES,YES,FALSE
4228,148,3064,199.13,32,9,0.0608,1614,6.22,11/22/2024,Cairo,Desktop,8.11,1.35,22.13,1414.87,YES,YES,TRUE
4229,191,3189,199.13,22,10,0.0524,1614,9.05,11/12/2024,Rome,Mobile,8.11,1.04,19.91,1414.87,YES,YES,TRUE
4230,125,4226,199.13,15,6,0.048,1614,13.28,11/5/2024,Baghdad,Desktop,8.11,1.59,33.19,1414.87,YES,YES,FALSE
4231,129,4501,199.13,30,12,0.093,1614,6.64,11/9/2024,Paris,Mobile,8.11,1.54,16.59,1414.87,YES,YES,TRUE
4232,92,4215,199.13,14,8,0.087,1614,14.22,11/16/2024,London,Desktop,8.11,2.16,24.89,1414.87,YES,YES,TRUE
4233,100,5860,199.13,21,9,0.09,1614,9.48,20-11-2024,Riyad,Tablet,8.11,1.99,22.13,1414.87,YES,YES,TRUE
4234,191,3999,199.13,32,8,0.0419,1614,6.22,12/11/2024,Cairo,Tablet,8.11,1.04,24.89,1414.87,YES,YES,FALSE
4235,192,5148,199.13,30,5,0.026,1614,6.64,11/12/2024,Baghdad,Mobile,8.11,1.04,39.83,1414.87,YES,YES,FALSE
4236,129,4640,199.13,20,7,0.0543,1614,9.96,11/5/2024,Tokyo,Desktop,8.11,1.54,28.45,1414.87,YES,YES,TRUE
4237,171,4950,199.13,26,3,0.0175,1614,7.66,11/25/2024,Riyad,Tablet,8.11,1.16,66.38,1414.87,YES,YES,FALSE
4238,205,4906,199.13,23,3,0.0146,1614,8.66,11/25/2024,Riyad,Tablet,8.11,0.97,66.38,1414.87,YES,YES,FALSE
4239,112,5434,199.13,18,10,0.0893,1614,11.06,11/2/2024,Tokyo,Desktop,8.11,1.78,19.91,1414.87,YES,YES,TRUE
4240,194,5676,199.13,22,9,0.0464,1614,9.05,11/7/2024,Riyad,Tablet,8.11,1.03,22.13,1414.87,YES,YES,FALSE
4241,173,5360,199.13,23,4,0.0231,1614,8.66,11/12/2024,Baghdad,Mobile,8.11,1.15,49.78,1414.87,YES,YES,FALSE
4242,184,4130,199.13,33,9,0.0489,1614,6.03,12/11/2024,Cairo,Tablet,8.11,1.08,22.13,1414.87,YES,YES,FALSE
4243,190,4622,199.13,18,3,0.0158,1614,11.06,11/23/2024,Rome,Desktop,8.11,1.05,66.38,1414.87,YES,YES,FALSE
4244,193,4361,199.13,15,10,0.0518,1614,13.28,11/10/2024,Riyad,Mobile,8.11,1.03,19.91,1414.87,YES,YES,TRUE
4245,99,4292,199.13,28,5,0.0505,1614,7.11,15-11-2024,Paris,Mobile,8.11,2.01,39.83,1414.87,YES,YES,TRUE
4246,220,3920,199.13,10,8,0.0364,1614,19.91,12/11/2024,Paris,Mobile,8.11,0.91,24.89,1414.87,YES,YES,FALSE
4247,124,5344,199.13,16,3,0.0242,1614,12.45,11/23/2024,Tokyo,Mobile,8.11,1.61,66.38,1414.87,YES,YES,FALSE
4248,102,4784,199.13,27,7,0.0686,1614,7.38,11/14/2024,Paris,Desktop,8.11,1.95,28.45,1414.87,YES,YES,TRUE
4249,149,4517,199.13,20,3,0.0201,1614,9.96,11/23/2024,Rome,Desktop,8.11,1.34,66.38,1414.87,YES,YES,FALSE
4250,136,4473,199.13,28,7,0.0515,1614,7.11,3/11/2024,Riyad,Tablet,8.11,1.46,28.45,1414.87,YES,YES,TRUE
4251,151,3952,199.13,17,11,0.0728,1614,11.71,11/26/2024,Tokyo,Mobile,8.11,1.32,18.1,1414.87,YES,YES,TRUE
4252,167,5726,199.13,19,8,0.0479,1614,10.48,11/3/2024,Tokyo,Tablet,8.11,1.19,24.89,1414.87,YES,YES,FALSE
4253,120,4440,199.13,13,10,0.0833,1614,15.32,11/26/2024,Baghdad,Tablet,8.11,1.66,19.91,1414.87,YES,YES,TRUE
4254,109,3694,199.13,13,6,0.055,1614,15.32,11/23/2024,Riyad,Tablet,8.11,1.83,33.19,1414.87,YES,YES,TRUE
4255,194,5538,199.13,25,3,0.0155,1614,7.97,11/25/2024,Riyad,Tablet,8.11,1.03,66.38,1414.87,YES,YES,FALSE
4256,115,4845,199.13,27,6,0.0522,1614,7.38,11/20/2024,Tokyo,Desktop,8.11,1.73,33.19,1414.87,YES,YES,TRUE
4257,151,3313,199.13,19,5,0.0331,1614,10.48,11/7/2024,Paris,Mobile,8.11,1.32,39.83,1414.87,YES,YES,FALSE
4258,208,3545,199.13,20,6,0.0288,1614,9.96,11/4/2024,Cairo,Tablet,8.11,0.96,33.19,1414.87,YES,YES,FALSE
4259,183,4750,199.13,16,4,0.0219,1614,12.45,11/8/2024,Tokyo,Tablet,8.11,1.09,49.78,1414.87,YES,YES,FALSE
4260,190,4325,199.13,10,10,0.0526,1614,19.91,11/21/2024,Paris,Tablet,8.11,1.05,19.91,1414.87,YES,YES,TRUE
4261,124,3075,199.13,18,6,0.0484,1614,11.06,11/26/2024,Baghdad,Tablet,8.11,1.61,33.19,1414.87,YES,YES,FALSE
4262,105,5587,199.13,22,10,0.0952,1614,9.05,11/12/2024,Tokyo,Mobile,8.11,1.9,19.91,1414.87,YES,YES,TRUE
4263,164,3785,199.13,19,10,0.061,1614,10.48,11/26/2024,Tokyo,Mobile,8.11,1.21,19.91,1414.87,YES,YES,TRUE
4264,113,4798,199.13,19,3,0.0265,1614,10.48,21-11-2024,Baghdad,Desktop,8.11,1.76,66.38,1414.87,YES,YES,FALSE
4265,182,4157,199.13,10,10,0.0549,1614,19.91,11/21/2024,Paris,Tablet,8.11,1.09,19.91,1414.87,YES,YES,TRUE
4266,140,4265,199.13,11,11,0.0786,1614,18.1,11/9/2024,Cairo,Desktop,8.11,1.42,18.1,1414.87,YES,YES,TRUE
4267,89,3456,199.13,24,10,0.1124,1614,8.3,4/11/2024,Cairo,Desktop,8.11,2.24,19.91,1414.87,YES,YES,TRUE
4268,181,5725,199.13,18,4,0.0221,1614,11.06,11/11/2024,Paris,Desktop,8.11,1.1,49.78,1414.87,YES,YES,FALSE
4269,163,3434,199.13,23,5,0.0307,1614,8.66,11/7/2024,Paris,Mobile,8.11,1.22,39.83,1414.87,YES,YES,FALSE
4270,95,3866,199.13,17,4,0.0421,1614,11.71,11/24/2024,Baghdad,Tablet,8.11,2.1,49.78,1414.87,YES,YES,FALSE
4271,89,3981,199.13,22,10,0.1124,1614,9.05,4/11/2024,Cairo,Desktop,8.11,2.24,19.91,1414.87,YES,YES,TRUE
4272,119,4789,199.13,17,4,0.0336,1614,11.71,9/11/2024,Tokyo,Mobile,8.11,1.67,49.78,1414.87,YES,YES,FALSE
4273,122,4926,199.13,18,11,0.0902,1614,11.06,11/2/2024,Tokyo,Desktop,8.11,1.63,18.1,1414.87,YES,YES,TRUE
4274,97,3366,199.13,16,5,0.0515,1614,12.45,11/24/2024,Baghdad,Tablet,8.11,2.05,39.83,1414.87,YES,YES,TRUE
4275,104,5009,199.13,17,10,0.0962,1614,11.71,1/11/2024,Tokyo,Desktop,8.11,1.91,19.91,1414.87,YES,YES,TRUE
4276,86,5110,199.13,25,9,0.1047,1614,7.97,11/12/2024,Tokyo,Mobile,8.11,2.32,22.13,1414.87,YES,YES,TRUE
4277,106,5325,199.13,15,10,0.0943,1614,13.28,1/11/2024,Tokyo,Desktop,8.11,1.88,19.91,1414.87,YES,YES,TRUE
4278,189,4529,199.13,16,3,0.0159,1614,12.45,11/8/2024,Tokyo,Tablet,8.11,1.05,66.38,1414.87,YES,YES,FALSE
4279,127,3585,199.13,11,10,0.0787,1614,18.1,11/9/2024,Cairo,Desktop,8.11,1.57,19.91,1414.87,YES,YES,TRUE
4280,187,5645,199.13,20,4,0.0214,1614,9.96,11/11/2024,Paris,Desktop,8.11,1.06,49.78,1414.87,YES,YES,FALSE
4281,144,5083,199.13,29,3,0.0208,1614,6.87,11/8/2024,Baghdad,Mobile,8.11,1.38,66.38,1414.87,YES,YES,FALSE
4282,94,4299,199.13,16,7,0.0745,1614,12.45,11/5/2024,Cairo,Desktop,8.11,2.12,28.45,1414.87,YES,YES,TRUE
4283,144,5435,199.13,12,9,0.0625,1614,16.59,11/7/2024,Tokyo,Desktop,8.11,1.38,22.13,1414.87,YES,YES,TRUE
4284,93,5436,199.13,24,6,0.0645,1614,8.3,14-11-2024,Tokyo,Desktop,8.11,2.14,33.19,1414.87,YES,YES,TRUE
4285,207,4673,199.13,21,3,0.0145,1614,9.48,11/23/2024,Rome,Desktop,8.11,0.96,66.38,1414.87,YES,YES,FALSE
4286,212,3815,199.13,10,7,0.033,1614,19.91,16-11-2024,Riyad,Mobile,8.11,0.94,28.45,1414.87,YES,YES,FALSE
4287,198,5379,199.13,12,6,0.0303,1614,16.59,11/16/2024,Baghdad,Mobile,8.11,1.01,33.19,1414.87,YES,YES,FALSE
4288,130,5271,199.13,16,11,0.0846,1614,12.45,11/2/2024,Tokyo,Desktop,8.11,1.53,18.1,1414.87,YES,YES,TRUE
4289,144,3473,199.13,25,7,0.0486,1614,7.97,11/8/2024,Paris,Tablet,8.11,1.38,28.45,1414.87,YES,YES,FALSE
4290,124,3324,199.13,32,7,0.0565,1614,6.22,11/22/2024,Cairo,Desktop,8.11,1.61,28.45,1414.87,YES,YES,TRUE
4291,136,4696,199.13,25,5,0.0368,1614,7.97,11/15/2024,Riyad,Desktop,8.11,1.46,39.83,1414.87,YES,YES,FALSE
4292,129,3443,199.13,23,6,0.0465,1614,8.66,29-11-2024,Paris,Desktop,8.11,1.54,33.19,1414.87,YES,YES,FALSE
4293,119,5272,199.13,23,9,0.0756,1614,8.66,11/25/2024,Tokyo,Mobile,8.11,1.67,22.13,1414.87,YES,YES,TRUE
4294,152,4469,199.13,15,6,0.0395,1614,13.28,11/9/2024,Cairo,Desktop,8.11,1.31,33.19,1414.87,YES,YES,FALSE
4295,152,3438,199.13,17,5,0.0329,1614,11.71,11/26/2024,Baghdad,Tablet,8.11,1.31,39.83,1414.87,YES,YES,FALSE
4296,176,6149,199.13,14,6,0.0341,1614,14.22,11/16/2024,Baghdad,Mobile,8.11,1.13,33.19,1414.87,YES,YES,FALSE
4297,114,3262,199.13,21,10,0.0877,1614,9.48,21-11-2024,Baghdad,Mobile,8.11,1.75,19.91,1414.87,YES,YES,TRUE
4298,125,4048,199.13,15,6,0.048,1614,13.28,11/5/2024,Baghdad,Desktop,8.11,1.59,33.19,1414.87,YES,YES,FALSE
4299,128,3131,199.13,17,4,0.0312,1614,11.71,11/27/2024,Canberra,Desktop,8.11,1.56,49.78,1414.87,YES,YES,FALSE
4300,108,3929,199.13,21,5,0.0463,1614,9.48,11/28/2024,Riyad,Tablet,8.11,1.84,39.83,1414.87,YES,YES,FALSE
4301,97,3761,199.13,11,3,0.0309,1614,18.1,20-11-2024,Tokyo,Tablet,8.11,2.05,66.38,1414.87,YES,YES,FALSE
4302,83,4066,199.13,20,10,0.1205,1614,9.96,4/11/2024,Cairo,Desktop,8.11,2.4,19.91,1414.87,YES,YES,TRUE
4303,111,3350,199.13,28,10,0.0901,1614,7.11,23-11-2024,Cairo,Desktop,8.11,1.79,19.91,1414.87,YES,YES,TRUE
4304,113,5342,199.13,25,9,0.0796,1614,7.97,11/25/2024,Tokyo,Mobile,8.11,1.76,22.13,1414.87,YES,YES,TRUE
4305,208,4150,199.13,10,7,0.0337,1614,19.91,12/11/2024,Paris,Mobile,8.11,0.96,28.45,1414.87,YES,YES,FALSE
4306,86,3351,199.13,22,9,0.1047,1614,9.05,11/13/2024,Tokyo,Mobile,8.11,2.32,22.13,1414.87,YES,YES,TRUE
4307,81,4479,199.13,19,6,0.0741,1614,10.48,30-11-2024,Rome,Mobile,8.11,2.46,33.19,1414.87,YES,YES,TRUE
4308,113,4623,199.13,20,10,0.0885,1614,9.96,11/20/2024,Riyad,Tablet,8.11,1.76,19.91,1414.87,YES,YES,TRUE
4309,142,5497,199.13,24,5,0.0352,1614,8.3,11/1/2024,Riyad,Tablet,8.11,1.4,39.83,1414.87,YES,YES,FALSE
4310,96,5011,199.13,26,6,0.0625,1614,7.66,11/20/2024,Tokyo,Desktop,8.11,2.07,33.19,1414.87,YES,YES,TRUE
4311,125,5476,199.13,24,7,0.056,1614,8.3,11/11/2024,Baghdad,Tablet,8.11,1.59,28.45,1414.87,YES,YES,TRUE
4312,112,5188,199.13,19,8,0.0714,1614,10.48,11/29/2024,Cairo,Desktop,8.11,1.78,24.89,1414.87,YES,YES,TRUE
4313,198,2822,199.13,24,7,0.0354,1614,8.3,11/4/2024,Cairo,Tablet,8.11,1.01,28.45,1414.87,YES,YES,FALSE
4314,130,4651,199.13,25,9,0.0692,1614,7.97,11/9/2024,Paris,Mobile,8.11,1.53,22.13,1414.87,YES,YES,TRUE
4315,133,3467,199.13,11,10,0.0752,1614,18.1,11/9/2024,Cairo,Desktop,8.11,1.5,19.91,1414.87,YES,YES,TRUE
4316,111,5267,199.13,19,3,0.027,1614,10.48,11/16/2024,Cairo,Desktop,8.11,1.79,66.38,1414.87,YES,YES,FALSE
4317,129,4640,199.13,20,7,0.0543,1614,9.96,11/5/2024,Tokyo,Desktop,8.11,1.54,28.45,1414.87,YES,YES,TRUE
4318,110,3278,199.13,19,10,0.0909,1614,10.48,21-11-2024,Baghdad,Mobile,8.11,1.81,19.91,1414.87,YES,YES,TRUE
4319,111,5578,199.13,25,8,0.0721,1614,7.97,11/25/2024,Tokyo,Mobile,8.11,1.79,24.89,1414.87,YES,YES,TRUE
4320,128,4728,199.13,14,10,0.0781,1614,14.22,11/26/2024,Baghdad,Tablet,8.11,1.56,19.91,1414.87,YES,YES,TRUE
4321,228,5303,199.13,14,9,0.0395,1614,14.22,11/10/2024,Riyad,Mobile,8.11,0.87,22.13,1414.87,YES,YES,FALSE
4322,105,4159,199.13,24,5,0.0476,1614,8.3,11/22/2024,Beijin,Desktop,8.11,1.9,39.83,1414.87,YES,YES,FALSE
4323,157,3217,199.13,17,10,0.0637,1614,11.71,11/25/2024,Baghdad,Mobile,8.11,1.27,19.91,1414.87,YES,YES,TRUE
4324,151,4883,199.13,34,9,0.0596,1614,5.86,11/28/2024,Rome,Mobile,8.11,1.32,22.13,1414.87,YES,YES,TRUE
4325,127,4955,199.13,15,11,0.0866,1614,13.28,11/26/2024,Baghdad,Tablet,8.11,1.57,18.1,1414.87,YES,YES,TRUE
4326,87,5362,199.13,10,6,0.069,1614,19.91,11/9/2024,Rome,Tablet,8.11,2.29,33.19,1414.87,YES,YES,TRUE
4327,146,4372,199.13,21,10,0.0685,1614,9.48,12/11/2024,Cairo,Mobile,8.11,1.36,19.91,1414.87,YES,YES,TRUE
4328,113,4532,199.13,23,6,0.0531,1614,8.66,15-11-2024,Paris,Mobile,8.11,1.76,33.19,1414.87,YES,YES,TRUE
4329,158,5225,199.13,27,6,0.038,1614,7.38,11/11/2024,Baghdad,Tablet,8.11,1.26,33.19,1414.87,YES,YES,FALSE
4330,105,5153,199.13,16,9,0.0857,1614,12.45,1/11/2024,Tokyo,Desktop,8.11,1.9,22.13,1414.87,YES,YES,TRUE
4331,153,4737,199.13,11,9,0.0588,1614,18.1,20-11-2024,Rome,Mobile,8.11,1.3,22.13,1414.87,YES,YES,TRUE
4332,200,5471,199.13,26,3,0.015,1614,7.66,11/24/2024,Beyrouth,Tablet,8.11,1,66.38,1414.87,YES,YES,FALSE
4333,95,5950,199.13,21,8,0.0842,1614,9.48,20-11-2024,Riyad,Tablet,8.11,2.1,24.89,1414.87,YES,YES,TRUE
4334,181,4996,199.13,26,7,0.0387,1614,7.66,11/11/2024,Baghdad,Tablet,8.11,1.1,28.45,1414.87,YES,YES,FALSE
4335,117,5894,199.13,16,10,0.0855,1614,12.45,11/2/2024,Tokyo,Desktop,8.11,1.7,19.91,1414.87,YES,YES,TRUE
4336,118,4541,199.13,17,11,0.0932,1614,11.71,11/2/2024,Tokyo,Desktop,8.11,1.69,18.1,1414.87,YES,YES,TRUE
4337,128,3509,199.13,18,5,0.0391,1614,11.06,11/26/2024,Baghdad,Tablet,8.11,1.56,39.83,1414.87,YES,YES,FALSE
4338,194,3669,199.13,15,8,0.0412,1614,13.28,11/14/2024,Riyad,Desktop,8.11,1.03,24.89,1414.87,YES,YES,FALSE
4339,94,5490,199.13,20,5,0.0532,1614,9.96,14-11-2024,Tokyo,Desktop,8.11,2.12,39.83,1414.87,YES,YES,TRUE
4340,123,4026,199.13,32,4,0.0325,1614,6.22,11/8/2024,Rome,Mobile,8.11,1.62,49.78,1414.87,YES,YES,FALSE
4341,87,3443,199.13,13,4,0.046,1614,15.32,20-11-2024,Tokyo,Tablet,8.11,2.29,49.78,1414.87,YES,YES,FALSE
4342,178,6088,199.13,19,7,0.0393,1614,10.48,11/3/2024,Tokyo,Tablet,8.11,1.12,28.45,1414.87,YES,YES,FALSE
4343,35,6071,199.13,22,10,0.2857,1614,9.05,11/21/2024,Tokyo,Desktop,8.11,5.69,19.91,1414.87,YES,YES,TRUE
4344,165,4600,199.13,27,8,0.0485,1614,7.38,11/28/2024,Rome,Mobile,8.11,1.21,24.89,1414.87,YES,YES,FALSE
4345,151,3270,199.13,19,6,0.0397,1614,10.48,11/26/2024,Baghdad,Tablet,8.11,1.32,33.19,1414.87,YES,YES,FALSE
4346,101,5299,199.13,17,9,0.0891,1614,11.71,1/11/2024,Tokyo,Desktop,8.11,1.97,22.13,1414.87,YES,YES,TRUE
4347,126,6226,199.13,16,3,0.0238,1614,12.45,11/23/2024,Tokyo,Mobile,8.11,1.58,66.38,1414.87,YES,YES,FALSE
4348,41,4392,199.13,22,9,0.2195,1614,9.05,11/21/2024,Tokyo,Desktop,8.11,4.86,22.13,1414.87,YES,YES,TRUE
4349,144,5437,199.13,26,6,0.0417,1614,7.66,11/5/2024,Paris,Desktop,8.11,1.38,33.19,1414.87,YES,YES,FALSE
4350,103,3150,199.13,12,6,0.0583,1614,16.59,11/23/2024,Riyad,Tablet,8.11,1.93,33.19,1414.87,YES,YES,TRUE
4351,90,4695,199.13,12,6,0.0667,1614,16.59,16-11-2024,Tokyo,Mobile,8.11,2.21,33.19,1414.87,YES,YES,TRUE
4352,122,4291,199.13,30,11,0.0902,1614,6.64,11/9/2024,Paris,Mobile,8.11,1.63,18.1,1414.87,YES,YES,TRUE
4353,82,6641,199.13,11,6,0.0732,1614,18.1,16-11-2024,Tokyo,Mobile,8.11,2.43,33.19,1414.87,YES,YES,TRUE
4354,129,4640,199.13,20,7,0.0543,1614,9.96,11/5/2024,Tokyo,Desktop,8.11,1.54,28.45,1414.87,YES,YES,TRUE
4355,108,5965,199.13,25,8,0.0741,1614,7.97,11/25/2024,Tokyo,Mobile,8.11,1.84,24.89,1414.87,YES,YES,TRUE
4356,130,6148,199.13,23,8,0.0615,1614,8.66,11/25/2024,Tokyo,Mobile,8.11,1.53,24.89,1414.87,YES,YES,TRUE
4357,175,5503,199.13,16,7,0.04,1614,12.45,11/3/2024,Tokyo,Tablet,8.11,1.14,28.45,1414.87,YES,YES,FALSE
4358,164,5562,199.13,19,7,0.0427,1614,10.48,11/3/2024,Tokyo,Tablet,8.11,1.21,28.45,1414.87,YES,YES,FALSE
4359,167,2894,199.13,27,8,0.0479,1614,7.38,11/12/2024,Rome,Mobile,8.11,1.19,24.89,1414.87,YES,YES,FALSE
4360,150,4797,199.13,24,7,0.0467,1614,8.3,11/11/2024,Baghdad,Tablet,8.11,1.33,28.45,1414.87,YES,YES,FALSE
4361,83,4874,199.13,26,10,0.1205,1614,7.66,11/16/2024,Beyrouth,Tablet,8.11,2.4,19.91,1414.87,YES,YES,TRUE
4362,108,5212,199.13,27,6,0.0556,1614,7.38,11/20/2024,Tokyo,Desktop,8.11,1.84,33.19,1414.87,YES,YES,TRUE
4363,168,4265,199.13,11,10,0.0595,1614,18.1,11/21/2024,Paris,Tablet,8.11,1.19,19.91,1414.87,YES,YES,TRUE
4364,95,3387,199.13,20,9,0.0947,1614,9.96,11/13/2024,Tokyo,Mobile,8.11,2.1,22.13,1414.87,YES,YES,TRUE
4365,120,4966,199.13,28,4,0.0333,1614,7.11,11/8/2024,Rome,Mobile,8.11,1.66,49.78,1414.87,YES,YES,FALSE
4366,172,5043,199.13,19,8,0.0465,1614,10.48,16-11-2024,Baghdad,Tablet,8.11,1.16,24.89,1414.87,YES,YES,FALSE
4367,129,4640,199.13,20,7,0.0543,1614,9.96,11/5/2024,Tokyo,Desktop,8.11,1.54,28.45,1414.87,YES,YES,TRUE
4368,110,5331,199.13,14,8,0.0727,1614,14.22,1/11/2024,Tokyo,Desktop,8.11,1.81,24.89,1414.87,YES,YES,TRUE
4369,88,6703,199.13,26,9,0.1023,1614,7.66,20-11-2024,Riyad,Tablet,8.11,2.26,22.13,1414.87,YES,YES,TRUE
4370,156,3032,199.13,32,8,0.0513,1614,6.22,11/22/2024,Cairo,Desktop,8.11,1.28,24.89,1414.87,YES,YES,TRUE
4371,193,6026,199.13,30,5,0.0259,1614,6.64,11/12/2024,Baghdad,Mobile,8.11,1.03,39.83,1414.87,YES,YES,FALSE
4372,151,5259,199.13,15,7,0.0464,1614,13.28,11/25/2024,Rome,Mobile,8.11,1.32,28.45,1414.87,YES,YES,FALSE
4373,119,5000,199.13,16,9,0.0756,1614,12.45,11/26/2024,Baghdad,Tablet,8.11,1.67,22.13,1414.87,YES,YES,TRUE
4374,138,5493,199.13,23,5,0.0362,1614,8.66,11/1/2024,Riyad,Tablet,8.11,1.44,39.83,1414.87,YES,YES,FALSE
4375,119,5218,199.13,11,6,0.0504,1614,18.1,22-11-2024,Tokyo,Desktop,8.11,1.67,33.19,1414.87,YES,YES,TRUE
4376,166,3496,199.13,18,6,0.0361,1614,11.06,11/26/2024,Baghdad,Tablet,8.11,1.2,33.19,1414.87,YES,YES,FALSE
4377,75,5065,199.13,11,5,0.0667,1614,18.1,11/9/2024,Rome,Tablet,8.11,2.66,39.83,1414.87,YES,YES,TRUE
4378,108,4185,199.13,16,5,0.0463,1614,12.45,6/11/2024,Paris,Tablet,8.11,1.84,39.83,1414.87,YES,YES,FALSE
4379,97,4785,199.13,25,11,0.1134,1614,7.97,11/5/2024,Rome,Desktop,8.11,2.05,18.1,1414.87,YES,YES,TRUE
4380,145,4607,199.13,17,6,0.0414,1614,11.71,11/9/2024,Cairo,Desktop,8.11,1.37,33.19,1414.87,YES,YES,FALSE
4381,120,3243,199.13,25,6,0.05,1614,7.97,11/19/2024,Rome,Desktop,8.11,1.66,33.19,1414.87,YES,YES,TRUE
4382,150,4296,199.13,24,9,0.06,1614,8.3,11/24/2024,Baghdad,Mobile,8.11,1.33,22.13,1414.87,YES,YES,TRUE
4383,157,5316,199.13,29,5,0.0318,1614,6.87,11/15/2024,Riyad,Desktop,8.11,1.27,39.83,1414.87,YES,YES,FALSE
4384,132,4302,199.13,18,10,0.0758,1614,11.06,12/11/2024,Cairo,Mobile,8.11,1.51,19.91,1414.87,YES,YES,TRUE
4385,143,4146,199.13,22,6,0.042,1614,9.05,29-11-2024,Paris,Desktop,8.11,1.39,33.19,1414.87,YES,YES,FALSE
4386,135,3262,199.13,19,3,0.0222,1614,10.48,11/27/2024,Canberra,Desktop,8.11,1.48,66.38,1414.87,YES,YES,FALSE
4387,99,5027,199.13,27,9,0.0909,1614,7.38,11/5/2024,Rome,Desktop,8.11,2.01,22.13,1414.87,YES,YES,TRUE
4388,123,3894,199.13,10,10,0.0813,1614,19.91,11/9/2024,Cairo,Desktop,8.11,1.62,19.91,1414.87,YES,YES,TRUE
4389,74,4491,199.13,22,7,0.0946,1614,9.05,30-11-2024,Rome,Mobile,8.11,2.69,28.45,1414.87,YES,YES,TRUE
4390,97,4919,199.13,28,11,0.1134,1614,7.11,11/5/2024,Rome,Desktop,8.11,2.05,18.1,1414.87,YES,YES,TRUE
4391,106,5846,199.13,11,5,0.0472,1614,18.1,22-11-2024,Tokyo,Desktop,8.11,1.88,39.83,1414.87,YES,YES,FALSE
4392,118,4570,199.13,17,5,0.0424,1614,11.71,6/11/2024,Paris,Tablet,8.11,1.69,39.83,1414.87,YES,YES,FALSE
4393,85,6329,199.13,24,9,0.1059,1614,8.3,20-11-2024,Riyad,Tablet,8.11,2.34,22.13,1414.87,YES,YES,TRUE
4394,117,3719,199.13,19,10,0.0855,1614,10.48,21-11-2024,Baghdad,Mobile,8.11,1.7,19.91,1414.87,YES,YES,TRUE
4395,168,3437,199.13,21,8,0.0476,1614,9.48,11/12/2024,Rome,Mobile,8.11,1.19,24.89,1414.87,YES,YES,FALSE
4396,97,5991,199.13,24,10,0.1031,1614,8.3,20-11-2024,Riyad,Tablet,8.11,2.05,19.91,1414.87,YES,YES,TRUE
4397,129,4640,199.13,20,7,0.0543,1614,9.96,11/5/2024,Tokyo,Desktop,8.11,1.54,28.45,1414.87,YES,YES,TRUE
4398,190,6136,199.13,19,6,0.0316,1614,10.48,1/11/2024,Paris,Tablet,8.11,1.05,33.19,1414.87,YES,YES,FALSE
4399,93,4262,199.13,27,10,0.1075,1614,7.38,11/5/2024,Rome,Desktop,8.11,2.14,19.91,1414.87,YES,YES,TRUE
4400,136,3248,199.13,19,6,0.0441,1614,10.48,11/26/2024,Baghdad,Tablet,8.11,1.46,33.19,1414.87,YES,YES,FALSE
4401,163,3306,199.13,22,9,0.0552,1614,9.05,11/12/2024,Rome,Mobile,8.11,1.22,22.13,1414.87,YES,YES,TRUE
4402,40,5120,199.13,22,10,0.25,1614,9.05,11/21/2024,Tokyo,Desktop,8.11,4.98,19.91,1414.87,YES,YES,TRUE
4403,161,4901,199.13,14,8,0.0497,1614,14.22,27-11-2024,Cairo,Mobile,8.11,1.24,24.89,1414.87,YES,YES,TRUE
4404,164,3523,199.13,11,8,0.0488,1614,18.1,12/11/2024,Paris,Mobile,8.11,1.21,24.89,1414.87,YES,YES,FALSE
4405,136,2830,199.13,19,6,0.0441,1614,10.48,11/26/2024,Baghdad,Tablet,8.11,1.46,33.19,1414.87,YES,YES,FALSE
4406,142,6117,199.13,24,9,0.0634,1614,8.3,11/10/2024,Cairo,Desktop,8.11,1.4,22.13,1414.87,YES,YES,TRUE
4407,100,4236,199.13,27,11,0.11,1614,7.38,11/5/2024,Rome,Desktop,8.11,1.99,18.1,1414.87,YES,YES,TRUE
4408,164,3908,199.13,18,6,0.0366,1614,11.06,11/9/2024,Cairo,Desktop,8.11,1.21,33.19,1414.87,YES,YES,FALSE
4409,147,5825,199.13,13,7,0.0476,1614,15.32,11/25/2024,Rome,Mobile,8.11,1.35,28.45,1414.87,YES,YES,FALSE
4410,88,4869,199.13,20,6,0.0682,1614,9.96,30-11-2024,Rome,Mobile,8.11,2.26,33.19,1414.87,YES,YES,TRUE
4411,184,5421,199.13,19,7,0.038,1614,10.48,16-11-2024,Baghdad,Tablet,8.11,1.08,28.45,1414.87,YES,YES,FALSE
4412,167,3198,199.13,14,10,0.0599,1614,14.22,11/25/2024,Baghdad,Mobile,8.11,1.19,19.91,1414.87,YES,YES,TRUE
4413,198,3828,199.13,23,3,0.0152,1614,8.66,11/23/2024,Rome,Desktop,8.11,1.01,66.38,1414.87,YES,YES,FALSE
4414,119,4775,199.13,15,9,0.0756,1614,13.28,1/11/2024,Tokyo,Desktop,8.11,1.67,22.13,1414.87,YES,YES,TRUE
4415,179,3282,199.13,21,8,0.0447,1614,9.48,11/12/2024,Rome,Mobile,8.11,1.11,24.89,1414.87,YES,YES,FALSE
4416,102,2885,199.13,26,11,0.1078,1614,7.66,23-11-2024,Cairo,Desktop,8.11,1.95,18.1,1414.87,YES,YES,TRUE
4417,39,5416,199.13,23,9,0.2308,1614,8.66,11/21/2024,Tokyo,Desktop,8.11,5.11,22.13,1414.87,YES,YES,TRUE
4418,188,5159,199.13,22,3,0.016,1614,9.05,11/25/2024,Riyad,Tablet,8.11,1.06,66.38,1414.87,YES,YES,FALSE
4419,109,4334,199.13,28,6,0.055,1614,7.11,11/14/2024,Paris,Desktop,8.11,1.83,33.19,1414.87,YES,YES,TRUE
4420,183,4358,199.13,21,3,0.0164,1614,9.48,11/23/2024,Rome,Desktop,8.11,1.09,66.38,1414.87,YES,YES,FALSE
4421,147,3465,199.13,27,8,0.0544,1614,7.38,11/22/2024,Cairo,Desktop,8.11,1.35,24.89,1414.87,YES,YES,TRUE
4422,169,4618,199.13,13,8,0.0473,1614,15.32,27-11-2024,Cairo,Mobile,8.11,1.18,24.89,1414.87,YES,YES,FALSE
4423,88,4732,199.13,28,5,0.0568,1614,7.11,15-11-2024,Paris,Mobile,8.11,2.26,39.83,1414.87,YES,YES,TRUE
4424,214,5943,199.13,21,4,0.0187,1614,9.48,11/11/2024,Paris,Desktop,8.11,0.93,49.78,1414.87,YES,YES,FALSE
4425,117,5424,199.13,16,11,0.094,1614,12.45,11/2/2024,Tokyo,Desktop,8.11,1.7,18.1,1414.87,YES,YES,TRUE
4426,196,4316,199.13,24,3,0.0153,1614,8.3,11/25/2024,Riyad,Tablet,8.11,1.02,66.38,1414.87,YES,YES,FALSE
4427,191,4527,199.13,17,10,0.0524,1614,11.71,11/26/2024,Tokyo,Mobile,8.11,1.04,19.91,1414.87,YES,YES,TRUE
4428,126,3331,199.13,30,6,0.0476,1614,6.64,11/19/2024,Rome,Desktop,8.11,1.58,33.19,1414.87,YES,YES,FALSE
4429,126,4617,199.13,28,10,0.0794,1614,7.11,11/9/2024,Paris,Mobile,8.11,1.58,19.91,1414.87,YES,YES,TRUE
4430,141,3015,199.13,29,8,0.0567,1614,6.87,11/22/2024,Cairo,Desktop,8.11,1.41,24.89,1414.87,YES,YES,TRUE
4431,232,5785,199.13,24,8,0.0345,1614,8.3,11/7/2024,Riyad,Tablet,8.11,0.86,24.89,1414.87,YES,YES,FALSE
4432,163,2841,199.13,19,5,0.0307,1614,10.48,11/7/2024,Paris,Mobile,8.11,1.22,39.83,1414.87,YES,YES,FALSE
4433,41,5601,199.13,23,10,0.2439,1614,8.66,11/21/2024,Tokyo,Desktop,8.11,4.86,19.91,1414.87,YES,YES,TRUE
4434,194,3821,199.13,21,3,0.0155,1614,9.48,11/23/2024,Rome,Desktop,8.11,1.03,66.38,1414.87,YES,YES,FALSE
4435,128,4491,199.13,33,6,0.0469,1614,6.03,11/15/2024,Riyad,Desktop,8.11,1.56,33.19,1414.87,YES,YES,FALSE
4436,109,3488,199.13,11,6,0.055,1614,18.1,11/23/2024,Riyad,Tablet,8.11,1.83,33.19,1414.87,YES,YES,TRUE
4437,162,3534,199.13,21,7,0.0432,1614,9.48,29-11-2024,Paris,Desktop,8.11,1.23,28.45,1414.87,YES,YES,FALSE
4438,109,3911,199.13,28,4,0.0367,1614,7.11,11/8/2024,Rome,Mobile,8.11,1.83,49.78,1414.87,YES,YES,FALSE
4439,184,5909,199.13,17,7,0.038,1614,11.71,11/3/2024,Tokyo,Tablet,8.11,1.08,28.45,1414.87,YES,YES,FALSE
4440,156,4971,199.13,14,5,0.0321,1614,14.22,11/9/2024,Cairo,Desktop,8.11,1.28,39.83,1414.87,YES,YES,FALSE
4441,222,6281,199.13,27,5,0.0225,1614,7.38,11/12/2024,Baghdad,Mobile,8.11,0.9,39.83,1414.87,YES,YES,FALSE
4442,170,4032,199.13,11,8,0.0471,1614,18.1,16-11-2024,Riyad,Mobile,8.11,1.17,24.89,1414.87,YES,YES,FALSE
4443,128,4336,199.13,28,8,0.0625,1614,7.11,11/9/2024,Paris,Mobile,8.11,1.56,24.89,1414.87,YES,YES,TRUE
4444,136,5019,199.13,23,3,0.0221,1614,8.66,11/8/2024,Baghdad,Mobile,8.11,1.46,66.38,1414.87,YES,YES,FALSE
4445,85,3175,199.13,21,7,0.0824,1614,9.48,11/20/2024,Tokyo,Tablet,8.11,2.34,28.45,1414.87,YES,YES,TRUE
4446,111,5200,199.13,18,5,0.045,1614,11.06,9/11/2024,Tokyo,Mobile,8.11,1.79,39.83,1414.87,YES,YES,FALSE
4447,175,5687,199.13,25,4,0.0229,1614,7.97,11/12/2024,Baghdad,Mobile,8.11,1.14,49.78,1414.87,YES,YES,FALSE
4448,201,3645,199.13,9,8,0.0398,1614,22.13,16-11-2024,Riyad,Mobile,8.11,0.99,24.89,1414.87,YES,YES,FALSE
4449,93,5723,199.13,24,9,0.0968,1614,8.3,11/29/2024,Cairo,Desktop,8.11,2.14,22.13,1414.87,YES,YES,TRUE
4450,105,5232,199.13,30,10,0.0952,1614,6.64,11/5/2024,Rome,Desktop,8.11,1.9,19.91,1414.87,YES,YES,TRUE
4451,98,5443,199.13,14,7,0.0714,1614,14.22,1/11/2024,Tokyo,Desktop,8.11,2.03,28.45,1414.87,YES,YES,TRUE
4452,150,5820,199.13,27,7,0.0467,1614,7.38,11/11/2024,Baghdad,Tablet,8.11,1.33,28.45,1414.87,YES,YES,FALSE
4453,186,5336,199.13,13,6,0.0323,1614,15.32,11/16/2024,Baghdad,Mobile,8.11,1.07,33.19,1414.87,YES,YES,FALSE
4454,128,3602,199.13,15,5,0.0391,1614,13.28,11/5/2024,Baghdad,Desktop,8.11,1.56,39.83,1414.87,YES,YES,FALSE
4455,110,4515,199.13,26,6,0.0545,1614,7.66,11/14/2024,Paris,Desktop,8.11,1.81,33.19,1414.87,YES,YES,TRUE
4456,168,4366,199.13,29,10,0.0595,1614,6.87,11/24/2024,Baghdad,Mobile,8.11,1.19,19.91,1414.87,YES,YES,TRUE
4457,177,4580,199.13,31,8,0.0452,1614,6.42,11/28/2024,Rome,Mobile,8.11,1.13,24.89,1414.87,YES,YES,FALSE
4458,110,5102,199.13,29,5,0.0455,1614,6.87,11/15/2024,Riyad,Tablet,8.11,1.81,39.83,1414.87,YES,YES,FALSE
4459,86,3108,199.13,21,7,0.0814,1614,9.48,11/20/2024,Tokyo,Tablet,8.11,2.32,28.45,1414.87,YES,YES,TRUE
4460,126,5060,199.13,23,9,0.0714,1614,8.66,11/10/2024,Cairo,Desktop,8.11,1.58,22.13,1414.87,YES,YES,TRUE
4461,102,5737,199.13,28,6,0.0588,1614,7.11,11/15/2024,Riyad,Tablet,8.11,1.95,33.19,1414.87,YES,YES,TRUE
4462,108,4356,199.13,13,7,0.0648,1614,15.32,11/16/2024,London,Desktop,8.11,1.84,28.45,1414.87,YES,YES,TRUE
4463,104,5444,199.13,27,7,0.0673,1614,7.38,11/5/2024,Rome,Tablet,8.11,1.91,28.45,1414.87,YES,YES,TRUE
4464,178,6527,199.13,22,5,0.0281,1614,9.05,11/12/2024,Baghdad,Mobile,8.11,1.12,39.83,1414.87,YES,YES,FALSE
4465,95,6265,199.13,26,6,0.0632,1614,7.66,11/15/2024,Riyad,Tablet,8.11,2.1,33.19,1414.87,YES,YES,TRUE
4466,142,4473,199.13,18,8,0.0563,1614,11.06,18-11-2024,Baghdad,Desktop,8.11,1.4,24.89,1414.87,YES,YES,TRUE
4467,105,6097,199.13,11,9,0.0857,1614,18.1,11/3/2024,Rome,Tablet,8.11,1.9,22.13,1414.87,YES,YES,TRUE
4468,204,5205,199.13,15,9,0.0441,1614,13.28,11/10/2024,Riyad,Mobile,8.11,0.98,22.13,1414.87,YES,YES,FALSE
4469,158,4277,199.13,11,8,0.0506,1614,18.1,11/4/2024,Cairo,Desktop,8.11,1.26,24.89,1414.87,YES,YES,TRUE
4470,84,5892,199.13,24,9,0.1071,1614,8.3,20-11-2024,Riyad,Tablet,8.11,2.37,22.13,1414.87,YES,YES,TRUE
4471,110,5026,199.13,16,10,0.0909,1614,12.45,11/26/2024,Baghdad,Tablet,8.11,1.81,19.91,1414.87,YES,YES,TRUE
4472,103,4532,199.13,18,3,0.0291,1614,11.06,21-11-2024,Baghdad,Desktop,8.11,1.93,66.38,1414.87,YES,YES,FALSE
4473,132,4366,199.13,22,9,0.0682,1614,9.05,12/11/2024,Cairo,Mobile,8.11,1.51,22.13,1414.87,YES,YES,TRUE
4474,116,5678,199.13,30,7,0.0603,1614,6.64,11/20/2024,Tokyo,Desktop,8.11,1.72,28.45,1414.87,YES,YES,TRUE
4475,144,3385,199.13,22,9,0.0625,1614,9.05,17-11-2024,Rome,Mobile,8.11,1.38,22.13,1414.87,YES,YES,TRUE
4476,182,4436,199.13,15,4,0.022,1614,13.28,11/8/2024,Tokyo,Tablet,8.11,1.09,49.78,1414.87,YES,YES,FALSE
4477,181,3010,199.13,17,3,0.0166,1614,11.71,11/11/2024,Baghdad,Mobile,8.11,1.1,66.38,1414.87,YES,YES,FALSE
4478,107,4607,199.13,11,6,0.0561,1614,18.1,22-11-2024,Tokyo,Desktop,8.11,1.86,33.19,1414.87,YES,YES,TRUE
4479,133,4589,199.13,16,9,0.0677,1614,12.45,11/2/2024,Tokyo,Desktop,8.11,1.5,22.13,1414.87,YES,YES,TRUE
4480,201,5017,199.13,14,8,0.0398,1614,14.22,11/10/2024,Riyad,Mobile,8.11,0.99,24.89,1414.87,YES,YES,FALSE
4481,90,6587,199.13,19,10,0.1111,1614,10.48,20-11-2024,Riyad,Tablet,8.11,2.21,19.91,1414.87,YES,YES,TRUE
4482,146,4989,199.13,21,5,0.0342,1614,9.48,11/1/2024,Riyad,Tablet,8.11,1.36,39.83,1414.87,YES,YES,FALSE
4483,102,3665,199.13,26,5,0.049,1614,7.66,11/22/2024,Beijin,Desktop,8.11,1.95,39.83,1414.87,YES,YES,FALSE
4484,114,4376,199.13,16,9,0.0789,1614,12.45,1/11/2024,Tokyo,Desktop,8.11,1.75,22.13,1414.87,YES,YES,TRUE
4485,99,4966,199.13,18,3,0.0303,1614,11.06,21-11-2024,Baghdad,Desktop,8.11,2.01,66.38,1414.87,YES,YES,FALSE
4486,96,5829,199.13,11,6,0.0625,1614,18.1,16-11-2024,Tokyo,Mobile,8.11,2.07,33.19,1414.87,YES,YES,TRUE
4487,133,3530,199.13,10,9,0.0677,1614,19.91,11/9/2024,Cairo,Desktop,8.11,1.5,22.13,1414.87,YES,YES,TRUE
4488,133,5400,199.13,17,10,0.0752,1614,11.71,11/2/2024,Tokyo,Desktop,8.11,1.5,19.91,1414.87,YES,YES,TRUE
4489,215,3827,199.13,11,8,0.0372,1614,18.1,16-11-2024,Riyad,Mobile,8.11,0.93,24.89,1414.87,YES,YES,FALSE
4490,123,5135,199.13,24,9,0.0732,1614,8.3,11/25/2024,Tokyo,Mobile,8.11,1.62,22.13,1414.87,YES,YES,TRUE
4491,163,5362,199.13,19,7,0.0429,1614,10.48,16-11-2024,Baghdad,Tablet,8.11,1.22,28.45,1414.87,YES,YES,FALSE
4492,156,3411,199.13,22,5,0.0321,1614,9.05,11/7/2024,Paris,Mobile,8.11,1.28,39.83,1414.87,YES,YES,FALSE
4493,147,3522,199.13,24,9,0.0612,1614,8.3,17-11-2024,Rome,Mobile,8.11,1.35,22.13,1414.87,YES,YES,TRUE
4494,196,4753,199.13,9,9,0.0459,1614,22.13,20-11-2024,Rome,Mobile,8.11,1.02,22.13,1414.87,YES,YES,FALSE
4495,117,4416,199.13,17,5,0.0427,1614,11.71,6/11/2024,Paris,Tablet,8.11,1.7,39.83,1414.87,YES,YES,FALSE
4496,98,4212,199.13,18,4,0.0408,1614,11.06,11/24/2024,Baghdad,Tablet,8.11,2.03,49.78,1414.87,YES,YES,FALSE
4497,97,3555,199.13,16,5,0.0515,1614,12.45,11/24/2024,Baghdad,Tablet,8.11,2.05,39.83,1414.87,YES,YES,TRUE
4498,78,3506,199.13,21,8,0.1026,1614,9.48,11/13/2024,Tokyo,Mobile,8.11,2.55,24.89,1414.87,YES,YES,TRUE
4499,124,5034,199.13,16,10,0.0806,1614,12.45,11/2/2024,Tokyo,Desktop,8.11,1.61,19.91,1414.87,YES,YES,TRUE
4500,172,5158,199.13,23,3,0.0174,1614,8.66,11/24/2024,Beyrouth,Tablet,8.11,1.16,66.38,1414.87,YES,YES,FALSE
4501,187,4241,199.13,15,9,0.0481,1614,13.28,27-11-2024,Cairo,Mobile,8.11,1.06,22.13,1414.87,YES,YES,FALSE
4502,81,5524,199.13,11,5,0.0617,1614,18.1,16-11-2024,Tokyo,Mobile,8.11,2.46,39.83,1414.87,YES,YES,TRUE
4503,102,4053,199.13,23,5,0.049,1614,8.66,11/22/2024,Beijin,Desktop,8.11,1.95,39.83,1414.87,YES,YES,FALSE
4504,103,4923,199.13,24,9,0.0874,1614,8.3,11/12/2024,Tokyo,Mobile,8.11,1.93,22.13,1414.87,YES,YES,TRUE
4505,120,5198,199.13,24,5,0.0417,1614,8.3,11/1/2024,Riyad,Tablet,8.11,1.66,39.83,1414.87,YES,YES,FALSE
4506,138,6060,199.13,18,8,0.058,1614,11.06,11/2/2024,Tokyo,Desktop,8.11,1.44,24.89,1414.87,YES,YES,TRUE
4507,136,5117,199.13,29,4,0.0294,1614,6.87,11/15/2024,Riyad,Desktop,8.11,1.46,49.78,1414.87,YES,YES,FALSE
4508,120,4756,199.13,18,10,0.0833,1614,11.06,11/2/2024,Tokyo,Desktop,8.11,1.66,19.91,1414.87,YES,YES,TRUE
4509,157,2794,199.13,18,6,0.0382,1614,11.06,11/7/2024,Paris,Mobile,8.11,1.27,33.19,1414.87,YES,YES,FALSE
4510,126,5003,199.13,17,12,0.0952,1614,11.71,11/2/2024,Tokyo,Desktop,8.11,1.58,16.59,1414.87,YES,YES,TRUE
4511,92,3921,199.13,22,4,0.0435,1614,9.05,12/11/2024,Tokyo,Tablet,8.11,2.16,49.78,1414.87,YES,YES,FALSE
4512,135,3318,199.13,18,3,0.0222,1614,11.06,11/27/2024,Canberra,Desktop,8.11,1.48,66.38,1414.87,YES,YES,FALSE
4513,186,2717,199.13,18,3,0.0161,1614,11.06,11/11/2024,Baghdad,Mobile,8.11,1.07,66.38,1414.87,YES,YES,FALSE
4514,201,5124,199.13,20,7,0.0348,1614,9.96,11/3/2024,Tokyo,Tablet,8.11,0.99,28.45,1414.87,YES,YES,FALSE
4515,139,3486,199.13,12,11,0.0791,1614,16.59,11/9/2024,Cairo,Desktop,8.11,1.43,18.1,1414.87,YES,YES,TRUE
4516,127,3473,199.13,19,11,0.0866,1614,10.48,21-11-2024,Baghdad,Mobile,8.11,1.57,18.1,1414.87,YES,YES,TRUE
4517,211,6701,199.13,25,6,0.0284,1614,7.97,1/11/2024,Paris,Tablet,8.11,0.94,33.19,1414.87,YES,YES,FALSE
4518,121,4722,199.13,21,3,0.0248,1614,9.48,11/8/2024,Baghdad,Mobile,8.11,1.65,66.38,1414.87,YES,YES,FALSE
4519,123,5034,199.13,22,8,0.065,1614,9.05,11/29/2024,Cairo,Desktop,8.11,1.62,24.89,1414.87,YES,YES,TRUE
4520,127,3390,199.13,12,11,0.0866,1614,16.59,11/9/2024,Cairo,Desktop,8.11,1.57,18.1,1414.87,YES,YES,TRUE
4521,113,5674,199.13,20,6,0.0531,1614,9.96,14-11-2024,Tokyo,Desktop,8.11,1.76,33.19,1414.87,YES,YES,TRUE
4522,133,3716,199.13,12,9,0.0677,1614,16.59,11/9/2024,Cairo,Desktop,8.11,1.5,22.13,1414.87,YES,YES,TRUE
4523,129,4640,199.13,20,7,0.0543,1614,9.96,11/5/2024,Tokyo,Desktop,8.11,1.54,28.45,1414.87,YES,YES,TRUE
4524,94,4640,199.13,25,10,0.1064,1614,7.97,11/5/2024,Rome,Desktop,8.11,2.12,19.91,1414.87,YES,YES,TRUE
4525,114,4558,199.13,23,4,0.0351,1614,8.66,15-11-2024,Paris,Mobile,8.11,1.75,49.78,1414.87,YES,YES,FALSE
4526,111,5185,199.13,11,5,0.045,1614,18.1,22-11-2024,Tokyo,Desktop,8.11,1.79,39.83,1414.87,YES,YES,FALSE
4527,220,7210,199.13,24,9,0.0409,1614,8.3,11/7/2024,Riyad,Tablet,8.11,0.91,22.13,1414.87,YES,YES,FALSE
4528,91,3497,199.13,23,9,0.0989,1614,8.66,11/20/2024,Tokyo,Tablet,8.11,2.19,22.13,1414.87,YES,YES,TRUE
4529,181,4618,199.13,24,8,0.0442,1614,8.3,11/24/2024,Baghdad,Mobile,8.11,1.1,24.89,1414.87,YES,YES,FALSE
4530,82,4525,199.13,28,11,0.1341,1614,7.11,11/5/2024,Rome,Desktop,8.11,2.43,18.1,1414.87,YES,YES,TRUE
4531,95,5269,199.13,21,10,0.1053,1614,9.48,20-11-2024,Riyad,Tablet,8.11,2.1,19.91,1414.87,YES,YES,TRUE
4532,99,6249,199.13,23,9,0.0909,1614,8.66,20-11-2024,Riyad,Tablet,8.11,2.01,22.13,1414.87,YES,YES,TRUE
4533,115,5729,199.13,26,4,0.0348,1614,7.66,11/24/2024,London,Tablet,8.11,1.73,49.78,1414.87,YES,YES,FALSE
4534,152,4670,199.13,29,5,0.0329,1614,6.87,11/15/2024,Riyad,Desktop,8.11,1.31,39.83,1414.87,YES,YES,FALSE
4535,98,3964,199.13,24,5,0.051,1614,8.3,11/22/2024,Beijin,Desktop,8.11,2.03,39.83,1414.87,YES,YES,TRUE
4536,180,3030,199.13,18,3,0.0167,1614,11.06,11/11/2024,Baghdad,Mobile,8.11,1.11,66.38,1414.87,YES,YES,FALSE
4537,105,6269,199.13,26,9,0.0857,1614,7.66,20-11-2024,Riyad,Tablet,8.11,1.9,22.13,1414.87,YES,YES,TRUE
4538,141,4546,199.13,14,9,0.0638,1614,14.22,27-11-2024,Cairo,Mobile,8.11,1.41,22.13,1414.87,YES,YES,TRUE
4539,192,3891,199.13,14,8,0.0417,1614,14.22,11/14/2024,Riyad,Desktop,8.11,1.04,24.89,1414.87,YES,YES,FALSE
4540,118,5181,199.13,24,7,0.0593,1614,8.3,11/25/2024,Tokyo,Mobile,8.11,1.69,28.45,1414.87,YES,YES,TRUE
4541,105,5006,199.13,13,5,0.0476,1614,15.32,22-11-2024,Tokyo,Desktop,8.11,1.9,39.83,1414.87,YES,YES,FALSE
4542,92,4133,199.13,21,4,0.0435,1614,9.48,12/11/2024,Tokyo,Tablet,8.11,2.16,49.78,1414.87,YES,YES,FALSE
4543,114,5061,199.13,17,9,0.0789,1614,11.71,1/11/2024,Tokyo,Desktop,8.11,1.75,22.13,1414.87,YES,YES,TRUE
4544,91,4178,199.13,20,10,0.1099,1614,9.96,4/11/2024,Cairo,Desktop,8.11,2.19,19.91,1414.87,YES,YES,TRUE
4545,108,4445,199.13,28,6,0.0556,1614,7.11,15-11-2024,Paris,Mobile,8.11,1.84,33.19,1414.87,YES,YES,TRUE
4546,161,4909,199.13,15,5,0.0311,1614,13.28,11/9/2024,Cairo,Desktop,8.11,1.24,39.83,1414.87,YES,YES,FALSE
4547,121,4529,199.13,26,10,0.0826,1614,7.66,11/9/2024,Paris,Mobile,8.11,1.65,19.91,1414.87,YES,YES,TRUE
4548,112,4578,199.13,11,6,0.0536,1614,18.1,22-11-2024,Tokyo,Desktop,8.11,1.78,33.19,1414.87,YES,YES,TRUE
4549,137,5183,199.13,25,5,0.0365,1614,7.97,11/5/2024,Paris,Desktop,8.11,1.45,39.83,1414.87,YES,YES,FALSE
4550,119,4538,199.13,14,6,0.0504,1614,14.22,11/5/2024,Baghdad,Desktop,8.11,1.67,33.19,1414.87,YES,YES,TRUE
4551,150,4362,199.13,28,5,0.0333,1614,7.11,11/15/2024,Riyad,Desktop,8.11,1.33,39.83,1414.87,YES,YES,FALSE
4552,173,3936,199.13,20,3,0.0173,1614,9.96,11/23/2024,Rome,Desktop,8.11,1.15,66.38,1414.87,YES,YES,FALSE
4553,81,3330,199.13,23,8,0.0988,1614,8.66,11/20/2024,Tokyo,Tablet,8.11,2.46,24.89,1414.87,YES,YES,TRUE
4554,145,5447,199.13,27,9,0.0621,1614,7.38,11/24/2024,Baghdad,Mobile,8.11,1.37,22.13,1414.87,YES,YES,TRUE
4555,192,2844,199.13,23,6,0.0312,1614,8.66,11/4/2024,Cairo,Tablet,8.11,1.04,33.19,1414.87,YES,YES,FALSE
4556,159,5291,199.13,28,8,0.0503,1614,7.11,11/11/2024,Baghdad,Tablet,8.11,1.25,24.89,1414.87,YES,YES,TRUE
4557,119,4573,199.13,18,5,0.042,1614,11.06,6/11/2024,Paris,Tablet,8.11,1.67,39.83,1414.87,YES,YES,FALSE
4558,197,2882,199.13,17,3,0.0152,1614,11.71,11/11/2024,Baghdad,Mobile,8.11,1.01,66.38,1414.87,YES,YES,FALSE
4559,127,3226,199.13,14,6,0.0472,1614,14.22,11/26/2024,Baghdad,Tablet,8.11,1.57,33.19,1414.87,YES,YES,FALSE
4560,101,3484,199.13,25,5,0.0495,1614,7.97,11/22/2024,Beijin,Desktop,8.11,1.97,39.83,1414.87,YES,YES,FALSE
4561,170,4314,199.13,13,8,0.0471,1614,15.32,27-11-2024,Cairo,Mobile,8.11,1.17,24.89,1414.87,YES,YES,FALSE
4562,104,4681,199.13,20,6,0.0577,1614,9.96,14-11-2024,Tokyo,Desktop,8.11,1.91,33.19,1414.87,YES,YES,TRUE
4563,133,5599,199.13,24,9,0.0677,1614,8.3,11/25/2024,Tokyo,Mobile,8.11,1.5,22.13,1414.87,YES,YES,TRUE
4564,160,3243,199.13,19,3,0.0188,1614,10.48,11/11/2024,Baghdad,Mobile,8.11,1.24,66.38,1414.87,YES,YES,FALSE
4565,180,4461,199.13,16,8,0.0444,1614,12.45,27-11-2024,Cairo,Mobile,8.11,1.11,24.89,1414.87,YES,YES,FALSE
4566,118,5291,199.13,25,5,0.0424,1614,7.97,15-11-2024,Paris,Mobile,8.11,1.69,39.83,1414.87,YES,YES,FALSE
4567,164,3511,199.13,21,8,0.0488,1614,9.48,11/12/2024,Rome,Mobile,8.11,1.21,24.89,1414.87,YES,YES,FALSE
4568,126,5404,199.13,14,6,0.0476,1614,14.22,11/25/2024,Rome,Mobile,8.11,1.58,33.19,1414.87,YES,YES,FALSE
4569,189,3749,199.13,15,8,0.0423,1614,13.28,11/14/2024,Riyad,Desktop,8.11,1.05,24.89,1414.87,YES,YES,FALSE
4570,181,5620,199.13,12,6,0.0331,1614,16.59,11/2/2024,Riyad,Desktop,8.11,1.1,33.19,1414.87,YES,YES,FALSE
4571,102,2834,199.13,27,9,0.0882,1614,7.38,23-11-2024,Cairo,Desktop,8.11,1.95,22.13,1414.87,YES,YES,TRUE
4572,98,5430,199.13,26,7,0.0714,1614,7.66,11/12/2024,Tokyo,Mobile,8.11,2.03,28.45,1414.87,YES,YES,TRUE
4573,180,6004,199.13,21,8,0.0444,1614,9.48,11/7/2024,Riyad,Tablet,8.11,1.11,24.89,1414.87,YES,YES,FALSE
4574,119,4008,199.13,17,11,0.0924,1614,11.71,21-11-2024,Baghdad,Mobile,8.11,1.67,18.1,1414.87,YES,YES,TRUE
4575,214,3900,199.13,9,6,0.028,1614,22.13,12/11/2024,Paris,Mobile,8.11,0.93,33.19,1414.87,YES,YES,FALSE
4576,125,3064,199.13,28,6,0.048,1614,7.11,11/19/2024,Rome,Desktop,8.11,1.59,33.19,1414.87,YES,YES,FALSE
4577,79,3426,199.13,21,4,0.0506,1614,9.48,12/11/2024,Tokyo,Tablet,8.11,2.52,49.78,1414.87,YES,YES,TRUE
4578,144,4921,199.13,21,5,0.0347,1614,9.48,11/1/2024,Riyad,Tablet,8.11,1.38,39.83,1414.87,YES,YES,FALSE
4579,125,5464,199.13,19,5,0.04,1614,10.48,9/11/2024,Tokyo,Mobile,8.11,1.59,39.83,1414.87,YES,YES,FALSE
4580,130,4291,199.13,32,8,0.0615,1614,6.22,3/11/2024,Riyad,Tablet,8.11,1.53,24.89,1414.87,YES,YES,TRUE
4581,93,3303,199.13,27,7,0.0753,1614,7.38,26-11-2024,Baghdad,Desktop,8.11,2.14,28.45,1414.87,YES,YES,TRUE
4582,126,5029,199.13,23,3,0.0238,1614,8.66,11/8/2024,Baghdad,Mobile,8.11,1.58,66.38,1414.87,YES,YES,FALSE
4583,90,3543,199.13,22,10,0.1111,1614,9.05,11/13/2024,Tokyo,Mobile,8.11,2.21,19.91,1414.87,YES,YES,TRUE
4584,113,5071,199.13,12,8,0.0708,1614,16.59,11/3/2024,Rome,Tablet,8.11,1.76,24.89,1414.87,YES,YES,TRUE
4585,101,5055,199.13,18,5,0.0495,1614,11.06,6/11/2024,Paris,Tablet,8.11,1.97,39.83,1414.87,YES,YES,FALSE
4586,146,4649,199.13,27,3,0.0205,1614,7.38,11/8/2024,Baghdad,Mobile,8.11,1.36,66.38,1414.87,YES,YES,FALSE
4587,122,5457,199.13,19,5,0.041,1614,10.48,9/11/2024,Tokyo,Mobile,8.11,1.63,39.83,1414.87,YES,YES,FALSE
4588,100,3097,199.13,24,7,0.07,1614,8.3,26-11-2024,Baghdad,Desktop,8.11,1.99,28.45,1414.87,YES,YES,TRUE
4589,85,3318,199.13,22,8,0.0941,1614,9.05,11/20/2024,Tokyo,Tablet,8.11,2.34,24.89,1414.87,YES,YES,TRUE
4590,129,5640,199.13,25,8,0.062,1614,7.97,11/10/2024,Cairo,Desktop,8.11,1.54,24.89,1414.87,YES,YES,TRUE
4591,84,5904,199.13,12,6,0.0714,1614,16.59,16-11-2024,Tokyo,Mobile,8.11,2.37,33.19,1414.87,YES,YES,TRUE
4592,139,5471,199.13,27,6,0.0432,1614,7.38,11/5/2024,Paris,Desktop,8.11,1.43,33.19,1414.87,YES,YES,FALSE
4593,145,5725,199.13,22,6,0.0414,1614,9.05,11/5/2024,Paris,Desktop,8.11,1.37,33.19,1414.87,YES,YES,FALSE
4594,123,5551,199.13,13,5,0.0407,1614,15.32,11/6/2024,Cairo,Mobile,8.11,1.62,39.83,1414.87,YES,YES,FALSE
4595,117,5464,199.13,18,10,0.0855,1614,11.06,11/2/2024,Tokyo,Desktop,8.11,1.7,19.91,1414.87,YES,YES,TRUE
4596,109,5759,199.13,11,5,0.0459,1614,18.1,22-11-2024,Tokyo,Desktop,8.11,1.83,39.83,1414.87,YES,YES,FALSE
4597,180,3644,199.13,24,6,0.0333,1614,8.3,23-11-2024,Baghdad,Mobile,8.11,1.11,33.19,1414.87,YES,YES,FALSE
4598,211,5984,199.13,21,6,0.0284,1614,9.48,11/3/2024,Tokyo,Tablet,8.11,0.94,33.19,1414.87,YES,YES,FALSE
4599,160,4452,199.13,14,10,0.0625,1614,14.22,11/26/2024,Tokyo,Mobile,8.11,1.24,19.91,1414.87,YES,YES,TRUE
4600,83,3555,199.13,12,3,0.0361,1614,16.59,20-11-2024,Tokyo,Tablet,8.11,2.4,66.38,1414.87,YES,YES,FALSE
4601,153,5691,199.13,25,7,0.0458,1614,7.97,11/25/2024,Tokyo,Mobile,8.11,1.3,28.45,1414.87,YES,YES,FALSE
4602,128,5141,199.13,18,3,0.0234,1614,11.06,11/16/2024,Cairo,Desktop,8.11,1.56,66.38,1414.87,YES,YES,FALSE
4603,101,4932,199.13,16,9,0.0891,1614,12.45,11/26/2024,Baghdad,Tablet,8.11,1.97,22.13,1414.87,YES,YES,TRUE
4604,129,4640,199.13,20,7,0.0543,1614,9.96,11/5/2024,Tokyo,Desktop,8.11,1.54,28.45,1414.87,YES,YES,TRUE
4605,92,5110,199.13,24,10,0.1087,1614,8.3,11/5/2024,Rome,Desktop,8.11,2.16,19.91,1414.87,YES,YES,TRUE
4606,186,5097,199.13,9,9,0.0484,1614,22.13,20-11-2024,Rome,Mobile,8.11,1.07,22.13,1414.87,YES,YES,FALSE
4607,88,4423,199.13,12,6,0.0682,1614,16.59,16-11-2024,Tokyo,Mobile,8.11,2.26,33.19,1414.87,YES,YES,TRUE
4608,83,3801,199.13,20,9,0.1084,1614,9.96,11/13/2024,Tokyo,Mobile,8.11,2.4,22.13,1414.87,YES,YES,TRUE
4609,202,2953,199.13,15,3,0.0149,1614,13.28,11/11/2024,Baghdad,Mobile,8.11,0.99,66.38,1414.87,YES,YES,FALSE
4610,124,4972,199.13,17,9,0.0726,1614,11.71,11/2/2024,Tokyo,Desktop,8.11,1.61,22.13,1414.87,YES,YES,TRUE
4611,109,5409,199.13,26,6,0.055,1614,7.66,11/15/2024,Riyad,Tablet,8.11,1.83,33.19,1414.87,YES,YES,TRUE
4612,195,4704,199.13,14,4,0.0205,1614,14.22,11/8/2024,Tokyo,Tablet,8.11,1.02,49.78,1414.87,YES,YES,FALSE
4613,151,3166,199.13,15,9,0.0596,1614,13.28,11/25/2024,Baghdad,Mobile,8.11,1.32,22.13,1414.87,YES,YES,TRUE
4614,131,3067,199.13,19,3,0.0229,1614,10.48,11/27/2024,Canberra,Desktop,8.11,1.52,66.38,1414.87,YES,YES,FALSE
4615,118,4453,199.13,19,11,0.0932,1614,10.48,11/20/2024,Riyad,Tablet,8.11,1.69,18.1,1414.87,YES,YES,TRUE
4616,113,3487,199.13,10,6,0.0531,1614,19.91,11/23/2024,Riyad,Tablet,8.11,1.76,33.19,1414.87,YES,YES,TRUE
4617,145,6312,199.13,15,7,0.0483,1614,13.28,11/25/2024,Rome,Mobile,8.11,1.37,28.45,1414.87,YES,YES,FALSE
4618,111,5621,199.13,17,11,0.0991,1614,11.71,1/11/2024,Tokyo,Desktop,8.11,1.79,18.1,1414.87,YES,YES,TRUE
4619,198,4115,199.13,12,10,0.0505,1614,16.59,16-11-2024,Riyad,Mobile,8.11,1.01,19.91,1414.87,YES,YES,TRUE
4620,184,2915,199.13,25,8,0.0435,1614,7.97,11/4/2024,Cairo,Tablet,8.11,1.08,24.89,1414.87,YES,YES,FALSE
4621,147,3752,199.13,19,8,0.0544,1614,10.48,29-11-2024,Paris,Desktop,8.11,1.35,24.89,1414.87,YES,YES,TRUE
4622,129,4640,199.13,20,7,0.0543,1614,9.96,11/5/2024,Tokyo,Desktop,8.11,1.54,28.45,1414.87,YES,YES,TRUE
4623,121,4726,199.13,12,5,0.0413,1614,16.59,11/6/2024,Cairo,Mobile,8.11,1.65,39.83,1414.87,YES,YES,FALSE
4624,98,3058,199.13,26,7,0.0714,1614,7.66,26-11-2024,Baghdad,Desktop,8.11,2.03,28.45,1414.87,YES,YES,TRUE
4625,129,4640,199.13,20,7,0.0543,1614,9.96,11/5/2024,Tokyo,Desktop,8.11,1.54,28.45,1414.87,YES,YES,TRUE
4626,130,5904,199.13,16,6,0.0462,1614,12.45,11/25/2024,Rome,Mobile,8.11,1.53,33.19,1414.87,YES,YES,FALSE
4627,188,5889,199.13,22,4,0.0213,1614,9.05,11/11/2024,Paris,Desktop,8.11,1.06,49.78,1414.87,YES,YES,FALSE
4628,184,4619,199.13,9,8,0.0435,1614,22.13,20-11-2024,Rome,Mobile,8.11,1.08,24.89,1414.87,YES,YES,FALSE
4629,175,3276,199.13,24,8,0.0457,1614,8.3,11/12/2024,Rome,Mobile,8.11,1.14,24.89,1414.87,YES,YES,FALSE
4630,200,5116,199.13,24,6,0.03,1614,8.3,1/11/2024,Paris,Tablet,8.11,1,33.19,1414.87,YES,YES,FALSE
4631,93,4827,199.13,16,3,0.0323,1614,12.45,21-11-2024,Baghdad,Desktop,8.11,2.14,66.38,1414.87,YES,YES,FALSE
4632,162,3250,199.13,15,6,0.037,1614,13.28,11/26/2024,Baghdad,Tablet,8.11,1.23,33.19,1414.87,YES,YES,FALSE
4633,124,3188,199.13,18,3,0.0242,1614,11.06,11/27/2024,Canberra,Desktop,8.11,1.61,66.38,1414.87,YES,YES,FALSE
4634,179,3064,199.13,22,7,0.0391,1614,9.05,11/4/2024,Cairo,Tablet,8.11,1.11,28.45,1414.87,YES,YES,FALSE
4635,94,3319,199.13,23,11,0.117,1614,8.66,23-11-2024,Cairo,Desktop,8.11,2.12,18.1,1414.87,YES,YES,TRUE
4636,136,3250,199.13,18,6,0.0441,1614,11.06,11/26/2024,Baghdad,Tablet,8.11,1.46,33.19,1414.87,YES,YES,FALSE
4637,113,3563,199.13,17,5,0.0442,1614,11.71,11/24/2024,Baghdad,Tablet,8.11,1.76,39.83,1414.87,YES,YES,FALSE
4638,126,5324,199.13,27,4,0.0317,1614,7.38,11/24/2024,London,Tablet,8.11,1.58,49.78,1414.87,YES,YES,FALSE
4639,170,3856,199.13,27,8,0.0471,1614,7.38,12/11/2024,Cairo,Tablet,8.11,1.17,24.89,1414.87,YES,YES,FALSE
4640,111,6548,199.13,12,8,0.0721,1614,16.59,11/3/2024,Rome,Tablet,8.11,1.79,24.89,1414.87,YES,YES,TRUE
4641,150,4273,199.13,28,6,0.04,1614,7.11,3/11/2024,Riyad,Tablet,8.11,1.33,33.19,1414.87,YES,YES,FALSE
4642,167,5453,199.13,16,7,0.0419,1614,12.45,16-11-2024,Baghdad,Tablet,8.11,1.19,28.45,1414.87,YES,YES,FALSE
4643,182,3871,199.13,22,7,0.0385,1614,9.05,23-11-2024,Baghdad,Mobile,8.11,1.09,28.45,1414.87,YES,YES,FALSE
4644,99,5810,199.13,22,10,0.101,1614,9.05,20-11-2024,Riyad,Tablet,8.11,2.01,19.91,1414.87,YES,YES,TRUE
4645,160,5557,199.13,24,6,0.0375,1614,8.3,11/11/2024,Baghdad,Tablet,8.11,1.24,33.19,1414.87,YES,YES,FALSE
4646,111,5334,199.13,30,4,0.036,1614,6.64,15-11-2024,Paris,Mobile,8.11,1.79,49.78,1414.87,YES,YES,FALSE
4647,130,4692,199.13,32,4,0.0308,1614,6.22,11/8/2024,Rome,Mobile,8.11,1.53,49.78,1414.87,YES,YES,FALSE
4648,188,3136,199.13,15,3,0.016,1614,13.28,11/11/2024,Baghdad,Mobile,8.11,1.06,66.38,1414.87,YES,YES,FALSE
4649,117,3914,199.13,28,6,0.0513,1614,7.11,11/19/2024,Rome,Desktop,8.11,1.7,33.19,1414.87,YES,YES,TRUE
4650,166,3152,199.13,16,9,0.0542,1614,12.45,11/25/2024,Baghdad,Mobile,8.11,1.2,22.13,1414.87,YES,YES,TRUE
4651,133,5110,199.13,26,6,0.0451,1614,7.66,3/11/2024,Riyad,Tablet,8.11,1.5,33.19,1414.87,YES,YES,FALSE
4652,149,3568,199.13,32,8,0.0537,1614,6.22,11/22/2024,Cairo,Desktop,8.11,1.34,24.89,1414.87,YES,YES,TRUE
4653,136,3527,199.13,19,6,0.0441,1614,10.48,11/26/2024,Baghdad,Tablet,8.11,1.46,33.19,1414.87,YES,YES,FALSE
4654,92,5261,199.13,22,6,0.0652,1614,9.05,14-11-2024,Tokyo,Desktop,8.11,2.16,33.19,1414.87,YES,YES,TRUE
4655,112,5122,199.13,18,3,0.0268,1614,11.06,21-11-2024,Baghdad,Desktop,8.11,1.78,66.38,1414.87,YES,YES,FALSE
4656,166,3349,199.13,24,6,0.0361,1614,8.3,11/4/2024,Cairo,Tablet,8.11,1.2,33.19,1414.87,YES,YES,FALSE
4657,161,3793,199.13,29,7,0.0435,1614,6.87,11/8/2024,Paris,Tablet,8.11,1.24,28.45,1414.87,YES,YES,FALSE
4658,112,5390,199.13,26,8,0.0714,1614,7.66,11/29/2024,Cairo,Desktop,8.11,1.78,24.89,1414.87,YES,YES,TRUE
4659,166,3568,199.13,20,3,0.0181,1614,9.96,11/23/2024,Rome,Desktop,8.11,1.2,66.38,1414.87,YES,YES,FALSE
4660,96,3166,199.13,29,10,0.1042,1614,6.87,23-11-2024,Cairo,Desktop,8.11,2.07,19.91,1414.87,YES,YES,TRUE
4661,91,4196,199.13,15,6,0.0659,1614,13.28,11/5/2024,Cairo,Desktop,8.11,2.19,33.19,1414.87,YES,YES,TRUE
4662,117,3463,199.13,20,10,0.0855,1614,9.96,21-11-2024,Baghdad,Mobile,8.11,1.7,19.91,1414.87,YES,YES,TRUE
4663,121,5451,199.13,28,9,0.0744,1614,7.11,11/9/2024,Paris,Mobile,8.11,1.65,22.13,1414.87,YES,YES,TRUE
4664,95,5168,199.13,24,9,0.0947,1614,8.3,11/16/2024,Beyrouth,Tablet,8.11,2.1,22.13,1414.87,YES,YES,TRUE
4665,156,2755,199.13,18,5,0.0321,1614,11.06,11/7/2024,Paris,Mobile,8.11,1.28,39.83,1414.87,YES,YES,FALSE
4666,142,5067,199.13,28,6,0.0423,1614,7.11,11/15/2024,Riyad,Desktop,8.11,1.4,33.19,1414.87,YES,YES,FALSE
4667,116,5969,199.13,25,8,0.069,1614,7.97,11/25/2024,Tokyo,Mobile,8.11,1.72,24.89,1414.87,YES,YES,TRUE
4668,168,2925,199.13,19,7,0.0417,1614,10.48,11/4/2024,Cairo,Tablet,8.11,1.19,28.45,1414.87,YES,YES,FALSE
4669,199,3049,199.13,21,7,0.0352,1614,9.48,11/4/2024,Cairo,Tablet,8.11,1,28.45,1414.87,YES,YES,FALSE
4670,120,5177,199.13,12,5,0.0417,1614,16.59,22-11-2024,Tokyo,Desktop,8.11,1.66,39.83,1414.87,YES,YES,FALSE
4671,174,3697,199.13,9,9,0.0517,1614,22.13,11/21/2024,Paris,Tablet,8.11,1.14,22.13,1414.87,YES,YES,TRUE
4672,124,4534,199.13,20,3,0.0242,1614,9.96,11/16/2024,Cairo,Desktop,8.11,1.61,66.38,1414.87,YES,YES,FALSE
4673,162,3401,199.13,22,8,0.0494,1614,9.05,11/12/2024,Rome,Mobile,8.11,1.23,24.89,1414.87,YES,YES,FALSE
4674,100,3552,199.13,18,10,0.1,1614,11.06,21-11-2024,Baghdad,Mobile,8.11,1.99,19.91,1414.87,YES,YES,TRUE
4675,179,5516,199.13,13,6,0.0335,1614,15.32,11/2/2024,Riyad,Desktop,8.11,1.11,33.19,1414.87,YES,YES,FALSE
4676,174,2815,199.13,25,7,0.0402,1614,7.97,11/4/2024,Cairo,Tablet,8.11,1.14,28.45,1414.87,YES,YES,FALSE
4677,91,4745,199.13,25,11,0.1209,1614,7.97,11/5/2024,Rome,Desktop,8.11,2.19,18.1,1414.87,YES,YES,TRUE
4678,100,5819,199.13,23,4,0.04,1614,8.66,11/24/2024,London,Tablet,8.11,1.99,49.78,1414.87,YES,YES,FALSE
4679,161,4118,199.13,9,9,0.0559,1614,22.13,11/21/2024,Paris,Tablet,8.11,1.24,22.13,1414.87,YES,YES,TRUE
4680,39,5972,199.13,24,9,0.2308,1614,8.3,11/21/2024,Tokyo,Desktop,8.11,5.11,22.13,1414.87,YES,YES,TRUE
4681,85,3164,199.13,19,9,0.1059,1614,10.48,11/13/2024,Tokyo,Mobile,8.11,2.34,22.13,1414.87,YES,YES,TRUE
4682,135,5360,199.13,27,7,0.0519,1614,7.38,11/5/2024,Paris,Desktop,8.11,1.48,28.45,1414.87,YES,YES,TRUE
4683,199,5205,199.13,24,3,0.0151,1614,8.3,11/25/2024,Riyad,Tablet,8.11,1,66.38,1414.87,YES,YES,FALSE
4684,192,5402,199.13,15,9,0.0469,1614,13.28,11/10/2024,Riyad,Mobile,8.11,1.04,22.13,1414.87,YES,YES,FALSE
4685,188,2818,199.13,23,8,0.0426,1614,8.66,11/4/2024,Cairo,Tablet,8.11,1.06,24.89,1414.87,YES,YES,FALSE
4686,176,3491,199.13,16,3,0.017,1614,12.45,11/11/2024,Baghdad,Mobile,8.11,1.13,66.38,1414.87,YES,YES,FALSE
4687,156,4401,199.13,26,7,0.0449,1614,7.66,11/11/2024,Baghdad,Tablet,8.11,1.28,28.45,1414.87,YES,YES,FALSE
4688,173,4724,199.13,27,7,0.0405,1614,7.38,11/8/2024,Paris,Tablet,8.11,1.15,28.45,1414.87,YES,YES,FALSE
4689,102,5101,199.13,12,4,0.0392,1614,16.59,22-11-2024,Tokyo,Desktop,8.11,1.95,49.78,1414.87,YES,YES,FALSE
4690,173,5314,199.13,24,7,0.0405,1614,8.3,11/11/2024,Baghdad,Tablet,8.11,1.15,28.45,1414.87,YES,YES,FALSE
4691,174,5350,199.13,16,4,0.023,1614,12.45,11/8/2024,Tokyo,Tablet,8.11,1.14,49.78,1414.87,YES,YES,FALSE
4692,131,5331,199.13,11,5,0.0382,1614,18.1,11/6/2024,Cairo,Mobile,8.11,1.52,39.83,1414.87,YES,YES,FALSE
4693,138,2999,199.13,16,7,0.0507,1614,12.45,11/26/2024,Baghdad,Tablet,8.11,1.44,28.45,1414.87,YES,YES,TRUE
4694,200,5303,199.13,22,3,0.015,1614,9.05,11/24/2024,Beyrouth,Tablet,8.11,1,66.38,1414.87,YES,YES,FALSE
4695,149,4292,199.13,33,9,0.0604,1614,6.03,12/11/2024,Cairo,Tablet,8.11,1.34,22.13,1414.87,YES,YES,TRUE
4696,112,4660,199.13,19,8,0.0714,1614,10.48,11/8/2024,Baghdad,Desktop,8.11,1.78,24.89,1414.87,YES,YES,TRUE
4697,161,3931,199.13,28,7,0.0435,1614,7.11,11/22/2024,Cairo,Desktop,8.11,1.24,28.45,1414.87,YES,YES,FALSE
4698,154,5001,199.13,27,5,0.0325,1614,7.38,11/15/2024,Riyad,Desktop,8.11,1.29,39.83,1414.87,YES,YES,FALSE
4699,118,4342,199.13,12,7,0.0593,1614,16.59,11/16/2024,London,Desktop,8.11,1.69,28.45,1414.87,YES,YES,TRUE
4700,113,3426,199.13,20,5,0.0442,1614,9.96,11/28/2024,Riyad,Tablet,8.11,1.76,39.83,1414.87,YES,YES,FALSE
4701,188,3667,199.13,31,8,0.0426,1614,6.42,12/11/2024,Cairo,Tablet,8.11,1.06,24.89,1414.87,YES,YES,FALSE
4702,129,4640,199.13,20,7,0.0543,1614,9.96,11/5/2024,Tokyo,Desktop,8.11,1.54,28.45,1414.87,YES,YES,TRUE
4703,199,3816,199.13,16,8,0.0402,1614,12.45,11/14/2024,Riyad,Desktop,8.11,1,24.89,1414.87,YES,YES,FALSE
4704,104,4958,199.13,10,5,0.0481,1614,19.91,22-11-2024,Tokyo,Desktop,8.11,1.91,39.83,1414.87,YES,YES,FALSE
4705,132,3862,199.13,30,4,0.0303,1614,6.64,11/8/2024,Rome,Mobile,8.11,1.51,49.78,1414.87,YES,YES,FALSE
4706,139,4403,199.13,30,8,0.0576,1614,6.64,11/8/2024,Paris,Tablet,8.11,1.43,24.89,1414.87,YES,YES,TRUE
4707,129,5014,199.13,23,3,0.0233,1614,8.66,11/8/2024,Baghdad,Mobile,8.11,1.54,66.38,1414.87,YES,YES,FALSE
4708,90,3529,199.13,12,3,0.0333,1614,16.59,20-11-2024,Tokyo,Tablet,8.11,2.21,66.38,1414.87,YES,YES,FALSE
4709,98,3432,199.13,20,10,0.102,1614,9.96,21-11-2024,Baghdad,Mobile,8.11,2.03,19.91,1414.87,YES,YES,TRUE
4710,202,6104,199.13,24,10,0.0495,1614,8.3,11/7/2024,Riyad,Tablet,8.11,0.99,19.91,1414.87,YES,YES,FALSE
4711,211,5817,199.13,23,6,0.0284,1614,8.66,1/11/2024,Paris,Tablet,8.11,0.94,33.19,1414.87,YES,YES,FALSE
4712,159,3167,199.13,26,8,0.0503,1614,7.66,11/12/2024,Rome,Mobile,8.11,1.25,24.89,1414.87,YES,YES,TRUE
4713,83,3911,199.13,20,3,0.0361,1614,9.96,12/11/2024,Tokyo,Tablet,8.11,2.4,66.38,1414.87,YES,YES,FALSE
4714,114,5383,199.13,24,7,0.0614,1614,8.3,11/5/2024,Rome,Tablet,8.11,1.75,28.45,1414.87,YES,YES,TRUE
4715,145,3013,199.13,17,10,0.069,1614,11.71,11/25/2024,Baghdad,Mobile,8.11,1.37,19.91,1414.87,YES,YES,TRUE
4716,103,4687,199.13,16,3,0.0291,1614,12.45,21-11-2024,Baghdad,Desktop,8.11,1.93,66.38,1414.87,YES,YES,FALSE
4717,146,3893,199.13,18,7,0.0479,1614,11.06,29-11-2024,Paris,Desktop,8.11,1.36,28.45,1414.87,YES,YES,FALSE
4718,84,3504,199.13,20,9,0.1071,1614,9.96,11/13/2024,Tokyo,Mobile,8.11,2.37,22.13,1414.87,YES,YES,TRUE
4719,188,5127,199.13,19,8,0.0426,1614,10.48,16-11-2024,Baghdad,Tablet,8.11,1.06,24.89,1414.87,YES,YES,FALSE
4720,174,3813,199.13,26,7,0.0402,1614,7.66,23-11-2024,Baghdad,Mobile,8.11,1.14,28.45,1414.87,YES,YES,FALSE
4721,157,4471,199.13,27,5,0.0318,1614,7.38,11/15/2024,Riyad,Desktop,8.11,1.27,39.83,1414.87,YES,YES,FALSE
4722,108,4635,199.13,22,10,0.0926,1614,9.05,11/8/2024,Baghdad,Desktop,8.11,1.84,19.91,1414.87,YES,YES,TRUE
4723,129,4640,199.13,20,7,0.0543,1614,9.96,11/5/2024,Tokyo,Desktop,8.11,1.54,28.45,1414.87,YES,YES,TRUE
4724,184,5244,199.13,30,8,0.0435,1614,6.64,11/28/2024,Rome,Mobile,8.11,1.08,24.89,1414.87,YES,YES,FALSE
4725,201,5126,199.13,21,3,0.0149,1614,9.48,11/24/2024,Beyrouth,Tablet,8.11,0.99,66.38,1414.87,YES,YES,FALSE
4726,165,4209,199.13,20,10,0.0606,1614,9.96,11/26/2024,Tokyo,Mobile,8.11,1.21,19.91,1414.87,YES,YES,TRUE
4727,94,6501,199.13,11,5,0.0532,1614,18.1,16-11-2024,Tokyo,Mobile,8.11,2.12,39.83,1414.87,YES,YES,TRUE
4728,108,4395,199.13,13,7,0.0648,1614,15.32,11/16/2024,London,Desktop,8.11,1.84,28.45,1414.87,YES,YES,TRUE
4729,144,3670,199.13,24,5,0.0347,1614,8.3,11/7/2024,Paris,Mobile,8.11,1.38,39.83,1414.87,YES,YES,FALSE
4730,134,4052,199.13,31,4,0.0299,1614,6.42,11/8/2024,Rome,Mobile,8.11,1.49,49.78,1414.87,YES,YES,FALSE
4731,119,4848,199.13,17,10,0.084,1614,11.71,1/11/2024,Tokyo,Desktop,8.11,1.67,19.91,1414.87,YES,YES,TRUE
4732,188,4254,199.13,12,10,0.0532,1614,16.59,11/4/2024,Cairo,Desktop,8.11,1.06,19.91,1414.87,YES,YES,TRUE
4733,90,3284,199.13,22,9,0.1,1614,9.05,11/13/2024,Tokyo,Mobile,8.11,2.21,22.13,1414.87,YES,YES,TRUE
4734,42,4944,199.13,24,11,0.2619,1614,8.3,11/21/2024,Tokyo,Desktop,8.11,4.74,18.1,1414.87,YES,YES,TRUE
4735,132,5353,199.13,19,9,0.0682,1614,10.48,12/11/2024,Cairo,Mobile,8.11,1.51,22.13,1414.87,YES,YES,TRUE
4736,105,5537,199.13,21,6,0.0571,1614,9.48,14-11-2024,Tokyo,Desktop,8.11,1.9,33.19,1414.87,YES,YES,TRUE
4737,91,4956,199.13,26,11,0.1209,1614,7.66,11/5/2024,Rome,Desktop,8.11,2.19,18.1,1414.87,YES,YES,TRUE
4738,160,4510,199.13,30,8,0.05,1614,6.64,11/28/2024,Rome,Mobile,8.11,1.24,24.89,1414.87,YES,YES,TRUE
4739,225,5664,199.13,26,5,0.0222,1614,7.66,11/12/2024,Baghdad,Mobile,8.11,0.89,39.83,1414.87,YES,YES,FALSE
4740,116,5428,199.13,18,10,0.0862,1614,11.06,11/8/2024,Baghdad,Desktop,8.11,1.72,19.91,1414.87,YES,YES,TRUE
4741,105,2897,199.13,11,6,0.0571,1614,18.1,11/23/2024,Riyad,Tablet,8.11,1.9,33.19,1414.87,YES,YES,TRUE
4742,134,2991,199.13,29,7,0.0522,1614,6.87,11/19/2024,Rome,Desktop,8.11,1.49,28.45,1414.87,YES,YES,TRUE
4743,131,3122,199.13,18,7,0.0534,1614,11.06,11/26/2024,Baghdad,Tablet,8.11,1.52,28.45,1414.87,YES,YES,TRUE
4744,109,4089,199.13,21,5,0.0459,1614,9.48,11/28/2024,Riyad,Tablet,8.11,1.83,39.83,1414.87,YES,YES,FALSE
4745,128,4346,199.13,20,5,0.0391,1614,9.96,6/11/2024,Paris,Tablet,8.11,1.56,39.83,1414.87,YES,YES,FALSE
4746,90,4695,199.13,28,9,0.1,1614,7.11,11/16/2024,Beyrouth,Tablet,8.11,2.21,22.13,1414.87,YES,YES,TRUE
4747,82,5561,199.13,25,9,0.1098,1614,7.97,11/12/2024,Tokyo,Mobile,8.11,2.43,22.13,1414.87,YES,YES,TRUE
4748,101,3545,199.13,28,10,0.099,1614,7.11,23-11-2024,Cairo,Desktop,8.11,1.97,19.91,1414.87,YES,YES,TRUE
4749,109,4745,199.13,30,4,0.0367,1614,6.64,11/24/2024,London,Tablet,8.11,1.83,49.78,1414.87,YES,YES,FALSE
4750,97,3548,199.13,19,8,0.0825,1614,10.48,11/13/2024,Tokyo,Mobile,8.11,2.05,24.89,1414.87,YES,YES,TRUE
4751,113,5238,199.13,20,11,0.0973,1614,9.96,11/2/2024,Tokyo,Desktop,8.11,1.76,18.1,1414.87,YES,YES,TRUE
4752,102,5960,199.13,23,10,0.098,1614,8.66,11/12/2024,Tokyo,Mobile,8.11,1.95,19.91,1414.87,YES,YES,TRUE
4753,129,4640,199.13,20,7,0.0543,1614,9.96,11/5/2024,Tokyo,Desktop,8.11,1.54,28.45,1414.87,YES,YES,TRUE
4754,164,5520,199.13,19,7,0.0427,1614,10.48,11/3/2024,Tokyo,Tablet,8.11,1.21,28.45,1414.87,YES,YES,FALSE
4755,168,4120,199.13,30,7,0.0417,1614,6.64,11/8/2024,Paris,Tablet,8.11,1.19,28.45,1414.87,YES,YES,FALSE
4756,129,2998,199.13,16,3,0.0233,1614,12.45,11/27/2024,Canberra,Desktop,8.11,1.54,66.38,1414.87,YES,YES,FALSE
4757,171,3719,199.13,11,11,0.0643,1614,18.1,11/21/2024,Paris,Tablet,8.11,1.16,18.1,1414.87,YES,YES,TRUE
4758,200,3568,199.13,9,7,0.035,1614,22.13,12/11/2024,Paris,Mobile,8.11,1,28.45,1414.87,YES,YES,FALSE
4759,191,5714,199.13,11,6,0.0314,1614,18.1,11/16/2024,Baghdad,Mobile,8.11,1.04,33.19,1414.87,YES,YES,FALSE
4760,111,4150,199.13,30,11,0.0991,1614,6.64,11/9/2024,Paris,Mobile,8.11,1.79,18.1,1414.87,YES,YES,TRUE
4761,193,5781,199.13,30,5,0.0259,1614,6.64,11/12/2024,Baghdad,Mobile,8.11,1.03,39.83,1414.87,YES,YES,FALSE
4762,113,4937,199.13,10,9,0.0796,1614,19.91,11/3/2024,Rome,Tablet,8.11,1.76,22.13,1414.87,YES,YES,TRUE
4763,146,4988,199.13,21,7,0.0479,1614,9.48,18-11-2024,Baghdad,Desktop,8.11,1.36,28.45,1414.87,YES,YES,FALSE
4764,97,5908,199.13,23,9,0.0928,1614,8.66,11/29/2024,Cairo,Desktop,8.11,2.05,22.13,1414.87,YES,YES,TRUE
4765,86,6112,199.13,11,7,0.0814,1614,18.1,16-11-2024,Tokyo,Mobile,8.11,2.32,28.45,1414.87,YES,YES,TRUE
4766,112,5030,199.13,12,5,0.0446,1614,16.59,22-11-2024,Tokyo,Desktop,8.11,1.78,39.83,1414.87,YES,YES,FALSE
4767,167,4774,199.13,30,9,0.0539,1614,6.64,11/28/2024,Rome,Mobile,8.11,1.19,22.13,1414.87,YES,YES,TRUE
4768,109,4729,199.13,11,5,0.0459,1614,18.1,22-11-2024,Tokyo,Desktop,8.11,1.83,39.83,1414.87,YES,YES,FALSE
4769,201,4228,199.13,9,7,0.0348,1614,22.13,12/11/2024,Paris,Mobile,8.11,0.99,28.45,1414.87,YES,YES,FALSE
4770,128,5385,199.13,14,6,0.0469,1614,14.22,11/9/2024,Cairo,Desktop,8.11,1.56,33.19,1414.87,YES,YES,FALSE
4771,137,3770,199.13,23,8,0.0584,1614,8.66,29-11-2024,Paris,Desktop,8.11,1.45,24.89,1414.87,YES,YES,TRUE
4772,162,4050,199.13,25,10,0.0617,1614,7.97,11/12/2024,Rome,Mobile,8.11,1.23,19.91,1414.87,YES,YES,TRUE
4773,116,4673,199.13,18,3,0.0259,1614,11.06,11/16/2024,Cairo,Desktop,8.11,1.72,66.38,1414.87,YES,YES,FALSE
4774,193,3738,199.13,35,8,0.0415,1614,5.69,11/8/2024,Paris,Tablet,8.11,1.03,24.89,1414.87,YES,YES,FALSE
4775,143,4120,199.13,31,8,0.0559,1614,6.42,3/11/2024,Riyad,Tablet,8.11,1.39,24.89,1414.87,YES,YES,TRUE
4776,114,5712,199.13,11,8,0.0702,1614,18.1,11/3/2024,Rome,Tablet,8.11,1.75,24.89,1414.87,YES,YES,TRUE
4777,118,6080,199.13,17,5,0.0424,1614,11.71,9/11/2024,Tokyo,Mobile,8.11,1.69,39.83,1414.87,YES,YES,FALSE
4778,104,4690,199.13,18,3,0.0288,1614,11.06,21-11-2024,Baghdad,Desktop,8.11,1.91,66.38,1414.87,YES,YES,FALSE
4779,175,5266,199.13,12,6,0.0343,1614,16.59,11/16/2024,Baghdad,Mobile,8.11,1.14,33.19,1414.87,YES,YES,FALSE
4780,98,4166,199.13,15,6,0.0612,1614,13.28,11/5/2024,Cairo,Desktop,8.11,2.03,33.19,1414.87,YES,YES,TRUE
4781,107,4889,199.13,16,6,0.0561,1614,12.45,6/11/2024,Paris,Tablet,8.11,1.86,33.19,1414.87,YES,YES,TRUE
4782,88,4181,199.13,18,4,0.0455,1614,11.06,12/11/2024,Tokyo,Tablet,8.11,2.26,49.78,1414.87,YES,YES,FALSE
4783,118,4259,199.13,16,10,0.0847,1614,12.45,12/11/2024,Cairo,Mobile,8.11,1.69,19.91,1414.87,YES,YES,TRUE
4784,111,4240,199.13,12,5,0.045,1614,16.59,11/6/2024,Cairo,Mobile,8.11,1.79,39.83,1414.87,YES,YES,FALSE
4785,130,4076,199.13,14,5,0.0385,1614,14.22,6/11/2024,Paris,Tablet,8.11,1.53,39.83,1414.87,YES,YES,FALSE
4786,167,3771,199.13,15,10,0.0599,1614,13.28,11/25/2024,Baghdad,Mobile,8.11,1.19,19.91,1414.87,YES,YES,TRUE
4787,181,3940,199.13,28,9,0.0497,1614,7.11,12/11/2024,Cairo,Tablet,8.11,1.1,22.13,1414.87,YES,YES,TRUE
4788,203,3968,199.13,14,8,0.0394,1614,14.22,11/14/2024,Riyad,Desktop,8.11,0.98,24.89,1414.87,YES,YES,FALSE
4789,91,3852,199.13,19,10,0.1099,1614,10.48,11/13/2024,Tokyo,Mobile,8.11,2.19,19.91,1414.87,YES,YES,TRUE
4790,100,5203,199.13,14,8,0.08,1614,14.22,11/16/2024,London,Desktop,8.11,1.99,24.89,1414.87,YES,YES,TRUE
4791,150,3723,199.13,25,8,0.0533,1614,7.97,12/11/2024,Cairo,Tablet,8.11,1.33,24.89,1414.87,YES,YES,TRUE
4792,114,4492,199.13,14,6,0.0526,1614,14.22,11/16/2024,London,Desktop,8.11,1.75,33.19,1414.87,YES,YES,TRUE
4793,117,4271,199.13,16,6,0.0513,1614,12.45,6/11/2024,Paris,Tablet,8.11,1.7,33.19,1414.87,YES,YES,TRUE
4794,129,4640,199.13,20,7,0.0543,1614,9.96,11/5/2024,Tokyo,Desktop,8.11,1.54,28.45,1414.87,YES,YES,TRUE
4795,139,3849,199.13,26,8,0.0576,1614,7.66,3/11/2024,Riyad,Tablet,8.11,1.43,24.89,1414.87,YES,YES,TRUE
4796,208,2648,199.13,22,7,0.0337,1614,9.05,11/4/2024,Cairo,Tablet,8.11,0.96,28.45,1414.87,YES,YES,FALSE
4797,111,5013,199.13,12,8,0.0721,1614,16.59,11/3/2024,Rome,Tablet,8.11,1.79,24.89,1414.87,YES,YES,TRUE
4798,204,5499,199.13,23,3,0.0147,1614,8.66,11/24/2024,Beyrouth,Tablet,8.11,0.98,66.38,1414.87,YES,YES,FALSE
4799,128,4755,199.13,28,4,0.0312,1614,7.11,11/24/2024,London,Tablet,8.11,1.56,49.78,1414.87,YES,YES,FALSE
4800,173,5588,199.13,14,4,0.0231,1614,14.22,11/8/2024,Tokyo,Tablet,8.11,1.15,49.78,1414.87,YES,YES,FALSE
4801,87,4278,199.13,26,8,0.092,1614,7.66,11/16/2024,Beyrouth,Tablet,8.11,2.29,24.89,1414.87,YES,YES,TRUE
4802,161,6660,199.13,13,6,0.0373,1614,15.32,11/2/2024,Riyad,Desktop,8.11,1.24,33.19,1414.87,YES,YES,FALSE
4803,176,3666,199.13,10,7,0.0398,1614,19.91,16-11-2024,Riyad,Mobile,8.11,1.13,28.45,1414.87,YES,YES,FALSE
4804,101,2769,199.13,31,6,0.0594,1614,6.42,26-11-2024,Baghdad,Desktop,8.11,1.97,33.19,1414.87,YES,YES,TRUE
4805,171,4747,199.13,19,3,0.0175,1614,10.48,11/23/2024,Rome,Desktop,8.11,1.16,66.38,1414.87,YES,YES,FALSE
4806,151,5139,199.13,15,6,0.0397,1614,13.28,11/9/2024,Cairo,Desktop,8.11,1.32,33.19,1414.87,YES,YES,FALSE
4807,196,5378,199.13,27,5,0.0255,1614,7.38,30-11-2024,Tokyo,Tablet,8.11,1.02,39.83,1414.87,YES,YES,FALSE
4808,121,4968,199.13,23,3,0.0248,1614,8.66,11/8/2024,Baghdad,Mobile,8.11,1.65,66.38,1414.87,YES,YES,FALSE
4809,138,3917,199.13,15,6,0.0435,1614,13.28,11/5/2024,Baghdad,Desktop,8.11,1.44,33.19,1414.87,YES,YES,FALSE
4810,96,4733,199.13,25,11,0.1146,1614,7.97,11/5/2024,Rome,Desktop,8.11,2.07,18.1,1414.87,YES,YES,TRUE
4811,151,3753,199.13,24,7,0.0464,1614,8.3,29-11-2024,Paris,Desktop,8.11,1.32,28.45,1414.87,YES,YES,FALSE
4812,134,5315,199.13,19,3,0.0224,1614,10.48,11/23/2024,Tokyo,Mobile,8.11,1.49,66.38,1414.87,YES,YES,FALSE
4813,141,4640,199.13,13,6,0.0426,1614,15.32,11/25/2024,Rome,Mobile,8.11,1.41,33.19,1414.87,YES,YES,FALSE
4814,175,5575,199.13,13,7,0.04,1614,15.32,11/2/2024,Riyad,Desktop,8.11,1.14,28.45,1414.87,YES,YES,FALSE
4815,91,3722,199.13,21,9,0.0989,1614,9.48,21-11-2024,Baghdad,Mobile,8.11,2.19,22.13,1414.87,YES,YES,TRUE
4816,90,4468,199.13,25,9,0.1,1614,7.97,11/16/2024,Beyrouth,Tablet,8.11,2.21,22.13,1414.87,YES,YES,TRUE
4817,195,5782,199.13,24,5,0.0256,1614,8.3,11/12/2024,Baghdad,Mobile,8.11,1.02,39.83,1414.87,YES,YES,FALSE
4818,161,5412,199.13,15,6,0.0373,1614,13.28,11/2/2024,Riyad,Desktop,8.11,1.24,33.19,1414.87,YES,YES,FALSE
4819,129,4640,199.13,20,7,0.0543,1614,9.96,11/5/2024,Tokyo,Desktop,8.11,1.54,28.45,1414.87,YES,YES,TRUE
4820,91,6174,199.13,26,9,0.0989,1614,7.66,11/12/2024,Tokyo,Mobile,8.11,2.19,22.13,1414.87,YES,YES,TRUE
4821,91,4963,199.13,25,8,0.0879,1614,7.97,11/29/2024,Cairo,Desktop,8.11,2.19,24.89,1414.87,YES,YES,TRUE
4822,204,5981,199.13,14,6,0.0294,1614,14.22,11/16/2024,Baghdad,Mobile,8.11,0.98,33.19,1414.87,YES,YES,FALSE
4823,160,4701,199.13,30,8,0.05,1614,6.64,11/28/2024,Rome,Mobile,8.11,1.24,24.89,1414.87,YES,YES,TRUE
4824,177,4024,199.13,14,9,0.0508,1614,14.22,11/14/2024,Riyad,Desktop,8.11,1.13,22.13,1414.87,YES,YES,TRUE
4825,188,3555,199.13,10,7,0.0372,1614,19.91,16-11-2024,Riyad,Mobile,8.11,1.06,28.45,1414.87,YES,YES,FALSE
4826,95,3257,199.13,23,9,0.0947,1614,8.66,11/13/2024,Tokyo,Mobile,8.11,2.1,22.13,1414.87,YES,YES,TRUE
4827,167,4651,199.13,28,8,0.0479,1614,7.11,11/24/2024,Baghdad,Mobile,8.11,1.19,24.89,1414.87,YES,YES,FALSE
4828,167,3215,199.13,24,9,0.0539,1614,8.3,11/12/2024,Rome,Mobile,8.11,1.19,22.13,1414.87,YES,YES,TRUE
4829,170,6002,199.13,15,6,0.0353,1614,13.28,11/2/2024,Riyad,Desktop,8.11,1.17,33.19,1414.87,YES,YES,FALSE
4830,105,3745,199.13,24,5,0.0476,1614,8.3,11/22/2024,Beijin,Desktop,8.11,1.9,39.83,1414.87,YES,YES,FALSE
4831,153,6751,199.13,28,8,0.0523,1614,7.11,11/10/2024,Cairo,Desktop,8.11,1.3,24.89,1414.87,YES,YES,TRUE
4832,118,3419,199.13,11,6,0.0508,1614,18.1,11/23/2024,Riyad,Tablet,8.11,1.69,33.19,1414.87,YES,YES,TRUE
4833,131,4186,199.13,21,3,0.0229,1614,9.48,11/16/2024,Cairo,Desktop,8.11,1.52,66.38,1414.87,YES,YES,FALSE
4834,104,5224,199.13,28,10,0.0962,1614,7.11,11/5/2024,Rome,Desktop,8.11,1.91,19.91,1414.87,YES,YES,TRUE
4835,106,5236,199.13,17,11,0.1038,1614,11.71,11/2/2024,Tokyo,Desktop,8.11,1.88,18.1,1414.87,YES,YES,TRUE
4836,156,5437,199.13,30,8,0.0513,1614,6.64,11/28/2024,Rome,Mobile,8.11,1.28,24.89,1414.87,YES,YES,TRUE
4837,111,4938,199.13,27,9,0.0811,1614,7.38,11/9/2024,Paris,Mobile,8.11,1.79,22.13,1414.87,YES,YES,TRUE
4838,109,4299,199.13,16,5,0.0459,1614,12.45,6/11/2024,Paris,Tablet,8.11,1.83,39.83,1414.87,YES,YES,FALSE
4839,113,5427,199.13,17,4,0.0354,1614,11.71,9/11/2024,Tokyo,Mobile,8.11,1.76,49.78,1414.87,YES,YES,FALSE
4840,88,5024,199.13,16,8,0.0909,1614,12.45,1/11/2024,Tokyo,Desktop,8.11,2.26,24.89,1414.87,YES,YES,TRUE
4841,140,3316,199.13,14,11,0.0786,1614,14.22,11/25/2024,Baghdad,Mobile,8.11,1.42,18.1,1414.87,YES,YES,TRUE
4842,117,5611,199.13,16,9,0.0769,1614,12.45,11/2/2024,Tokyo,Desktop,8.11,1.7,22.13,1414.87,YES,YES,TRUE
4843,187,6379,199.13,20,4,0.0214,1614,9.96,11/11/2024,Paris,Desktop,8.11,1.06,49.78,1414.87,YES,YES,FALSE
4844,136,3987,199.13,21,7,0.0515,1614,9.48,29-11-2024,Paris,Desktop,8.11,1.46,28.45,1414.87,YES,YES,TRUE
4845,177,5542,199.13,19,7,0.0395,1614,10.48,11/3/2024,Tokyo,Tablet,8.11,1.13,28.45,1414.87,YES,YES,FALSE
4846,118,5980,199.13,14,5,0.0424,1614,14.22,11/6/2024,Cairo,Mobile,8.11,1.69,39.83,1414.87,YES,YES,FALSE
4847,204,4693,199.13,16,4,0.0196,1614,12.45,11/8/2024,Tokyo,Tablet,8.11,0.98,49.78,1414.87,YES,YES,FALSE
4848,98,4165,199.13,30,11,0.1122,1614,6.64,11/5/2024,Rome,Desktop,8.11,2.03,18.1,1414.87,YES,YES,TRUE
4849,93,2970,199.13,21,8,0.086,1614,9.48,11/20/2024,Tokyo,Tablet,8.11,2.14,24.89,1414.87,YES,YES,TRUE
4850,145,4883,199.13,29,7,0.0483,1614,6.87,3/11/2024,Riyad,Tablet,8.11,1.37,28.45,1414.87,YES,YES,FALSE
4851,130,5903,199.13,11,8,0.0615,1614,18.1,11/7/2024,Tokyo,Desktop,8.11,1.53,24.89,1414.87,YES,YES,TRUE
4852,155,3404,199.13,29,8,0.0516,1614,6.87,11/22/2024,Cairo,Desktop,8.11,1.28,24.89,1414.87,YES,YES,TRUE
4853,92,5224,199.13,26,8,0.087,1614,7.66,11/29/2024,Cairo,Desktop,8.11,2.16,24.89,1414.87,YES,YES,TRUE
4854,82,4634,199.13,19,6,0.0732,1614,10.48,30-11-2024,Rome,Mobile,8.11,2.43,33.19,1414.87,YES,YES,TRUE
4855,183,5561,199.13,19,9,0.0492,1614,10.48,11/7/2024,Riyad,Tablet,8.11,1.09,22.13,1414.87,YES,YES,FALSE
4856,176,4311,199.13,28,6,0.0341,1614,7.11,11/8/2024,Paris,Tablet,8.11,1.13,33.19,1414.87,YES,YES,FALSE
4857,148,5182,199.13,15,7,0.0473,1614,13.28,16-11-2024,Baghdad,Tablet,8.11,1.35,28.45,1414.87,YES,YES,FALSE
4858,144,5319,199.13,18,8,0.0556,1614,11.06,18-11-2024,Baghdad,Desktop,8.11,1.38,24.89,1414.87,YES,YES,TRUE
4859,205,3844,199.13,9,7,0.0341,1614,22.13,12/11/2024,Paris,Mobile,8.11,0.97,28.45,1414.87,YES,YES,FALSE
4860,117,4700,199.13,27,5,0.0427,1614,7.38,15-11-2024,Paris,Mobile,8.11,1.7,39.83,1414.87,YES,YES,FALSE
4861,115,4407,199.13,10,5,0.0435,1614,19.91,11/6/2024,Cairo,Mobile,8.11,1.73,39.83,1414.87,YES,YES,FALSE
4862,101,5208,199.13,30,6,0.0594,1614,6.64,11/15/2024,Riyad,Tablet,8.11,1.97,33.19,1414.87,YES,YES,TRUE
4863,125,4089,199.13,24,6,0.048,1614,8.3,11/19/2024,Rome,Desktop,8.11,1.59,33.19,1414.87,YES,YES,FALSE
4864,187,3752,199.13,24,9,0.0481,1614,8.3,11/12/2024,Rome,Mobile,8.11,1.06,22.13,1414.87,YES,YES,FALSE
4865,166,6420,199.13,27,4,0.0241,1614,7.38,30-11-2024,Tokyo,Tablet,8.11,1.2,49.78,1414.87,YES,YES,FALSE
4866,183,5471,199.13,25,6,0.0328,1614,7.97,1/11/2024,Paris,Tablet,8.11,1.09,33.19,1414.87,YES,YES,FALSE
4867,125,5465,199.13,23,9,0.072,1614,8.66,11/29/2024,Cairo,Desktop,8.11,1.59,22.13,1414.87,YES,YES,TRUE
4868,190,5286,199.13,14,5,0.0263,1614,14.22,11/16/2024,Baghdad,Mobile,8.11,1.05,39.83,1414.87,YES,YES,FALSE
4869,88,4026,199.13,14,7,0.0795,1614,14.22,11/16/2024,London,Desktop,8.11,2.26,28.45,1414.87,YES,YES,TRUE
4870,96,3443,199.13,23,5,0.0521,1614,8.66,11/22/2024,Beijin,Desktop,8.11,2.07,39.83,1414.87,YES,YES,TRUE
4871,121,3718,199.13,31,9,0.0744,1614,6.42,11/22/2024,Cairo,Desktop,8.11,1.65,22.13,1414.87,YES,YES,TRUE
4872,88,3576,199.13,23,9,0.1023,1614,8.66,11/13/2024,Tokyo,Mobile,8.11,2.26,22.13,1414.87,YES,YES,TRUE
4873,136,3897,199.13,32,4,0.0294,1614,6.22,11/8/2024,Rome,Mobile,8.11,1.46,49.78,1414.87,YES,YES,FALSE
4874,138,4319,199.13,19,8,0.058,1614,10.48,12/11/2024,Cairo,Mobile,8.11,1.44,24.89,1414.87,YES,YES,TRUE
4875,129,4640,199.13,20,7,0.0543,1614,9.96,11/5/2024,Tokyo,Desktop,8.11,1.54,28.45,1414.87,YES,YES,TRUE
4876,43,5045,199.13,22,10,0.2326,1614,9.05,11/21/2024,Tokyo,Desktop,8.11,4.63,19.91,1414.87,YES,YES,TRUE
4877,134,3382,199.13,31,7,0.0522,1614,6.42,11/22/2024,Cairo,Desktop,8.11,1.49,28.45,1414.87,YES,YES,TRUE
4878,157,5686,199.13,22,8,0.051,1614,9.05,11/3/2024,Tokyo,Tablet,8.11,1.27,24.89,1414.87,YES,YES,TRUE
4879,95,3312,199.13,26,10,0.1053,1614,7.66,23-11-2024,Cairo,Desktop,8.11,2.1,19.91,1414.87,YES,YES,TRUE
4880,95,5509,199.13,19,6,0.0632,1614,10.48,14-11-2024,Tokyo,Desktop,8.11,2.1,33.19,1414.87,YES,YES,TRUE
4881,180,4795,199.13,22,3,0.0167,1614,9.05,11/24/2024,Beyrouth,Tablet,8.11,1.11,66.38,1414.87,YES,YES,FALSE
4882,111,3147,199.13,29,6,0.0541,1614,6.87,11/19/2024,Rome,Desktop,8.11,1.79,33.19,1414.87,YES,YES,TRUE
4883,182,2751,199.13,14,3,0.0165,1614,14.22,11/11/2024,Baghdad,Mobile,8.11,1.09,66.38,1414.87,YES,YES,FALSE
4884,120,4909,199.13,23,9,0.075,1614,8.66,11/25/2024,Tokyo,Mobile,8.11,1.66,22.13,1414.87,YES,YES,TRUE
4885,134,4186,199.13,32,4,0.0299,1614,6.22,11/8/2024,Rome,Mobile,8.11,1.49,49.78,1414.87,YES,YES,FALSE
4886,125,3507,199.13,27,6,0.048,1614,7.38,11/19/2024,Rome,Desktop,8.11,1.59,33.19,1414.87,YES,YES,FALSE
4887,148,5283,199.13,11,8,0.0541,1614,18.1,11/7/2024,Tokyo,Desktop,8.11,1.35,24.89,1414.87,YES,YES,TRUE
4888,92,4903,199.13,21,3,0.0326,1614,9.48,21-11-2024,Baghdad,Desktop,8.11,2.16,66.38,1414.87,YES,YES,FALSE
4889,180,5428,199.13,10,8,0.0444,1614,19.91,20-11-2024,Rome,Mobile,8.11,1.11,24.89,1414.87,YES,YES,FALSE
4890,183,4124,199.13,12,4,0.0219,1614,16.59,11/8/2024,Tokyo,Tablet,8.11,1.09,49.78,1414.87,YES,YES,FALSE
4891,164,5110,199.13,16,7,0.0427,1614,12.45,16-11-2024,Baghdad,Tablet,8.11,1.21,28.45,1414.87,YES,YES,FALSE
4892,157,5973,199.13,24,6,0.0382,1614,8.3,11/5/2024,Paris,Desktop,8.11,1.27,33.19,1414.87,YES,YES,FALSE
4893,129,4640,199.13,20,7,0.0543,1614,9.96,11/5/2024,Tokyo,Desktop,8.11,1.54,28.45,1414.87,YES,YES,TRUE
4894,209,4555,199.13,24,3,0.0144,1614,8.3,11/25/2024,Riyad,Tablet,8.11,0.95,66.38,1414.87,YES,YES,FALSE
4895,133,5603,199.13,17,9,0.0677,1614,11.71,11/2/2024,Tokyo,Desktop,8.11,1.5,22.13,1414.87,YES,YES,TRUE
4896,100,5217,199.13,27,8,0.08,1614,7.38,11/12/2024,Tokyo,Mobile,8.11,1.99,24.89,1414.87,YES,YES,TRUE
4897,134,5570,199.13,23,5,0.0373,1614,8.66,11/5/2024,Paris,Desktop,8.11,1.49,39.83,1414.87,YES,YES,FALSE
4898,158,5610,199.13,26,5,0.0316,1614,7.66,11/12/2024,Baghdad,Mobile,8.11,1.26,39.83,1414.87,YES,YES,FALSE
4899,136,3245,199.13,18,3,0.0221,1614,11.06,11/27/2024,Canberra,Desktop,8.11,1.46,66.38,1414.87,YES,YES,FALSE
4900,173,4119,199.13,17,10,0.0578,1614,11.71,11/26/2024,Tokyo,Mobile,8.11,1.15,19.91,1414.87,YES,YES,TRUE
4901,98,4799,199.13,18,3,0.0306,1614,11.06,21-11-2024,Baghdad,Desktop,8.11,2.03,66.38,1414.87,YES,YES,FALSE
4902,182,4858,199.13,21,7,0.0385,1614,9.48,11/11/2024,Baghdad,Tablet,8.11,1.09,28.45,1414.87,YES,YES,FALSE
4903,155,5130,199.13,18,6,0.0387,1614,11.06,16-11-2024,Baghdad,Tablet,8.11,1.28,33.19,1414.87,YES,YES,FALSE
4904,118,4699,199.13,27,6,0.0508,1614,7.38,11/20/2024,Tokyo,Desktop,8.11,1.69,33.19,1414.87,YES,YES,TRUE
4905,132,5643,199.13,15,6,0.0455,1614,13.28,11/25/2024,Rome,Mobile,8.11,1.51,33.19,1414.87,YES,YES,FALSE
4906,113,5011,199.13,19,3,0.0265,1614,10.48,11/16/2024,Cairo,Desktop,8.11,1.76,66.38,1414.87,YES,YES,FALSE
4907,127,3679,199.13,31,4,0.0315,1614,6.42,11/8/2024,Rome,Mobile,8.11,1.57,49.78,1414.87,YES,YES,FALSE
4908,154,5508,199.13,25,3,0.0195,1614,7.97,11/8/2024,Baghdad,Mobile,8.11,1.29,66.38,1414.87,YES,YES,FALSE
4909,143,4783,199.13,31,5,0.035,1614,6.42,11/15/2024,Riyad,Desktop,8.11,1.39,39.83,1414.87,YES,YES,FALSE
4910,188,4360,199.13,19,9,0.0479,1614,10.48,11/26/2024,Tokyo,Mobile,8.11,1.06,22.13,1414.87,YES,YES,FALSE
4911,91,5102,199.13,20,7,0.0769,1614,9.96,30-11-2024,Rome,Mobile,8.11,2.19,28.45,1414.87,YES,YES,TRUE
4912,184,4252,199.13,12,10,0.0543,1614,16.59,11/21/2024,Paris,Tablet,8.11,1.08,19.91,1414.87,YES,YES,TRUE
4913,71,4065,199.13,11,3,0.0423,1614,18.1,20-11-2024,Tokyo,Tablet,8.11,2.8,66.38,1414.87,YES,YES,FALSE
4914,103,4829,199.13,14,11,0.1068,1614,14.22,11/26/2024,Baghdad,Tablet,8.11,1.93,18.1,1414.87,YES,YES,TRUE
4915,110,5195,199.13,18,3,0.0273,1614,11.06,21-11-2024,Baghdad,Desktop,8.11,1.81,66.38,1414.87,YES,YES,FALSE
4916,85,3244,199.13,26,10,0.1176,1614,7.66,23-11-2024,Cairo,Desktop,8.11,2.34,19.91,1414.87,YES,YES,TRUE
4917,183,5030,199.13,12,4,0.0219,1614,16.59,11/8/2024,Tokyo,Tablet,8.11,1.09,49.78,1414.87,YES,YES,FALSE
4918,200,6127,199.13,22,9,0.045,1614,9.05,11/7/2024,Riyad,Tablet,8.11,1,22.13,1414.87,YES,YES,FALSE
4919,197,6056,199.13,20,7,0.0355,1614,9.96,11/3/2024,Tokyo,Tablet,8.11,1.01,28.45,1414.87,YES,YES,FALSE
4920,108,5230,199.13,15,11,0.1019,1614,13.28,11/26/2024,Baghdad,Tablet,8.11,1.84,18.1,1414.87,YES,YES,TRUE
4921,138,4827,199.13,21,5,0.0362,1614,9.48,11/1/2024,Riyad,Tablet,8.11,1.44,39.83,1414.87,YES,YES,FALSE
4922,96,3004,199.13,29,7,0.0729,1614,6.87,26-11-2024,Baghdad,Desktop,8.11,2.07,28.45,1414.87,YES,YES,TRUE
4923,86,4020,199.13,23,9,0.1047,1614,8.66,4/11/2024,Cairo,Desktop,8.11,2.32,22.13,1414.87,YES,YES,TRUE
4924,107,4424,199.13,20,11,0.1028,1614,9.96,11/20/2024,Riyad,Tablet,8.11,1.86,18.1,1414.87,YES,YES,TRUE
4925,205,4906,199.13,23,3,0.0146,1614,8.66,11/25/2024,Riyad,Tablet,8.11,0.97,66.38,1414.87,YES,YES,FALSE
4926,180,4927,199.13,28,5,0.0278,1614,7.11,11/12/2024,Baghdad,Mobile,8.11,1.11,39.83,1414.87,YES,YES,FALSE
4927,114,3870,199.13,25,11,0.0965,1614,7.97,11/9/2024,Paris,Mobile,8.11,1.75,18.1,1414.87,YES,YES,TRUE
4928,150,6116,199.13,24,6,0.04,1614,8.3,11/5/2024,Paris,Desktop,8.11,1.33,33.19,1414.87,YES,YES,FALSE
4929,93,3000,199.13,33,7,0.0753,1614,6.03,26-11-2024,Baghdad,Desktop,8.11,2.14,28.45,1414.87,YES,YES,TRUE
4930,120,3854,199.13,10,6,0.05,1614,19.91,11/23/2024,Riyad,Tablet,8.11,1.66,33.19,1414.87,YES,YES,TRUE
4931,111,3638,199.13,18,10,0.0901,1614,11.06,21-11-2024,Baghdad,Mobile,8.11,1.79,19.91,1414.87,YES,YES,TRUE
4932,111,5254,199.13,14,9,0.0811,1614,14.22,1/11/2024,Tokyo,Desktop,8.11,1.79,22.13,1414.87,YES,YES,TRUE
4933,103,4751,199.13,19,6,0.0583,1614,10.48,14-11-2024,Tokyo,Desktop,8.11,1.93,33.19,1414.87,YES,YES,TRUE
4934,176,4306,199.13,17,11,0.0625,1614,11.71,11/26/2024,Tokyo,Mobile,8.11,1.13,18.1,1414.87,YES,YES,TRUE
4935,178,6676,199.13,30,5,0.0281,1614,6.64,30-11-2024,Tokyo,Tablet,8.11,1.12,39.83,1414.87,YES,YES,FALSE
4936,179,6025,199.13,24,3,0.0168,1614,8.3,11/25/2024,Riyad,Tablet,8.11,1.11,66.38,1414.87,YES,YES,FALSE
4937,124,5053,199.13,15,9,0.0726,1614,13.28,11/26/2024,Baghdad,Tablet,8.11,1.61,22.13,1414.87,YES,YES,TRUE
4938,206,3398,199.13,9,7,0.034,1614,22.13,12/11/2024,Paris,Mobile,8.11,0.97,28.45,1414.87,YES,YES,FALSE
4939,107,4137,199.13,16,5,0.0467,1614,12.45,6/11/2024,Paris,Tablet,8.11,1.86,39.83,1414.87,YES,YES,FALSE
4940,125,3067,199.13,25,6,0.048,1614,7.97,11/19/2024,Rome,Desktop,8.11,1.59,33.19,1414.87,YES,YES,FALSE
4941,117,5516,199.13,23,5,0.0427,1614,8.66,11/1/2024,Riyad,Tablet,8.11,1.7,39.83,1414.87,YES,YES,FALSE
4942,94,5403,199.13,28,9,0.0957,1614,7.11,11/5/2024,Rome,Desktop,8.11,2.12,22.13,1414.87,YES,YES,TRUE
4943,135,3310,199.13,18,3,0.0222,1614,11.06,11/27/2024,Canberra,Desktop,8.11,1.48,66.38,1414.87,YES,YES,FALSE
4944,164,3274,199.13,25,10,0.061,1614,7.97,11/12/2024,Rome,Mobile,8.11,1.21,19.91,1414.87,YES,YES,TRUE
4945,146,5932,199.13,27,5,0.0342,1614,7.38,11/5/2024,Paris,Desktop,8.11,1.36,39.83,1414.87,YES,YES,FALSE
4946,74,2961,199.13,27,9,0.1216,1614,7.38,23-11-2024,Cairo,Desktop,8.11,2.69,22.13,1414.87,YES,YES,TRUE
4947,96,4799,199.13,29,11,0.1146,1614,6.87,11/5/2024,Rome,Desktop,8.11,2.07,18.1,1414.87,YES,YES,TRUE
4948,115,6029,199.13,10,8,0.0696,1614,19.91,11/3/2024,Rome,Tablet,8.11,1.73,24.89,1414.87,YES,YES,TRUE
4949,172,3123,199.13,23,9,0.0523,1614,8.66,11/12/2024,Rome,Mobile,8.11,1.16,22.13,1414.87,YES,YES,TRUE
4950,110,5183,199.13,21,9,0.0818,1614,9.48,11/29/2024,Cairo,Desktop,8.11,1.81,22.13,1414.87,YES,YES,TRUE
4951,139,4574,199.13,29,5,0.036,1614,6.87,11/15/2024,Riyad,Desktop,8.11,1.43,39.83,1414.87,YES,YES,FALSE
4952,95,6572,199.13,20,9,0.0947,1614,9.96,20-11-2024,Riyad,Tablet,8.11,2.1,22.13,1414.87,YES,YES,TRUE
4953,147,4306,199.13,30,8,0.0544,1614,6.64,12/11/2024,Cairo,Tablet,8.11,1.35,24.89,1414.87,YES,YES,TRUE
4954,99,5449,199.13,21,6,0.0606,1614,9.48,14-11-2024,Tokyo,Desktop,8.11,2.01,33.19,1414.87,YES,YES,TRUE
4955,104,4384,199.13,19,6,0.0577,1614,10.48,6/11/2024,Paris,Tablet,8.11,1.91,33.19,1414.87,YES,YES,TRUE
4956,166,3595,199.13,10,7,0.0422,1614,19.91,16-11-2024,Riyad,Mobile,8.11,1.2,28.45,1414.87,YES,YES,FALSE
4957,113,4943,199.13,17,3,0.0265,1614,11.71,11/16/2024,Cairo,Desktop,8.11,1.76,66.38,1414.87,YES,YES,FALSE
4958,138,3147,199.13,29,5,0.0362,1614,6.87,11/19/2024,Rome,Desktop,8.11,1.44,39.83,1414.87,YES,YES,FALSE
4959,181,3589,199.13,26,8,0.0442,1614,7.66,23-11-2024,Baghdad,Mobile,8.11,1.1,24.89,1414.87,YES,YES,FALSE
4960,121,5499,199.13,16,10,0.0826,1614,12.45,11/2/2024,Tokyo,Desktop,8.11,1.65,19.91,1414.87,YES,YES,TRUE
4961,123,4088,199.13,25,4,0.0325,1614,7.97,11/8/2024,Rome,Mobile,8.11,1.62,49.78,1414.87,YES,YES,FALSE
4962,167,3719,199.13,9,7,0.0419,1614,22.13,16-11-2024,Riyad,Mobile,8.11,1.19,28.45,1414.87,YES,YES,FALSE
4963,181,4614,199.13,31,8,0.0442,1614,6.42,11/28/2024,Rome,Mobile,8.11,1.1,24.89,1414.87,YES,YES,FALSE
4964,116,4728,199.13,31,5,0.0431,1614,6.42,11/15/2024,Riyad,Desktop,8.11,1.72,39.83,1414.87,YES,YES,FALSE
4965,127,3596,199.13,10,10,0.0787,1614,19.91,11/9/2024,Cairo,Desktop,8.11,1.57,19.91,1414.87,YES,YES,TRUE
4966,194,6297,199.13,22,9,0.0464,1614,9.05,11/7/2024,Riyad,Tablet,8.11,1.03,22.13,1414.87,YES,YES,FALSE
4967,182,2596,199.13,17,3,0.0165,1614,11.71,11/11/2024,Baghdad,Mobile,8.11,1.09,66.38,1414.87,YES,YES,FALSE
4968,134,5746,199.13,28,3,0.0224,1614,7.11,11/8/2024,Baghdad,Mobile,8.11,1.49,66.38,1414.87,YES,YES,FALSE
4969,77,3914,199.13,24,4,0.0519,1614,8.3,12/11/2024,Tokyo,Tablet,8.11,2.59,49.78,1414.87,YES,YES,TRUE
4970,90,6191,199.13,24,8,0.0889,1614,8.3,20-11-2024,Riyad,Tablet,8.11,2.21,24.89,1414.87,YES,YES,TRUE
4971,115,5278,199.13,13,5,0.0435,1614,15.32,11/6/2024,Cairo,Mobile,8.11,1.73,39.83,1414.87,YES,YES,FALSE
4972,136,4979,199.13,27,6,0.0441,1614,7.38,11/5/2024,Paris,Desktop,8.11,1.46,33.19,1414.87,YES,YES,FALSE
4973,122,3420,199.13,18,5,0.041,1614,11.06,11/28/2024,Riyad,Tablet,8.11,1.63,39.83,1414.87,YES,YES,FALSE
4974,176,3464,199.13,11,8,0.0455,1614,18.1,16-11-2024,Riyad,Mobile,8.11,1.13,24.89,1414.87,YES,YES,FALSE
4975,183,2965,199.13,16,3,0.0164,1614,12.45,11/11/2024,Baghdad,Mobile,8.11,1.09,66.38,1414.87,YES,YES,FALSE
4976,147,5573,199.13,25,7,0.0476,1614,7.97,11/5/2024,Paris,Desktop,8.11,1.35,28.45,1414.87,YES,YES,FALSE
4977,149,5482,199.13,28,10,0.0671,1614,7.11,11/10/2024,Cairo,Desktop,8.11,1.34,19.91,1414.87,YES,YES,TRUE
4978,111,4479,199.13,27,5,0.045,1614,7.38,11/14/2024,Paris,Desktop,8.11,1.79,39.83,1414.87,YES,YES,FALSE
4979,209,4688,199.13,25,6,0.0287,1614,7.97,1/11/2024,Paris,Tablet,8.11,0.95,33.19,1414.87,YES,YES,FALSE
4980,136,5574,199.13,29,10,0.0735,1614,6.87,11/10/2024,Cairo,Desktop,8.11,1.46,19.91,1414.87,YES,YES,TRUE
4981,132,4619,199.13,26,4,0.0303,1614,7.66,11/8/2024,Rome,Mobile,8.11,1.51,49.78,1414.87,YES,YES,FALSE
4982,79,5707,199.13,9,6,0.0759,1614,22.13,16-11-2024,Tokyo,Mobile,8.11,2.52,33.19,1414.87,YES,YES,TRUE
4983,129,4640,199.13,20,7,0.0543,1614,9.96,11/5/2024,Tokyo,Desktop,8.11,1.54,28.45,1414.87,YES,YES,TRUE
4984,198,5626,199.13,29,5,0.0253,1614,6.87,11/12/2024,Baghdad,Mobile,8.11,1.01,39.83,1414.87,YES,YES,FALSE
4985,200,3909,199.13,15,9,0.045,1614,13.28,11/10/2024,Riyad,Mobile,8.11,1,22.13,1414.87,YES,YES,FALSE
4986,108,4134,199.13,14,7,0.0648,1614,14.22,11/16/2024,London,Desktop,8.11,1.84,28.45,1414.87,YES,YES,TRUE
4987,176,4493,199.13,11,11,0.0625,1614,18.1,11/21/2024,Paris,Tablet,8.11,1.13,18.1,1414.87,YES,YES,TRUE
4988,139,4712,199.13,19,3,0.0216,1614,10.48,11/16/2024,Cairo,Desktop,8.11,1.43,66.38,1414.87,YES,YES,FALSE
4989,92,3048,199.13,28,6,0.0652,1614,7.11,26-11-2024,Baghdad,Desktop,8.11,2.16,33.19,1414.87,YES,YES,TRUE
4990,125,4563,199.13,25,8,0.064,1614,7.97,11/25/2024,Tokyo,Mobile,8.11,1.59,24.89,1414.87,YES,YES,TRUE
4991,176,4046,199.13,26,9,0.0511,1614,7.66,11/24/2024,Baghdad,Mobile,8.11,1.13,22.13,1414.87,YES,YES,TRUE
4992,127,6368,199.13,11,7,0.0551,1614,18.1,11/3/2024,Rome,Tablet,8.11,1.57,28.45,1414.87,YES,YES,TRUE
4993,189,5934,199.13,13,6,0.0317,1614,15.32,11/16/2024,Baghdad,Mobile,8.11,1.05,33.19,1414.87,YES,YES,FALSE
4994,185,3384,199.13,9,9,0.0486,1614,22.13,16-11-2024,Riyad,Mobile,8.11,1.08,22.13,1414.87,YES,YES,FALSE
4995,137,3191,199.13,28,8,0.0584,1614,7.11,11/22/2024,Cairo,Desktop,8.11,1.45,24.89,1414.87,YES,YES,TRUE
4996,189,4642,199.13,32,8,0.0423,1614,6.22,11/24/2024,Baghdad,Mobile,8.11,1.05,24.89,1414.87,YES,YES,FALSE
4997,97,5018,199.13,23,10,0.1031,1614,8.66,11/12/2024,Tokyo,Mobile,8.11,2.05,19.91,1414.87,YES,YES,TRUE
4998,127,2764,199.13,29,7,0.0551,1614,6.87,11/19/2024,Rome,Desktop,8.11,1.57,28.45,1414.87,YES,YES,TRUE
4999,180,5075,199.13,20,7,0.0389,1614,9.96,18-11-2024,Baghdad,Desktop,8.11,1.11,28.45,1414.87,YES,YES,FALSE
5000,131,4419,199.13,30,4,0.0305,1614,6.64,11/8/2024,Rome,Mobile,8.11,1.52,49.78,1414.87,YES,YES,FALSE
5001,160,3168,199.13,18,3,0.0188,1614,11.06,11/11/2024,Baghdad,Mobile,8.11,1.24,66.38,1414.87,YES,YES,FALSE
5002,119,6003,199.13,24,8,0.0672,1614,8.3,11/25/2024,Tokyo,Mobile,8.11,1.67,24.89,1414.87,YES,YES,TRUE
5003,159,3889,199.13,13,7,0.044,1614,15.32,27-11-2024,Cairo,Mobile,8.11,1.25,28.45,1414.87,YES,YES,FALSE
5004,114,5039,199.13,20,9,0.0789,1614,9.96,11/8/2024,Baghdad,Desktop,8.11,1.75,22.13,1414.87,YES,YES,TRUE
5005,129,3648,199.13,11,9,0.0698,1614,18.1,11/9/2024,Cairo,Desktop,8.11,1.54,22.13,1414.87,YES,YES,TRUE
5006,138,5241,199.13,28,5,0.0362,1614,7.11,11/5/2024,Paris,Desktop,8.11,1.44,39.83,1414.87,YES,YES,FALSE
5007,103,3700,199.13,29,9,0.0874,1614,6.87,11/20/2024,Cairo,Tablet,8.11,1.93,22.13,1414.87,YES,YES,TRUE
5008,144,5180,199.13,15,3,0.0208,1614,13.28,11/23/2024,Tokyo,Mobile,8.11,1.38,66.38,1414.87,YES,YES,FALSE
5009,121,4100,199.13,26,7,0.0579,1614,7.66,11/5/2024,Rome,Tablet,8.11,1.65,28.45,1414.87,YES,YES,TRUE
5010,125,5935,199.13,13,6,0.048,1614,15.32,11/25/2024,Rome,Mobile,8.11,1.59,33.19,1414.87,YES,YES,FALSE
5011,196,3712,199.13,24,7,0.0357,1614,8.3,23-11-2024,Baghdad,Mobile,8.11,1.02,28.45,1414.87,YES,YES,FALSE
5012,190,3478,199.13,15,8,0.0421,1614,13.28,11/14/2024,Riyad,Desktop,8.11,1.05,24.89,1414.87,YES,YES,FALSE
5013,98,3286,199.13,27,7,0.0714,1614,7.38,26-11-2024,Baghdad,Desktop,8.11,2.03,28.45,1414.87,YES,YES,TRUE
5014,95,4381,199.13,24,9,0.0947,1614,8.3,11/16/2024,Beyrouth,Tablet,8.11,2.1,22.13,1414.87,YES,YES,TRUE
5015,168,4918,199.13,31,7,0.0417,1614,6.42,11/11/2024,Baghdad,Tablet,8.11,1.19,28.45,1414.87,YES,YES,FALSE
5016,91,5023,199.13,11,5,0.0549,1614,18.1,11/9/2024,Rome,Tablet,8.11,2.19,39.83,1414.87,YES,YES,TRUE
5017,107,5631,199.13,19,6,0.0561,1614,10.48,14-11-2024,Tokyo,Desktop,8.11,1.86,33.19,1414.87,YES,YES,TRUE
5018,102,5054,199.13,19,6,0.0588,1614,10.48,14-11-2024,Tokyo,Desktop,8.11,1.95,33.19,1414.87,YES,YES,TRUE
5019,39,4822,199.13,23,10,0.2564,1614,8.66,11/21/2024,Tokyo,Desktop,8.11,5.11,19.91,1414.87,YES,YES,TRUE
5020,138,3590,199.13,27,6,0.0435,1614,7.38,11/19/2024,Rome,Desktop,8.11,1.44,33.19,1414.87,YES,YES,FALSE
5021,109,4874,199.13,14,11,0.1009,1614,14.22,11/26/2024,Baghdad,Tablet,8.11,1.83,18.1,1414.87,YES,YES,TRUE
5022,195,5294,199.13,24,3,0.0154,1614,8.3,11/25/2024,Riyad,Tablet,8.11,1.02,66.38,1414.87,YES,YES,FALSE
5023,201,6264,199.13,23,8,0.0398,1614,8.66,11/7/2024,Riyad,Tablet,8.11,0.99,24.89,1414.87,YES,YES,FALSE
5024,99,4542,199.13,17,2,0.0202,1614,11.71,21-11-2024,Baghdad,Desktop,8.11,2.01,99.56,1414.87,YES,YES,FALSE
5025,79,3885,199.13,21,9,0.1139,1614,9.48,4/11/2024,Cairo,Desktop,8.11,2.52,22.13,1414.87,YES,YES,TRUE
5026,171,5644,199.13,18,6,0.0351,1614,11.06,11/3/2024,Tokyo,Tablet,8.11,1.16,33.19,1414.87,YES,YES,FALSE
5027,159,2941,199.13,23,8,0.0503,1614,8.66,11/12/2024,Rome,Mobile,8.11,1.25,24.89,1414.87,YES,YES,TRUE
5028,83,5647,199.13,24,9,0.1084,1614,8.3,11/12/2024,Tokyo,Mobile,8.11,2.4,22.13,1414.87,YES,YES,TRUE
5029,170,2842,199.13,17,3,0.0176,1614,11.71,11/11/2024,Baghdad,Mobile,8.11,1.17,66.38,1414.87,YES,YES,FALSE
5030,153,3326,199.13,24,6,0.0392,1614,8.3,11/7/2024,Paris,Mobile,8.11,1.3,33.19,1414.87,YES,YES,FALSE
5031,134,5414,199.13,30,6,0.0448,1614,6.64,11/20/2024,Tokyo,Desktop,8.11,1.49,33.19,1414.87,YES,YES,FALSE
5032,181,5276,199.13,12,9,0.0497,1614,16.59,20-11-2024,Rome,Mobile,8.11,1.1,22.13,1414.87,YES,YES,TRUE
5033,119,4027,199.13,14,6,0.0504,1614,14.22,11/9/2024,Cairo,Desktop,8.11,1.67,33.19,1414.87,YES,YES,TRUE
5034,148,4811,199.13,32,5,0.0338,1614,6.22,11/15/2024,Riyad,Desktop,8.11,1.35,39.83,1414.87,YES,YES,FALSE
5035,160,4242,199.13,31,8,0.05,1614,6.42,11/28/2024,Rome,Mobile,8.11,1.24,24.89,1414.87,YES,YES,TRUE
5036,93,5769,199.13,12,5,0.0538,1614,16.59,16-11-2024,Tokyo,Mobile,8.11,2.14,39.83,1414.87,YES,YES,TRUE
5037,179,2465,199.13,18,3,0.0168,1614,11.06,11/11/2024,Baghdad,Mobile,8.11,1.11,66.38,1414.87,YES,YES,FALSE
5038,99,5210,199.13,26,6,0.0606,1614,7.66,11/15/2024,Riyad,Tablet,8.11,2.01,33.19,1414.87,YES,YES,TRUE
5039,178,3313,199.13,18,3,0.0169,1614,11.06,11/11/2024,Baghdad,Mobile,8.11,1.12,66.38,1414.87,YES,YES,FALSE
5040,86,3450,199.13,22,8,0.093,1614,9.05,11/13/2024,Tokyo,Mobile,8.11,2.32,24.89,1414.87,YES,YES,TRUE
5041,134,5451,199.13,20,8,0.0597,1614,9.96,11/25/2024,Tokyo,Mobile,8.11,1.49,24.89,1414.87,YES,YES,TRUE
5042,164,3463,199.13,27,7,0.0427,1614,7.38,12/11/2024,Cairo,Tablet,8.11,1.21,28.45,1414.87,YES,YES,FALSE
5043,118,4444,199.13,29,4,0.0339,1614,6.87,15-11-2024,Paris,Mobile,8.11,1.69,49.78,1414.87,YES,YES,FALSE
5044,120,5907,199.13,11,7,0.0583,1614,18.1,11/3/2024,Rome,Tablet,8.11,1.66,28.45,1414.87,YES,YES,TRUE
5045,151,4248,199.13,28,7,0.0464,1614,7.11,3/11/2024,Riyad,Tablet,8.11,1.32,28.45,1414.87,YES,YES,FALSE
5046,122,3579,199.13,16,6,0.0492,1614,12.45,11/26/2024,Baghdad,Tablet,8.11,1.63,33.19,1414.87,YES,YES,FALSE
5047,179,3679,199.13,28,8,0.0447,1614,7.11,12/11/2024,Cairo,Tablet,8.11,1.11,24.89,1414.87,YES,YES,FALSE
5048,118,5155,199.13,19,5,0.0424,1614,10.48,9/11/2024,Tokyo,Mobile,8.11,1.69,39.83,1414.87,YES,YES,FALSE
5049,166,2947,199.13,15,10,0.0602,1614,13.28,11/25/2024,Baghdad,Mobile,8.11,1.2,19.91,1414.87,YES,YES,TRUE
5050,110,5169,199.13,16,9,0.0818,1614,12.45,11/2/2024,Tokyo,Desktop,8.11,1.81,22.13,1414.87,YES,YES,TRUE
5051,111,5204,199.13,20,4,0.036,1614,9.96,9/11/2024,Tokyo,Mobile,8.11,1.79,49.78,1414.87,YES,YES,FALSE
5052,204,5345,199.13,20,7,0.0343,1614,9.96,11/3/2024,Tokyo,Tablet,8.11,0.98,28.45,1414.87,YES,YES,FALSE
5053,180,3629,199.13,10,8,0.0444,1614,19.91,16-11-2024,Riyad,Mobile,8.11,1.11,24.89,1414.87,YES,YES,FALSE
5054,129,5546,199.13,29,7,0.0543,1614,6.87,11/5/2024,Rome,Tablet,8.11,1.54,28.45,1414.87,YES,YES,TRUE
5055,183,4833,199.13,11,9,0.0492,1614,18.1,11/4/2024,Cairo,Desktop,8.11,1.09,22.13,1414.87,YES,YES,FALSE
5056,119,5191,199.13,21,5,0.042,1614,9.48,9/11/2024,Tokyo,Mobile,8.11,1.67,39.83,1414.87,YES,YES,FALSE
5057,144,5761,199.13,26,7,0.0486,1614,7.66,11/5/2024,Paris,Desktop,8.11,1.38,28.45,1414.87,YES,YES,FALSE
5058,173,5416,199.13,15,9,0.052,1614,13.28,11/10/2024,Riyad,Mobile,8.11,1.15,22.13,1414.87,YES,YES,TRUE
5059,123,5576,199.13,17,6,0.0488,1614,11.71,9/11/2024,Tokyo,Mobile,8.11,1.62,33.19,1414.87,YES,YES,FALSE
5060,102,3182,199.13,11,6,0.0588,1614,18.1,11/23/2024,Riyad,Tablet,8.11,1.95,33.19,1414.87,YES,YES,TRUE
5061,177,3882,199.13,12,9,0.0508,1614,16.59,11/14/2024,Riyad,Desktop,8.11,1.13,22.13,1414.87,YES,YES,TRUE
5062,97,5692,199.13,11,6,0.0619,1614,18.1,16-11-2024,Tokyo,Mobile,8.11,2.05,33.19,1414.87,YES,YES,TRUE
5063,103,4114,199.13,16,4,0.0388,1614,12.45,11/24/2024,Baghdad,Tablet,8.11,1.93,49.78,1414.87,YES,YES,FALSE
5064,129,4640,199.13,20,7,0.0543,1614,9.96,11/5/2024,Tokyo,Desktop,8.11,1.54,28.45,1414.87,YES,YES,TRUE
5065,201,5856,199.13,28,5,0.0249,1614,7.11,30-11-2024,Tokyo,Tablet,8.11,0.99,39.83,1414.87,YES,YES,FALSE
5066,183,4224,199.13,13,7,0.0383,1614,15.32,11/14/2024,Riyad,Desktop,8.11,1.09,28.45,1414.87,YES,YES,FALSE
5067,97,5156,199.13,22,6,0.0619,1614,9.05,14-11-2024,Tokyo,Desktop,8.11,2.05,33.19,1414.87,YES,YES,TRUE
5068,129,5554,199.13,26,7,0.0543,1614,7.66,11/20/2024,Tokyo,Desktop,8.11,1.54,28.45,1414.87,YES,YES,TRUE
5069,119,6066,199.13,21,8,0.0672,1614,9.48,11/25/2024,Tokyo,Mobile,8.11,1.67,24.89,1414.87,YES,YES,TRUE
5070,129,3358,199.13,18,6,0.0465,1614,11.06,11/26/2024,Baghdad,Tablet,8.11,1.54,33.19,1414.87,YES,YES,FALSE
5071,171,3626,199.13,23,9,0.0526,1614,8.66,17-11-2024,Rome,Mobile,8.11,1.16,22.13,1414.87,YES,YES,TRUE
5072,174,4551,199.13,19,3,0.0172,1614,10.48,11/23/2024,Rome,Desktop,8.11,1.14,66.38,1414.87,YES,YES,FALSE
5073,89,5372,199.13,11,6,0.0674,1614,18.1,16-11-2024,Tokyo,Mobile,8.11,2.24,33.19,1414.87,YES,YES,TRUE
5074,108,5906,199.13,11,8,0.0741,1614,18.1,11/3/2024,Rome,Tablet,8.11,1.84,24.89,1414.87,YES,YES,TRUE
5075,94,5481,199.13,12,5,0.0532,1614,16.59,11/9/2024,Rome,Tablet,8.11,2.12,39.83,1414.87,YES,YES,TRUE
5076,122,4852,199.13,15,6,0.0492,1614,13.28,11/25/2024,Rome,Mobile,8.11,1.63,33.19,1414.87,YES,YES,FALSE
5077,73,4991,199.13,20,7,0.0959,1614,9.96,30-11-2024,Rome,Mobile,8.11,2.73,28.45,1414.87,YES,YES,TRUE
5078,183,5090,199.13,14,6,0.0328,1614,14.22,11/16/2024,Baghdad,Mobile,8.11,1.09,33.19,1414.87,YES,YES,FALSE
5079,112,3489,199.13,24,5,0.0446,1614,8.3,11/22/2024,Beijin,Desktop,8.11,1.78,39.83,1414.87,YES,YES,FALSE
5080,102,5922,199.13,24,8,0.0784,1614,8.3,20-11-2024,Riyad,Tablet,8.11,1.95,24.89,1414.87,YES,YES,TRUE
5081,163,4792,199.13,26,8,0.0491,1614,7.66,11/11/2024,Baghdad,Tablet,8.11,1.22,24.89,1414.87,YES,YES,FALSE
5082,120,4741,199.13,20,9,0.075,1614,9.96,11/20/2024,Riyad,Tablet,8.11,1.66,22.13,1414.87,YES,YES,TRUE
5083,120,3710,199.13,19,5,0.0417,1614,10.48,11/28/2024,Riyad,Tablet,8.11,1.66,39.83,1414.87,YES,YES,FALSE
5084,147,2909,199.13,18,5,0.034,1614,11.06,11/7/2024,Paris,Mobile,8.11,1.35,39.83,1414.87,YES,YES,FALSE
5085,93,5801,199.13,27,8,0.086,1614,7.38,11/12/2024,Tokyo,Mobile,8.11,2.14,24.89,1414.87,YES,YES,TRUE
5086,149,4955,199.13,28,6,0.0403,1614,7.11,11/5/2024,Paris,Desktop,8.11,1.34,33.19,1414.87,YES,YES,FALSE
5087,182,4467,199.13,9,9,0.0495,1614,22.13,16-11-2024,Riyad,Mobile,8.11,1.09,22.13,1414.87,YES,YES,FALSE
5088,101,5891,199.13,27,6,0.0594,1614,7.38,11/15/2024,Riyad,Tablet,8.11,1.97,33.19,1414.87,YES,YES,TRUE
5089,98,5350,199.13,22,8,0.0816,1614,9.05,20-11-2024,Riyad,Tablet,8.11,2.03,24.89,1414.87,YES,YES,TRUE
5090,125,4610,199.13,24,5,0.04,1614,8.3,11/1/2024,Riyad,Tablet,8.11,1.59,39.83,1414.87,YES,YES,FALSE
5091,173,6384,199.13,13,6,0.0347,1614,15.32,11/2/2024,Riyad,Desktop,8.11,1.15,33.19,1414.87,YES,YES,FALSE
5092,97,4342,199.13,19,5,0.0515,1614,10.48,11/5/2024,Cairo,Desktop,8.11,2.05,39.83,1414.87,YES,YES,TRUE
5093,170,2953,199.13,15,10,0.0588,1614,13.28,11/25/2024,Baghdad,Mobile,8.11,1.17,19.91,1414.87,YES,YES,TRUE
5094,129,4640,199.13,20,7,0.0543,1614,9.96,11/5/2024,Tokyo,Desktop,8.11,1.54,28.45,1414.87,YES,YES,TRUE
5095,121,4083,199.13,17,6,0.0496,1614,11.71,11/5/2024,Baghdad,Desktop,8.11,1.65,33.19,1414.87,YES,YES,FALSE
5096,112,3961,199.13,29,9,0.0804,1614,6.87,11/20/2024,Cairo,Tablet,8.11,1.78,22.13,1414.87,YES,YES,TRUE
5097,184,4465,199.13,30,7,0.038,1614,6.64,11/8/2024,Paris,Tablet,8.11,1.08,28.45,1414.87,YES,YES,FALSE
5098,97,3283,199.13,27,10,0.1031,1614,7.38,23-11-2024,Cairo,Desktop,8.11,2.05,19.91,1414.87,YES,YES,TRUE
5099,170,4275,199.13,23,6,0.0353,1614,8.66,17-11-2024,Rome,Mobile,8.11,1.17,33.19,1414.87,YES,YES,FALSE
5100,88,3479,199.13,25,10,0.1136,1614,7.97,4/11/2024,Cairo,Desktop,8.11,2.26,19.91,1414.87,YES,YES,TRUE
5101,186,5549,199.13,24,5,0.0269,1614,8.3,11/12/2024,Baghdad,Mobile,8.11,1.07,39.83,1414.87,YES,YES,FALSE
5102,148,5170,199.13,25,7,0.0473,1614,7.97,11/5/2024,Paris,Desktop,8.11,1.35,28.45,1414.87,YES,YES,FALSE
5103,138,3761,199.13,17,6,0.0435,1614,11.71,11/26/2024,Baghdad,Tablet,8.11,1.44,33.19,1414.87,YES,YES,FALSE
5104,198,4137,199.13,21,7,0.0354,1614,9.48,23-11-2024,Baghdad,Mobile,8.11,1.01,28.45,1414.87,YES,YES,FALSE
5105,75,4452,199.13,25,9,0.12,1614,7.97,4/11/2024,Cairo,Desktop,8.11,2.66,22.13,1414.87,YES,YES,TRUE
5106,80,5012,199.13,12,5,0.0625,1614,16.59,11/9/2024,Rome,Tablet,8.11,2.49,39.83,1414.87,YES,YES,TRUE
5107,117,3490,199.13,19,5,0.0427,1614,10.48,11/28/2024,Riyad,Tablet,8.11,1.7,39.83,1414.87,YES,YES,FALSE
5108,211,5544,199.13,28,5,0.0237,1614,7.11,11/12/2024,Baghdad,Mobile,8.11,0.94,39.83,1414.87,YES,YES,FALSE
5109,138,4389,199.13,26,9,0.0652,1614,7.66,11/28/2024,Rome,Mobile,8.11,1.44,22.13,1414.87,YES,YES,TRUE
5110,148,4173,199.13,11,10,0.0676,1614,18.1,11/9/2024,Cairo,Desktop,8.11,1.35,19.91,1414.87,YES,YES,TRUE
5111,40,5183,199.13,22,9,0.225,1614,9.05,11/21/2024,Tokyo,Desktop,8.11,4.98,22.13,1414.87,YES,YES,TRUE
5112,104,3263,199.13,28,6,0.0577,1614,7.11,11/19/2024,Rome,Desktop,8.11,1.91,33.19,1414.87,YES,YES,TRUE
5113,148,4010,199.13,10,9,0.0608,1614,19.91,16-11-2024,Riyad,Mobile,8.11,1.35,22.13,1414.87,YES,YES,TRUE
5114,146,4528,199.13,18,7,0.0479,1614,11.06,16-11-2024,Baghdad,Tablet,8.11,1.36,28.45,1414.87,YES,YES,FALSE
5115,145,5025,199.13,21,5,0.0345,1614,9.48,11/1/2024,Riyad,Tablet,8.11,1.37,39.83,1414.87,YES,YES,FALSE
5116,171,4051,199.13,14,9,0.0526,1614,14.22,27-11-2024,Cairo,Mobile,8.11,1.16,22.13,1414.87,YES,YES,TRUE
5117,152,4886,199.13,24,5,0.0329,1614,8.3,11/1/2024,Riyad,Tablet,8.11,1.31,39.83,1414.87,YES,YES,FALSE
5118,186,3599,199.13,10,7,0.0376,1614,19.91,16-11-2024,Riyad,Mobile,8.11,1.07,28.45,1414.87,YES,YES,FALSE
5119,103,4693,199.13,18,9,0.0874,1614,11.06,11/26/2024,Baghdad,Tablet,8.11,1.93,22.13,1414.87,YES,YES,TRUE
5120,83,5449,199.13,10,5,0.0602,1614,19.91,11/9/2024,Rome,Tablet,8.11,2.4,39.83,1414.87,YES,YES,TRUE
5121,116,3831,199.13,29,10,0.0862,1614,6.87,11/20/2024,Cairo,Tablet,8.11,1.72,19.91,1414.87,YES,YES,TRUE
5122,199,5831,199.13,24,8,0.0402,1614,8.3,11/7/2024,Riyad,Tablet,8.11,1,24.89,1414.87,YES,YES,FALSE
5123,176,6031,199.13,20,4,0.0227,1614,9.96,11/11/2024,Paris,Desktop,8.11,1.13,49.78,1414.87,YES,YES,FALSE
5124,90,3756,199.13,26,10,0.1111,1614,7.66,4/11/2024,Cairo,Desktop,8.11,2.21,19.91,1414.87,YES,YES,TRUE
5125,107,4659,199.13,28,10,0.0935,1614,7.11,11/9/2024,Paris,Mobile,8.11,1.86,19.91,1414.87,YES,YES,TRUE
5126,181,5837,199.13,23,9,0.0497,1614,8.66,11/7/2024,Riyad,Tablet,8.11,1.1,22.13,1414.87,YES,YES,TRUE
5127,120,3133,199.13,20,3,0.025,1614,9.96,11/27/2024,Canberra,Desktop,8.11,1.66,66.38,1414.87,YES,YES,FALSE
5128,96,3136,199.13,20,8,0.0833,1614,9.96,11/20/2024,Tokyo,Tablet,8.11,2.07,24.89,1414.87,YES,YES,TRUE
5129,164,3290,199.13,23,10,0.061,1614,8.66,11/12/2024,Rome,Mobile,8.11,1.21,19.91,1414.87,YES,YES,TRUE
5130,115,5736,199.13,13,5,0.0435,1614,15.32,11/6/2024,Cairo,Mobile,8.11,1.73,39.83,1414.87,YES,YES,FALSE
5131,202,5769,199.13,30,5,0.0248,1614,6.64,30-11-2024,Tokyo,Tablet,8.11,0.99,39.83,1414.87,YES,YES,FALSE
5132,105,3518,199.13,21,4,0.0381,1614,9.48,12/11/2024,Tokyo,Tablet,8.11,1.9,49.78,1414.87,YES,YES,FALSE
5133,114,6241,199.13,11,7,0.0614,1614,18.1,11/3/2024,Rome,Tablet,8.11,1.75,28.45,1414.87,YES,YES,TRUE
5134,160,5715,199.13,11,8,0.05,1614,18.1,11/7/2024,Tokyo,Desktop,8.11,1.24,24.89,1414.87,YES,YES,TRUE
5135,196,4409,199.13,12,8,0.0408,1614,16.59,11/4/2024,Cairo,Desktop,8.11,1.02,24.89,1414.87,YES,YES,FALSE
5136,86,4324,199.13,27,10,0.1163,1614,7.38,11/16/2024,Beyrouth,Tablet,8.11,2.32,19.91,1414.87,YES,YES,TRUE
5137,122,5718,199.13,25,7,0.0574,1614,7.97,11/20/2024,Tokyo,Desktop,8.11,1.63,28.45,1414.87,YES,YES,TRUE
5138,101,3187,199.13,10,6,0.0594,1614,19.91,11/23/2024,Riyad,Tablet,8.11,1.97,33.19,1414.87,YES,YES,TRUE
5139,123,4695,199.13,17,6,0.0488,1614,11.71,11/5/2024,Baghdad,Desktop,8.11,1.62,33.19,1414.87,YES,YES,FALSE
5140,129,4640,199.13,20,7,0.0543,1614,9.96,11/5/2024,Tokyo,Desktop,8.11,1.54,28.45,1414.87,YES,YES,TRUE
5141,165,4057,199.13,31,8,0.0485,1614,6.42,11/8/2024,Paris,Tablet,8.11,1.21,24.89,1414.87,YES,YES,FALSE
5142,98,5866,199.13,18,8,0.0816,1614,11.06,1/11/2024,Tokyo,Desktop,8.11,2.03,24.89,1414.87,YES,YES,TRUE
5143,189,5228,199.13,16,7,0.037,1614,12.45,11/10/2024,Riyad,Mobile,8.11,1.05,28.45,1414.87,YES,YES,FALSE
5144,98,6557,199.13,23,9,0.0918,1614,8.66,11/12/2024,Tokyo,Mobile,8.11,2.03,22.13,1414.87,YES,YES,TRUE
5145,103,4695,199.13,17,2,0.0194,1614,11.71,21-11-2024,Baghdad,Desktop,8.11,1.93,99.56,1414.87,YES,YES,FALSE
5146,71,4907,199.13,23,7,0.0986,1614,8.66,30-11-2024,Rome,Mobile,8.11,2.8,28.45,1414.87,YES,YES,TRUE
5147,116,5913,199.13,17,5,0.0431,1614,11.71,9/11/2024,Tokyo,Mobile,8.11,1.72,39.83,1414.87,YES,YES,FALSE
5148,87,4200,199.13,25,11,0.1264,1614,7.97,11/5/2024,Rome,Desktop,8.11,2.29,18.1,1414.87,YES,YES,TRUE
5149,189,3143,199.13,25,7,0.037,1614,7.97,23-11-2024,Baghdad,Mobile,8.11,1.05,28.45,1414.87,YES,YES,FALSE
5150,89,3138,199.13,21,9,0.1011,1614,9.48,11/13/2024,Tokyo,Mobile,8.11,2.24,22.13,1414.87,YES,YES,TRUE
5151,114,3563,199.13,12,6,0.0526,1614,16.59,11/23/2024,Riyad,Tablet,8.11,1.75,33.19,1414.87,YES,YES,TRUE
5152,136,3242,199.13,19,6,0.0441,1614,10.48,29-11-2024,Paris,Desktop,8.11,1.46,33.19,1414.87,YES,YES,FALSE
5153,104,5722,199.13,22,9,0.0865,1614,9.05,11/29/2024,Cairo,Desktop,8.11,1.91,22.13,1414.87,YES,YES,TRUE
5154,97,6193,199.13,28,6,0.0619,1614,7.11,11/15/2024,Riyad,Tablet,8.11,2.05,33.19,1414.87,YES,YES,TRUE
5155,102,3884,199.13,12,6,0.0588,1614,16.59,11/23/2024,Riyad,Tablet,8.11,1.95,33.19,1414.87,YES,YES,TRUE
5156,207,4092,199.13,10,8,0.0386,1614,19.91,16-11-2024,Riyad,Mobile,8.11,0.96,24.89,1414.87,YES,YES,FALSE
5157,115,4847,199.13,17,10,0.087,1614,11.71,11/20/2024,Riyad,Tablet,8.11,1.73,19.91,1414.87,YES,YES,TRUE
5158,197,4376,199.13,15,8,0.0406,1614,13.28,11/14/2024,Riyad,Desktop,8.11,1.01,24.89,1414.87,YES,YES,FALSE
5159,160,4885,199.13,27,8,0.05,1614,7.38,11/28/2024,Rome,Mobile,8.11,1.24,24.89,1414.87,YES,YES,TRUE
5160,96,3226,199.13,24,8,0.0833,1614,8.3,11/20/2024,Tokyo,Tablet,8.11,2.07,24.89,1414.87,YES,YES,TRUE
5161,178,3286,199.13,24,7,0.0393,1614,8.3,23-11-2024,Baghdad,Mobile,8.11,1.12,28.45,1414.87,YES,YES,FALSE
5162,101,3022,199.13,27,6,0.0594,1614,7.38,26-11-2024,Baghdad,Desktop,8.11,1.97,33.19,1414.87,YES,YES,TRUE
5163,113,5000,199.13,17,9,0.0796,1614,11.71,11/8/2024,Baghdad,Desktop,8.11,1.76,22.13,1414.87,YES,YES,TRUE
5164,116,5086,199.13,18,8,0.069,1614,11.06,11/8/2024,Baghdad,Desktop,8.11,1.72,24.89,1414.87,YES,YES,TRUE
5165,94,3121,199.13,25,11,0.117,1614,7.97,11/20/2024,Cairo,Tablet,8.11,2.12,18.1,1414.87,YES,YES,TRUE
5166,99,3873,199.13,17,5,0.0505,1614,11.71,11/24/2024,Baghdad,Tablet,8.11,2.01,39.83,1414.87,YES,YES,TRUE
5167,125,4953,199.13,17,3,0.024,1614,11.71,11/16/2024,Cairo,Desktop,8.11,1.59,66.38,1414.87,YES,YES,FALSE
5168,109,5162,199.13,15,10,0.0917,1614,13.28,11/26/2024,Baghdad,Tablet,8.11,1.83,19.91,1414.87,YES,YES,TRUE
5169,197,5772,199.13,10,8,0.0406,1614,19.91,20-11-2024,Rome,Mobile,8.11,1.01,24.89,1414.87,YES,YES,FALSE
5170,129,3232,199.13,18,5,0.0388,1614,11.06,11/26/2024,Baghdad,Tablet,8.11,1.54,39.83,1414.87,YES,YES,FALSE
5171,108,3421,199.13,20,5,0.0463,1614,9.96,11/28/2024,Riyad,Tablet,8.11,1.84,39.83,1414.87,YES,YES,FALSE
5172,100,4025,199.13,21,10,0.1,1614,9.48,11/20/2024,Riyad,Tablet,8.11,1.99,19.91,1414.87,YES,YES,TRUE
5173,171,3191,199.13,19,3,0.0175,1614,10.48,11/11/2024,Baghdad,Mobile,8.11,1.16,66.38,1414.87,YES,YES,FALSE
5174,161,4123,199.13,19,9,0.0559,1614,10.48,12/11/2024,Cairo,Mobile,8.11,1.24,22.13,1414.87,YES,YES,TRUE
5175,96,5723,199.13,11,5,0.0521,1614,18.1,11/9/2024,Rome,Tablet,8.11,2.07,39.83,1414.87,YES,YES,TRUE
5176,171,4793,199.13,11,8,0.0468,1614,18.1,11/4/2024,Cairo,Desktop,8.11,1.16,24.89,1414.87,YES,YES,FALSE
5177,85,5071,199.13,10,6,0.0706,1614,19.91,16-11-2024,Tokyo,Mobile,8.11,2.34,33.19,1414.87,YES,YES,TRUE
5178,160,5753,199.13,21,8,0.05,1614,9.48,11/3/2024,Tokyo,Tablet,8.11,1.24,24.89,1414.87,YES,YES,TRUE
5179,191,5635,199.13,10,7,0.0366,1614,19.91,20-11-2024,Rome,Mobile,8.11,1.04,28.45,1414.87,YES,YES,FALSE
5180,90,5200,199.13,21,7,0.0778,1614,9.48,30-11-2024,Rome,Mobile,8.11,2.21,28.45,1414.87,YES,YES,TRUE
5181,100,3281,199.13,15,5,0.05,1614,13.28,11/24/2024,Baghdad,Tablet,8.11,1.99,39.83,1414.87,YES,YES,TRUE
5182,100,4719,199.13,12,5,0.05,1614,16.59,22-11-2024,Tokyo,Desktop,8.11,1.99,39.83,1414.87,YES,YES,TRUE
5183,90,3538,199.13,16,5,0.0556,1614,12.45,11/24/2024,Baghdad,Tablet,8.11,2.21,39.83,1414.87,YES,YES,TRUE
5184,105,4686,199.13,13,7,0.0667,1614,15.32,11/16/2024,London,Desktop,8.11,1.9,28.45,1414.87,YES,YES,TRUE
5185,206,5974,199.13,22,6,0.0291,1614,9.05,1/11/2024,Paris,Tablet,8.11,0.97,33.19,1414.87,YES,YES,FALSE
5186,131,2600,199.13,17,9,0.0687,1614,11.71,11/25/2024,Baghdad,Mobile,8.11,1.52,22.13,1414.87,YES,YES,TRUE
5187,118,5475,199.13,21,8,0.0678,1614,9.48,11/25/2024,Tokyo,Mobile,8.11,1.69,24.89,1414.87,YES,YES,TRUE
5188,190,4983,199.13,28,8,0.0421,1614,7.11,11/28/2024,Rome,Mobile,8.11,1.05,24.89,1414.87,YES,YES,FALSE
5189,86,3389,199.13,27,8,0.093,1614,7.38,11/20/2024,Tokyo,Tablet,8.11,2.32,24.89,1414.87,YES,YES,TRUE
5190,219,3786,199.13,11,8,0.0365,1614,18.1,12/11/2024,Paris,Mobile,8.11,0.91,24.89,1414.87,YES,YES,FALSE
5191,119,4801,199.13,14,11,0.0924,1614,14.22,11/26/2024,Baghdad,Tablet,8.11,1.67,18.1,1414.87,YES,YES,TRUE
5192,161,5352,199.13,12,6,0.0373,1614,16.59,11/2/2024,Riyad,Desktop,8.11,1.24,33.19,1414.87,YES,YES,FALSE
5193,120,5124,199.13,16,5,0.0417,1614,12.45,9/11/2024,Tokyo,Mobile,8.11,1.66,39.83,1414.87,YES,YES,FALSE
5194,154,3375,199.13,30,8,0.0519,1614,6.64,11/22/2024,Cairo,Desktop,8.11,1.29,24.89,1414.87,YES,YES,TRUE
5195,93,6236,199.13,29,6,0.0645,1614,6.87,11/15/2024,Riyad,Tablet,8.11,2.14,33.19,1414.87,YES,YES,TRUE
5196,182,6105,199.13,26,6,0.033,1614,7.66,1/11/2024,Paris,Tablet,8.11,1.09,33.19,1414.87,YES,YES,FALSE
5197,167,4461,199.13,16,7,0.0419,1614,12.45,12/11/2024,Cairo,Mobile,8.11,1.19,28.45,1414.87,YES,YES,FALSE
5198,109,5455,199.13,17,9,0.0826,1614,11.71,11/8/2024,Baghdad,Desktop,8.11,1.83,22.13,1414.87,YES,YES,TRUE
5199,98,3756,199.13,20,4,0.0408,1614,9.96,12/11/2024,Tokyo,Tablet,8.11,2.03,49.78,1414.87,YES,YES,FALSE
5200,140,4426,199.13,27,5,0.0357,1614,7.38,11/1/2024,Riyad,Tablet,8.11,1.42,39.83,1414.87,YES,YES,FALSE
5201,86,3479,199.13,22,10,0.1163,1614,9.05,11/13/2024,Tokyo,Mobile,8.11,2.32,19.91,1414.87,YES,YES,TRUE
5202,131,4266,199.13,15,5,0.0382,1614,13.28,11/5/2024,Baghdad,Desktop,8.11,1.52,39.83,1414.87,YES,YES,FALSE
5203,91,3292,199.13,26,7,0.0769,1614,7.66,26-11-2024,Baghdad,Desktop,8.11,2.19,28.45,1414.87,YES,YES,TRUE
5204,91,3342,199.13,10,3,0.033,1614,19.91,20-11-2024,Tokyo,Tablet,8.11,2.19,66.38,1414.87,YES,YES,FALSE
5205,161,6789,199.13,26,5,0.0311,1614,7.66,11/12/2024,Baghdad,Mobile,8.11,1.24,39.83,1414.87,YES,YES,FALSE
5206,105,3818,199.13,24,4,0.0381,1614,8.3,11/22/2024,Beijin,Desktop,8.11,1.9,49.78,1414.87,YES,YES,FALSE
5207,79,4386,199.13,15,7,0.0886,1614,13.28,11/5/2024,Cairo,Desktop,8.11,2.52,28.45,1414.87,YES,YES,TRUE
5208,126,3909,199.13,29,4,0.0317,1614,6.87,11/8/2024,Rome,Mobile,8.11,1.58,49.78,1414.87,YES,YES,FALSE
5209,196,4287,199.13,14,8,0.0408,1614,14.22,11/14/2024,Riyad,Desktop,8.11,1.02,24.89,1414.87,YES,YES,FALSE
5210,94,3531,199.13,18,4,0.0426,1614,11.06,12/11/2024,Tokyo,Tablet,8.11,2.12,49.78,1414.87,YES,YES,FALSE
5211,115,6458,199.13,18,3,0.0261,1614,11.06,11/23/2024,Tokyo,Mobile,8.11,1.73,66.38,1414.87,YES,YES,FALSE
5212,113,4016,199.13,14,5,0.0442,1614,14.22,11/5/2024,Baghdad,Desktop,8.11,1.76,39.83,1414.87,YES,YES,FALSE
5213,117,5622,199.13,18,3,0.0256,1614,11.06,11/16/2024,Cairo,Desktop,8.11,1.7,66.38,1414.87,YES,YES,FALSE
5214,129,4640,199.13,20,7,0.0543,1614,9.96,11/5/2024,Tokyo,Desktop,8.11,1.54,28.45,1414.87,YES,YES,TRUE
5215,75,5119,199.13,27,9,0.12,1614,7.38,11/16/2024,Beyrouth,Tablet,8.11,2.66,22.13,1414.87,YES,YES,TRUE
5216,87,3499,199.13,11,3,0.0345,1614,18.1,20-11-2024,Tokyo,Tablet,8.11,2.29,66.38,1414.87,YES,YES,FALSE
5217,122,5331,199.13,18,11,0.0902,1614,11.06,11/2/2024,Tokyo,Desktop,8.11,1.63,18.1,1414.87,YES,YES,TRUE
5218,86,3565,199.13,21,8,0.093,1614,9.48,11/20/2024,Tokyo,Tablet,8.11,2.32,24.89,1414.87,YES,YES,TRUE
5219,196,6167,199.13,20,4,0.0204,1614,9.96,11/11/2024,Paris,Desktop,8.11,1.02,49.78,1414.87,YES,YES,FALSE
5220,198,6458,199.13,26,8,0.0404,1614,7.66,11/7/2024,Riyad,Tablet,8.11,1.01,24.89,1414.87,YES,YES,FALSE
5221,136,3061,199.13,16,7,0.0515,1614,12.45,11/26/2024,Baghdad,Tablet,8.11,1.46,28.45,1414.87,YES,YES,TRUE
5222,126,3611,199.13,24,8,0.0635,1614,8.3,17-11-2024,Rome,Mobile,8.11,1.58,24.89,1414.87,YES,YES,TRUE
5223,119,5517,199.13,21,9,0.0756,1614,9.48,11/8/2024,Baghdad,Desktop,8.11,1.67,22.13,1414.87,YES,YES,TRUE
5224,109,4733,199.13,19,10,0.0917,1614,10.48,11/8/2024,Baghdad,Desktop,8.11,1.83,19.91,1414.87,YES,YES,TRUE
5225,80,4221,199.13,23,11,0.1375,1614,8.66,4/11/2024,Cairo,Desktop,8.11,2.49,18.1,1414.87,YES,YES,TRUE
5226,105,3550,199.13,28,4,0.0381,1614,7.11,11/22/2024,Beijin,Desktop,8.11,1.9,49.78,1414.87,YES,YES,FALSE
5227,108,3265,199.13,27,9,0.0833,1614,7.38,23-11-2024,Cairo,Desktop,8.11,1.84,22.13,1414.87,YES,YES,TRUE
5228,88,3372,199.13,22,8,0.0909,1614,9.05,11/20/2024,Tokyo,Tablet,8.11,2.26,24.89,1414.87,YES,YES,TRUE
5229,164,3106,199.13,15,9,0.0549,1614,13.28,11/25/2024,Baghdad,Mobile,8.11,1.21,22.13,1414.87,YES,YES,TRUE
5230,74,3952,199.13,23,10,0.1351,1614,8.66,4/11/2024,Cairo,Desktop,8.11,2.69,19.91,1414.87,YES,YES,TRUE
5231,169,5284,199.13,19,7,0.0414,1614,10.48,16-11-2024,Baghdad,Tablet,8.11,1.18,28.45,1414.87,YES,YES,FALSE
5232,90,3840,199.13,20,4,0.0444,1614,9.96,12/11/2024,Tokyo,Tablet,8.11,2.21,49.78,1414.87,YES,YES,FALSE
5233,103,6247,199.13,21,9,0.0874,1614,9.48,11/12/2024,Tokyo,Mobile,8.11,1.93,22.13,1414.87,YES,YES,TRUE
5234,161,5029,199.13,28,10,0.0621,1614,7.11,11/24/2024,Baghdad,Mobile,8.11,1.24,19.91,1414.87,YES,YES,TRUE
5235,153,3439,199.13,27,8,0.0523,1614,7.38,11/22/2024,Cairo,Desktop,8.11,1.3,24.89,1414.87,YES,YES,TRUE
5236,178,3506,199.13,29,8,0.0449,1614,6.87,12/11/2024,Cairo,Tablet,8.11,1.12,24.89,1414.87,YES,YES,FALSE
5237,100,5043,199.13,20,6,0.06,1614,9.96,14-11-2024,Tokyo,Desktop,8.11,1.99,33.19,1414.87,YES,YES,TRUE
5238,171,6782,199.13,22,4,0.0234,1614,9.05,11/11/2024,Paris,Desktop,8.11,1.16,49.78,1414.87,YES,YES,FALSE
5239,207,4082,199.13,13,7,0.0338,1614,15.32,27-11-2024,Cairo,Mobile,8.11,0.96,28.45,1414.87,YES,YES,FALSE
5240,103,5483,199.13,26,4,0.0388,1614,7.66,11/24/2024,London,Tablet,8.11,1.93,49.78,1414.87,YES,YES,FALSE
5241,129,4640,199.13,20,7,0.0543,1614,9.96,11/5/2024,Tokyo,Desktop,8.11,1.54,28.45,1414.87,YES,YES,TRUE
5242,92,5642,199.13,10,7,0.0761,1614,19.91,16-11-2024,Tokyo,Mobile,8.11,2.16,28.45,1414.87,YES,YES,TRUE
5243,177,4698,199.13,11,8,0.0452,1614,18.1,20-11-2024,Rome,Mobile,8.11,1.13,24.89,1414.87,YES,YES,FALSE
5244,169,4162,199.13,12,8,0.0473,1614,16.59,27-11-2024,Cairo,Mobile,8.11,1.18,24.89,1414.87,YES,YES,FALSE
5245,102,4588,199.13,20,3,0.0294,1614,9.96,21-11-2024,Baghdad,Desktop,8.11,1.95,66.38,1414.87,YES,YES,FALSE
5246,114,3550,199.13,29,10,0.0877,1614,6.87,11/20/2024,Cairo,Tablet,8.11,1.75,19.91,1414.87,YES,YES,TRUE
5247,88,3553,199.13,27,10,0.1136,1614,7.38,23-11-2024,Cairo,Desktop,8.11,2.26,19.91,1414.87,YES,YES,TRUE
5248,197,4650,199.13,28,8,0.0406,1614,7.11,11/24/2024,Baghdad,Mobile,8.11,1.01,24.89,1414.87,YES,YES,FALSE
5249,165,4487,199.13,31,8,0.0485,1614,6.42,11/28/2024,Rome,Mobile,8.11,1.21,24.89,1414.87,YES,YES,FALSE
5250,129,5175,199.13,18,5,0.0388,1614,11.06,9/11/2024,Tokyo,Mobile,8.11,1.54,39.83,1414.87,YES,YES,FALSE
5251,122,4449,199.13,15,5,0.041,1614,13.28,11/5/2024,Baghdad,Desktop,8.11,1.63,39.83,1414.87,YES,YES,FALSE
5252,188,5017,199.13,16,8,0.0426,1614,12.45,11/10/2024,Riyad,Mobile,8.11,1.06,24.89,1414.87,YES,YES,FALSE
5253,114,5378,199.13,18,10,0.0877,1614,11.06,11/8/2024,Baghdad,Desktop,8.11,1.75,19.91,1414.87,YES,YES,TRUE
5254,104,4782,199.13,17,10,0.0962,1614,11.71,11/2/2024,Tokyo,Desktop,8.11,1.91,19.91,1414.87,YES,YES,TRUE
5255,120,5456,199.13,9,5,0.0417,1614,22.13,11/6/2024,Cairo,Mobile,8.11,1.66,39.83,1414.87,YES,YES,FALSE
5256,123,5426,199.13,12,6,0.0488,1614,16.59,11/25/2024,Rome,Mobile,8.11,1.62,33.19,1414.87,YES,YES,FALSE
5257,190,4288,199.13,21,3,0.0158,1614,9.48,11/23/2024,Rome,Desktop,8.11,1.05,66.38,1414.87,YES,YES,FALSE
5258,87,5576,199.13,22,9,0.1034,1614,9.05,20-11-2024,Riyad,Tablet,8.11,2.29,22.13,1414.87,YES,YES,TRUE
5259,119,2939,199.13,17,3,0.0252,1614,11.71,11/27/2024,Canberra,Desktop,8.11,1.67,66.38,1414.87,YES,YES,FALSE
5260,182,3243,199.13,10,8,0.044,1614,19.91,12/11/2024,Paris,Mobile,8.11,1.09,24.89,1414.87,YES,YES,FALSE
5261,107,5543,199.13,22,10,0.0935,1614,9.05,20-11-2024,Riyad,Tablet,8.11,1.86,19.91,1414.87,YES,YES,TRUE
5262,84,6058,199.13,10,6,0.0714,1614,19.91,16-11-2024,Tokyo,Mobile,8.11,2.37,33.19,1414.87,YES,YES,TRUE
5263,94,4195,199.13,23,8,0.0851,1614,8.66,11/16/2024,Beyrouth,Tablet,8.11,2.12,24.89,1414.87,YES,YES,TRUE
5264,138,4792,199.13,13,3,0.0217,1614,15.32,11/23/2024,Tokyo,Mobile,8.11,1.44,66.38,1414.87,YES,YES,FALSE
5265,111,5391,199.13,12,9,0.0811,1614,16.59,11/3/2024,Rome,Tablet,8.11,1.79,22.13,1414.87,YES,YES,TRUE
5266,93,5113,199.13,15,10,0.1075,1614,13.28,1/11/2024,Tokyo,Desktop,8.11,2.14,19.91,1414.87,YES,YES,TRUE
5267,164,4920,199.13,25,3,0.0183,1614,7.97,11/24/2024,Beyrouth,Tablet,8.11,1.21,66.38,1414.87,YES,YES,FALSE
5268,142,3690,199.13,11,11,0.0775,1614,18.1,11/9/2024,Cairo,Desktop,8.11,1.4,18.1,1414.87,YES,YES,TRUE
5269,130,5714,199.13,26,6,0.0462,1614,7.66,11/5/2024,Paris,Desktop,8.11,1.53,33.19,1414.87,YES,YES,FALSE
5270,107,5802,199.13,16,9,0.0841,1614,12.45,1/11/2024,Tokyo,Desktop,8.11,1.86,22.13,1414.87,YES,YES,TRUE
5271,105,5220,199.13,14,7,0.0667,1614,14.22,11/16/2024,London,Desktop,8.11,1.9,28.45,1414.87,YES,YES,TRUE
5272,171,4544,199.13,18,7,0.0409,1614,11.06,16-11-2024,Baghdad,Tablet,8.11,1.16,28.45,1414.87,YES,YES,FALSE
5273,204,5387,199.13,22,6,0.0294,1614,9.05,1/11/2024,Paris,Tablet,8.11,0.98,33.19,1414.87,YES,YES,FALSE
5274,132,4612,199.13,24,7,0.053,1614,8.3,3/11/2024,Riyad,Tablet,8.11,1.51,28.45,1414.87,YES,YES,TRUE
5275,162,5309,199.13,20,7,0.0432,1614,9.96,11/3/2024,Tokyo,Tablet,8.11,1.23,28.45,1414.87,YES,YES,FALSE
5276,195,4428,199.13,11,9,0.0462,1614,18.1,11/21/2024,Paris,Tablet,8.11,1.02,22.13,1414.87,YES,YES,FALSE
5277,183,5244,199.13,17,9,0.0492,1614,11.71,11/10/2024,Riyad,Mobile,8.11,1.09,22.13,1414.87,YES,YES,FALSE
5278,144,4666,199.13,10,10,0.0694,1614,19.91,11/21/2024,Paris,Tablet,8.11,1.38,19.91,1414.87,YES,YES,TRUE
5279,115,5272,199.13,25,5,0.0435,1614,7.97,15-11-2024,Paris,Mobile,8.11,1.73,39.83,1414.87,YES,YES,FALSE
5280,104,5895,199.13,26,4,0.0385,1614,7.66,11/24/2024,London,Tablet,8.11,1.91,49.78,1414.87,YES,YES,FALSE
5281,98,5366,199.13,25,10,0.102,1614,7.97,11/12/2024,Tokyo,Mobile,8.11,2.03,19.91,1414.87,YES,YES,TRUE
5282,193,4271,199.13,20,3,0.0155,1614,9.96,11/23/2024,Rome,Desktop,8.11,1.03,66.38,1414.87,YES,YES,FALSE
5283,99,4662,199.13,24,9,0.0909,1614,8.3,11/5/2024,Rome,Desktop,8.11,2.01,22.13,1414.87,YES,YES,TRUE
5284,125,3311,199.13,25,9,0.072,1614,7.97,11/20/2024,Cairo,Tablet,8.11,1.59,22.13,1414.87,YES,YES,TRUE
5285,143,5422,199.13,28,5,0.035,1614,7.11,11/15/2024,Riyad,Desktop,8.11,1.39,39.83,1414.87,YES,YES,FALSE
5286,97,5671,199.13,8,6,0.0619,1614,24.89,11/9/2024,Rome,Tablet,8.11,2.05,33.19,1414.87,YES,YES,TRUE
5287,91,4365,199.13,15,7,0.0769,1614,13.28,11/5/2024,Cairo,Desktop,8.11,2.19,28.45,1414.87,YES,YES,TRUE
5288,143,4824,199.13,25,7,0.049,1614,7.97,3/11/2024,Riyad,Tablet,8.11,1.39,28.45,1414.87,YES,YES,FALSE
5289,132,3095,199.13,19,3,0.0227,1614,10.48,11/27/2024,Canberra,Desktop,8.11,1.51,66.38,1414.87,YES,YES,FALSE
5290,147,3060,199.13,25,8,0.0544,1614,7.97,17-11-2024,Rome,Mobile,8.11,1.35,24.89,1414.87,YES,YES,TRUE
5291,94,3621,199.13,23,9,0.0957,1614,8.66,11/13/2024,Tokyo,Mobile,8.11,2.12,22.13,1414.87,YES,YES,TRUE
5292,145,4148,199.13,15,7,0.0483,1614,13.28,11/9/2024,Cairo,Desktop,8.11,1.37,28.45,1414.87,YES,YES,FALSE
5293,131,3293,199.13,10,7,0.0534,1614,19.91,11/23/2024,Riyad,Tablet,8.11,1.52,28.45,1414.87,YES,YES,TRUE
5294,225,6036,199.13,24,5,0.0222,1614,8.3,11/12/2024,Baghdad,Mobile,8.11,0.89,39.83,1414.87,YES,YES,FALSE
5295,116,5602,199.13,28,4,0.0345,1614,7.11,11/24/2024,London,Tablet,8.11,1.72,49.78,1414.87,YES,YES,FALSE
5296,128,5479,199.13,16,5,0.0391,1614,12.45,9/11/2024,Tokyo,Mobile,8.11,1.56,39.83,1414.87,YES,YES,FALSE
5297,123,4469,199.13,30,6,0.0488,1614,6.64,11/14/2024,Paris,Desktop,8.11,1.62,33.19,1414.87,YES,YES,FALSE
5298,131,5224,199.13,21,5,0.0382,1614,9.48,11/1/2024,Riyad,Tablet,8.11,1.52,39.83,1414.87,YES,YES,FALSE
5299,164,3697,199.13,16,9,0.0549,1614,12.45,11/14/2024,Riyad,Desktop,8.11,1.21,22.13,1414.87,YES,YES,TRUE
5300,213,5788,199.13,11,5,0.0235,1614,18.1,11/16/2024,Baghdad,Mobile,8.11,0.93,39.83,1414.87,YES,YES,FALSE
5301,115,3246,199.13,19,5,0.0435,1614,10.48,11/28/2024,Riyad,Tablet,8.11,1.73,39.83,1414.87,YES,YES,FALSE
5302,193,6506,199.13,19,6,0.0311,1614,10.48,1/11/2024,Paris,Tablet,8.11,1.03,33.19,1414.87,YES,YES,FALSE
5303,112,3792,199.13,29,6,0.0536,1614,6.87,11/14/2024,Paris,Desktop,8.11,1.78,33.19,1414.87,YES,YES,TRUE
5304,91,5653,199.13,11,7,0.0769,1614,18.1,11/3/2024,Rome,Tablet,8.11,2.19,28.45,1414.87,YES,YES,TRUE
5305,136,5144,199.13,27,8,0.0588,1614,7.38,11/10/2024,Cairo,Desktop,8.11,1.46,24.89,1414.87,YES,YES,TRUE
5306,148,3121,199.13,15,10,0.0676,1614,13.28,11/25/2024,Baghdad,Mobile,8.11,1.35,19.91,1414.87,YES,YES,TRUE
5307,202,5863,199.13,21,4,0.0198,1614,9.48,11/11/2024,Paris,Desktop,8.11,0.99,49.78,1414.87,YES,YES,FALSE
5308,194,2879,199.13,21,8,0.0412,1614,9.48,11/4/2024,Cairo,Tablet,8.11,1.03,24.89,1414.87,YES,YES,FALSE
5309,134,4612,199.13,30,4,0.0299,1614,6.64,11/8/2024,Rome,Mobile,8.11,1.49,49.78,1414.87,YES,YES,FALSE
5310,113,3588,199.13,19,10,0.0885,1614,10.48,21-11-2024,Baghdad,Mobile,8.11,1.76,19.91,1414.87,YES,YES,TRUE
5311,125,3067,199.13,18,5,0.04,1614,11.06,11/26/2024,Baghdad,Tablet,8.11,1.59,39.83,1414.87,YES,YES,FALSE
5312,106,5341,199.13,21,6,0.0566,1614,9.48,14-11-2024,Tokyo,Desktop,8.11,1.88,33.19,1414.87,YES,YES,TRUE
5313,190,4732,199.13,13,7,0.0368,1614,15.32,11/4/2024,Cairo,Desktop,8.11,1.05,28.45,1414.87,YES,YES,FALSE
5314,207,6283,199.13,23,5,0.0242,1614,8.66,11/11/2024,Paris,Desktop,8.11,0.96,39.83,1414.87,YES,YES,FALSE
5315,138,4559,199.13,16,9,0.0652,1614,12.45,11/8/2024,Baghdad,Desktop,8.11,1.44,22.13,1414.87,YES,YES,TRUE
5316,72,4546,199.13,20,5,0.0694,1614,9.96,30-11-2024,Rome,Mobile,8.11,2.77,39.83,1414.87,YES,YES,TRUE
5317,182,6018,199.13,27,5,0.0275,1614,7.38,30-11-2024,Tokyo,Tablet,8.11,1.09,39.83,1414.87,YES,YES,FALSE
5318,111,5558,199.13,28,7,0.0631,1614,7.11,11/5/2024,Rome,Tablet,8.11,1.79,28.45,1414.87,YES,YES,TRUE
5319,140,5268,199.13,25,9,0.0643,1614,7.97,11/10/2024,Cairo,Desktop,8.11,1.42,22.13,1414.87,YES,YES,TRUE
5320,195,4002,199.13,10,8,0.041,1614,19.91,16-11-2024,Riyad,Mobile,8.11,1.02,24.89,1414.87,YES,YES,FALSE
5321,102,4899,199.13,13,9,0.0882,1614,15.32,1/11/2024,Tokyo,Desktop,8.11,1.95,22.13,1414.87,YES,YES,TRUE
5322,203,5338,199.13,13,4,0.0197,1614,15.32,11/8/2024,Tokyo,Tablet,8.11,0.98,49.78,1414.87,YES,YES,FALSE
5323,160,6095,199.13,15,5,0.0312,1614,13.28,11/2/2024,Riyad,Desktop,8.11,1.24,39.83,1414.87,YES,YES,FALSE
5324,88,5368,199.13,23,10,0.1136,1614,8.66,20-11-2024,Riyad,Tablet,8.11,2.26,19.91,1414.87,YES,YES,TRUE
5325,137,3435,199.13,21,9,0.0657,1614,9.48,17-11-2024,Rome,Mobile,8.11,1.45,22.13,1414.87,YES,YES,TRUE
5326,110,4729,199.13,15,10,0.0909,1614,13.28,11/26/2024,Baghdad,Tablet,8.11,1.81,19.91,1414.87,YES,YES,TRUE
5327,99,3569,199.13,17,10,0.101,1614,11.71,21-11-2024,Baghdad,Mobile,8.11,2.01,19.91,1414.87,YES,YES,TRUE
5328,113,4982,199.13,11,5,0.0442,1614,18.1,22-11-2024,Tokyo,Desktop,8.11,1.76,39.83,1414.87,YES,YES,FALSE
5329,85,4862,199.13,10,5,0.0588,1614,19.91,11/9/2024,Rome,Tablet,8.11,2.34,39.83,1414.87,YES,YES,TRUE
5330,106,4828,199.13,25,4,0.0377,1614,7.97,11/24/2024,London,Tablet,8.11,1.88,49.78,1414.87,YES,YES,FALSE
5331,43,5518,199.13,21,10,0.2326,1614,9.48,11/21/2024,Tokyo,Desktop,8.11,4.63,19.91,1414.87,YES,YES,TRUE
5332,195,3828,199.13,11,7,0.0359,1614,18.1,12/11/2024,Paris,Mobile,8.11,1.02,28.45,1414.87,YES,YES,FALSE
5333,119,3554,199.13,20,10,0.084,1614,9.96,21-11-2024,Baghdad,Mobile,8.11,1.67,19.91,1414.87,YES,YES,TRUE
5334,185,4939,199.13,16,4,0.0216,1614,12.45,11/8/2024,Tokyo,Tablet,8.11,1.08,49.78,1414.87,YES,YES,FALSE
5335,145,5017,199.13,25,7,0.0483,1614,7.97,11/5/2024,Paris,Desktop,8.11,1.37,28.45,1414.87,YES,YES,FALSE
5336,86,5871,199.13,12,6,0.0698,1614,16.59,16-11-2024,Tokyo,Mobile,8.11,2.32,33.19,1414.87,YES,YES,TRUE
5337,174,5179,199.13,19,3,0.0172,1614,10.48,11/23/2024,Rome,Desktop,8.11,1.14,66.38,1414.87,YES,YES,FALSE
5338,110,5249,199.13,17,3,0.0273,1614,11.71,21-11-2024,Baghdad,Desktop,8.11,1.81,66.38,1414.87,YES,YES,FALSE
5339,162,4575,199.13,31,9,0.0556,1614,6.42,11/28/2024,Rome,Mobile,8.11,1.23,22.13,1414.87,YES,YES,TRUE
5340,117,3205,199.13,11,7,0.0598,1614,18.1,11/23/2024,Riyad,Tablet,8.11,1.7,28.45,1414.87,YES,YES,TRUE
5341,101,3632,199.13,19,10,0.099,1614,10.48,11/20/2024,Riyad,Tablet,8.11,1.97,19.91,1414.87,YES,YES,TRUE
5342,110,5726,199.13,16,8,0.0727,1614,12.45,1/11/2024,Tokyo,Desktop,8.11,1.81,24.89,1414.87,YES,YES,TRUE
5343,186,6308,199.13,25,8,0.043,1614,7.97,11/7/2024,Riyad,Tablet,8.11,1.07,24.89,1414.87,YES,YES,FALSE
5344,115,4505,199.13,21,10,0.087,1614,9.48,11/20/2024,Riyad,Tablet,8.11,1.73,19.91,1414.87,YES,YES,TRUE
5345,114,3267,199.13,19,5,0.0439,1614,10.48,11/28/2024,Riyad,Tablet,8.11,1.75,39.83,1414.87,YES,YES,FALSE
5346,117,4787,199.13,14,9,0.0769,1614,14.22,1/11/2024,Tokyo,Desktop,8.11,1.7,22.13,1414.87,YES,YES,TRUE
5347,171,6004,199.13,26,5,0.0292,1614,7.66,30-11-2024,Tokyo,Tablet,8.11,1.16,39.83,1414.87,YES,YES,FALSE
5348,158,3003,199.13,16,3,0.019,1614,12.45,11/11/2024,Baghdad,Mobile,8.11,1.26,66.38,1414.87,YES,YES,FALSE
5349,138,5281,199.13,23,5,0.0362,1614,8.66,11/1/2024,Riyad,Tablet,8.11,1.44,39.83,1414.87,YES,YES,FALSE
5350,125,4885,199.13,30,5,0.04,1614,6.64,11/15/2024,Riyad,Desktop,8.11,1.59,39.83,1414.87,YES,YES,FALSE
5351,173,6092,199.13,12,6,0.0347,1614,16.59,11/16/2024,Baghdad,Mobile,8.11,1.15,33.19,1414.87,YES,YES,FALSE
5352,107,5622,199.13,21,8,0.0748,1614,9.48,11/29/2024,Cairo,Desktop,8.11,1.86,24.89,1414.87,YES,YES,TRUE
5353,113,4711,199.13,24,11,0.0973,1614,8.3,11/9/2024,Paris,Mobile,8.11,1.76,18.1,1414.87,YES,YES,TRUE
5354,128,3105,199.13,11,11,0.0859,1614,18.1,11/9/2024,Cairo,Desktop,8.11,1.56,18.1,1414.87,YES,YES,TRUE
5355,101,4324,199.13,18,3,0.0297,1614,11.06,21-11-2024,Baghdad,Desktop,8.11,1.97,66.38,1414.87,YES,YES,FALSE
5356,115,5446,199.13,24,8,0.0696,1614,8.3,11/25/2024,Tokyo,Mobile,8.11,1.73,24.89,1414.87,YES,YES,TRUE
5357,137,6095,199.13,24,9,0.0657,1614,8.3,11/25/2024,Tokyo,Mobile,8.11,1.45,22.13,1414.87,YES,YES,TRUE
5358,109,5154,199.13,18,5,0.0459,1614,11.06,6/11/2024,Paris,Tablet,8.11,1.83,39.83,1414.87,YES,YES,FALSE
5359,77,3307,199.13,18,10,0.1299,1614,11.06,11/13/2024,Tokyo,Mobile,8.11,2.59,19.91,1414.87,YES,YES,TRUE
5360,147,5470,199.13,25,9,0.0612,1614,7.97,11/10/2024,Cairo,Desktop,8.11,1.35,22.13,1414.87,YES,YES,TRUE
5361,85,3137,199.13,13,3,0.0353,1614,15.32,20-11-2024,Tokyo,Tablet,8.11,2.34,66.38,1414.87,YES,YES,FALSE
5362,129,4640,199.13,20,7,0.0543,1614,9.96,11/5/2024,Tokyo,Desktop,8.11,1.54,28.45,1414.87,YES,YES,TRUE
5363,108,5195,199.13,23,4,0.037,1614,8.66,11/24/2024,London,Tablet,8.11,1.84,49.78,1414.87,YES,YES,FALSE
5364,191,3741,199.13,18,3,0.0157,1614,11.06,11/11/2024,Baghdad,Mobile,8.11,1.04,66.38,1414.87,YES,YES,FALSE
5365,209,5587,199.13,25,5,0.0239,1614,7.97,11/12/2024,Baghdad,Mobile,8.11,0.95,39.83,1414.87,YES,YES,FALSE
5366,107,6793,199.13,12,9,0.0841,1614,16.59,11/3/2024,Rome,Tablet,8.11,1.86,22.13,1414.87,YES,YES,TRUE
5367,166,6197,199.13,13,6,0.0361,1614,15.32,11/2/2024,Riyad,Desktop,8.11,1.2,33.19,1414.87,YES,YES,FALSE
5368,102,2906,199.13,28,7,0.0686,1614,7.11,26-11-2024,Baghdad,Desktop,8.11,1.95,28.45,1414.87,YES,YES,TRUE
5369,194,3684,199.13,27,7,0.0361,1614,7.38,23-11-2024,Baghdad,Mobile,8.11,1.03,28.45,1414.87,YES,YES,FALSE
5370,108,5297,199.13,11,5,0.0463,1614,18.1,11/6/2024,Cairo,Mobile,8.11,1.84,39.83,1414.87,YES,YES,FALSE
5371,143,3255,199.13,17,10,0.0699,1614,11.71,11/25/2024,Baghdad,Mobile,8.11,1.39,19.91,1414.87,YES,YES,TRUE
5372,120,3322,199.13,19,5,0.0417,1614,10.48,11/7/2024,Paris,Mobile,8.11,1.66,39.83,1414.87,YES,YES,FALSE
5373,152,3964,199.13,21,7,0.0461,1614,9.48,29-11-2024,Paris,Desktop,8.11,1.31,28.45,1414.87,YES,YES,FALSE
5374,85,3895,199.13,12,3,0.0353,1614,16.59,20-11-2024,Tokyo,Tablet,8.11,2.34,66.38,1414.87,YES,YES,FALSE
5375,186,5849,199.13,19,4,0.0215,1614,10.48,11/11/2024,Paris,Desktop,8.11,1.07,49.78,1414.87,YES,YES,FALSE
5376,102,4545,199.13,18,10,0.098,1614,11.06,11/8/2024,Baghdad,Desktop,8.11,1.95,19.91,1414.87,YES,YES,TRUE
5377,156,4128,199.13,29,8,0.0513,1614,6.87,11/8/2024,Paris,Tablet,8.11,1.28,24.89,1414.87,YES,YES,TRUE
5378,85,3396,199.13,20,8,0.0941,1614,9.96,11/20/2024,Tokyo,Tablet,8.11,2.34,24.89,1414.87,YES,YES,TRUE
5379,159,3980,199.13,35,8,0.0503,1614,5.69,11/28/2024,Rome,Mobile,8.11,1.25,24.89,1414.87,YES,YES,TRUE
5380,91,5864,199.13,11,5,0.0549,1614,18.1,16-11-2024,Tokyo,Mobile,8.11,2.19,39.83,1414.87,YES,YES,TRUE
5381,193,4111,199.13,11,11,0.057,1614,18.1,11/21/2024,Paris,Tablet,8.11,1.03,18.1,1414.87,YES,YES,TRUE
5382,157,3341,199.13,12,11,0.0701,1614,16.59,11/9/2024,Cairo,Desktop,8.11,1.27,18.1,1414.87,YES,YES,TRUE
5383,133,3629,199.13,11,11,0.0827,1614,18.1,11/9/2024,Cairo,Desktop,8.11,1.5,18.1,1414.87,YES,YES,TRUE
5384,183,4566,199.13,30,7,0.0383,1614,6.64,11/28/2024,Rome,Mobile,8.11,1.09,28.45,1414.87,YES,YES,FALSE
5385,120,4877,199.13,30,4,0.0333,1614,6.64,11/8/2024,Rome,Mobile,8.11,1.66,49.78,1414.87,YES,YES,FALSE
5386,129,4640,199.13,20,7,0.0543,1614,9.96,11/5/2024,Tokyo,Desktop,8.11,1.54,28.45,1414.87,YES,YES,TRUE
5387,140,5566,199.13,19,8,0.0571,1614,10.48,18-11-2024,Baghdad,Desktop,8.11,1.42,24.89,1414.87,YES,YES,TRUE
5388,112,5417,199.13,14,3,0.0268,1614,14.22,11/23/2024,Tokyo,Mobile,8.11,1.78,66.38,1414.87,YES,YES,FALSE
5389,143,3713,199.13,23,7,0.049,1614,8.66,3/11/2024,Riyad,Tablet,8.11,1.39,28.45,1414.87,YES,YES,FALSE
5390,112,5609,199.13,19,10,0.0893,1614,10.48,11/2/2024,Tokyo,Desktop,8.11,1.78,19.91,1414.87,YES,YES,TRUE
5391,73,3175,199.13,17,8,0.1096,1614,11.71,11/13/2024,Tokyo,Mobile,8.11,2.73,24.89,1414.87,YES,YES,TRUE
5392,191,4557,199.13,30,8,0.0419,1614,6.64,11/28/2024,Rome,Mobile,8.11,1.04,24.89,1414.87,YES,YES,FALSE
5393,168,5354,199.13,13,6,0.0357,1614,15.32,11/2/2024,Riyad,Desktop,8.11,1.19,33.19,1414.87,YES,YES,FALSE
5394,105,5643,199.13,23,9,0.0857,1614,8.66,11/25/2024,Tokyo,Mobile,8.11,1.9,22.13,1414.87,YES,YES,TRUE
5395,176,4052,199.13,25,9,0.0511,1614,7.97,12/11/2024,Cairo,Tablet,8.11,1.13,22.13,1414.87,YES,YES,TRUE
5396,90,6343,199.13,24,10,0.1111,1614,8.3,20-11-2024,Riyad,Tablet,8.11,2.21,19.91,1414.87,YES,YES,TRUE
5397,138,6119,199.13,14,6,0.0435,1614,14.22,11/25/2024,Rome,Mobile,8.11,1.44,33.19,1414.87,YES,YES,FALSE
5398,98,5120,199.13,17,8,0.0816,1614,11.71,11/16/2024,London,Desktop,8.11,2.03,24.89,1414.87,YES,YES,TRUE
5399,132,4810,199.13,26,8,0.0606,1614,7.66,11/10/2024,Cairo,Desktop,8.11,1.51,24.89,1414.87,YES,YES,TRUE
5400,153,4008,199.13,21,10,0.0654,1614,9.48,12/11/2024,Cairo,Mobile,8.11,1.3,19.91,1414.87,YES,YES,TRUE
5401,129,2816,199.13,25,7,0.0543,1614,7.97,11/19/2024,Rome,Desktop,8.11,1.54,28.45,1414.87,YES,YES,TRUE
5402,123,4706,199.13,18,5,0.0407,1614,11.06,6/11/2024,Paris,Tablet,8.11,1.62,39.83,1414.87,YES,YES,FALSE
5403,129,4640,199.13,20,7,0.0543,1614,9.96,11/5/2024,Tokyo,Desktop,8.11,1.54,28.45,1414.87,YES,YES,TRUE
5404,155,4258,199.13,19,9,0.0581,1614,10.48,12/11/2024,Cairo,Mobile,8.11,1.28,22.13,1414.87,YES,YES,TRUE
5405,120,4341,199.13,28,10,0.0833,1614,7.11,11/9/2024,Paris,Mobile,8.11,1.66,19.91,1414.87,YES,YES,TRUE
5406,191,5975,199.13,32,5,0.0262,1614,6.22,30-11-2024,Tokyo,Tablet,8.11,1.04,39.83,1414.87,YES,YES,FALSE
5407,147,3161,199.13,23,8,0.0544,1614,8.66,17-11-2024,Rome,Mobile,8.11,1.35,24.89,1414.87,YES,YES,TRUE
5408,151,3871,199.13,16,10,0.0662,1614,12.45,11/26/2024,Tokyo,Mobile,8.11,1.32,19.91,1414.87,YES,YES,TRUE
5409,102,3212,199.13,26,10,0.098,1614,7.66,23-11-2024,Cairo,Desktop,8.11,1.95,19.91,1414.87,YES,YES,TRUE
5410,116,4910,199.13,18,6,0.0517,1614,11.06,6/11/2024,Paris,Tablet,8.11,1.72,33.19,1414.87,YES,YES,TRUE
5411,105,4856,199.13,28,5,0.0476,1614,7.11,15-11-2024,Paris,Mobile,8.11,1.9,39.83,1414.87,YES,YES,FALSE
5412,123,3133,199.13,10,5,0.0407,1614,19.91,11/23/2024,Riyad,Tablet,8.11,1.62,39.83,1414.87,YES,YES,FALSE
5413,85,4889,199.13,24,10,0.1176,1614,8.3,20-11-2024,Riyad,Tablet,8.11,2.34,19.91,1414.87,YES,YES,TRUE
5414,193,4471,199.13,27,6,0.0311,1614,7.38,11/8/2024,Paris,Tablet,8.11,1.03,33.19,1414.87,YES,YES,FALSE
5415,171,4051,199.13,18,10,0.0585,1614,11.06,11/26/2024,Tokyo,Mobile,8.11,1.16,19.91,1414.87,YES,YES,TRUE
5416,115,3879,199.13,25,6,0.0522,1614,7.97,11/14/2024,Paris,Desktop,8.11,1.73,33.19,1414.87,YES,YES,TRUE
5417,188,4879,199.13,13,6,0.0319,1614,15.32,11/16/2024,Baghdad,Mobile,8.11,1.06,33.19,1414.87,YES,YES,FALSE
5418,83,2802,199.13,28,6,0.0723,1614,7.11,26-11-2024,Baghdad,Desktop,8.11,2.4,33.19,1414.87,YES,YES,TRUE
5419,100,4984,199.13,22,6,0.06,1614,9.05,14-11-2024,Tokyo,Desktop,8.11,1.99,33.19,1414.87,YES,YES,TRUE
5420,102,4688,199.13,27,9,0.0882,1614,7.38,11/5/2024,Rome,Desktop,8.11,1.95,22.13,1414.87,YES,YES,TRUE
5421,129,4685,199.13,30,6,0.0465,1614,6.64,11/20/2024,Tokyo,Desktop,8.11,1.54,33.19,1414.87,YES,YES,FALSE
5422,111,5140,199.13,14,5,0.045,1614,14.22,22-11-2024,Tokyo,Desktop,8.11,1.79,39.83,1414.87,YES,YES,FALSE
5423,92,5699,199.13,11,7,0.0761,1614,18.1,11/3/2024,Rome,Tablet,8.11,2.16,28.45,1414.87,YES,YES,TRUE
5424,109,5820,199.13,20,3,0.0275,1614,9.96,11/16/2024,Cairo,Desktop,8.11,1.83,66.38,1414.87,YES,YES,FALSE
5425,109,4792,199.13,24,10,0.0917,1614,8.3,11/12/2024,Tokyo,Mobile,8.11,1.83,19.91,1414.87,YES,YES,TRUE
5426,102,3388,199.13,12,6,0.0588,1614,16.59,11/23/2024,Riyad,Tablet,8.11,1.95,33.19,1414.87,YES,YES,TRUE
5427,191,4364,199.13,16,8,0.0419,1614,12.45,11/26/2024,Tokyo,Mobile,8.11,1.04,24.89,1414.87,YES,YES,FALSE
5428,180,5189,199.13,13,5,0.0278,1614,15.32,11/16/2024,Baghdad,Mobile,8.11,1.11,39.83,1414.87,YES,YES,FALSE
5429,86,3746,199.13,13,3,0.0349,1614,15.32,20-11-2024,Tokyo,Tablet,8.11,2.32,66.38,1414.87,YES,YES,FALSE
5430,158,3305,199.13,21,6,0.038,1614,9.48,11/7/2024,Paris,Mobile,8.11,1.26,33.19,1414.87,YES,YES,FALSE
5431,103,3551,199.13,17,10,0.0971,1614,11.71,21-11-2024,Baghdad,Mobile,8.11,1.93,19.91,1414.87,YES,YES,TRUE
5432,117,5329,199.13,17,3,0.0256,1614,11.71,21-11-2024,Baghdad,Desktop,8.11,1.7,66.38,1414.87,YES,YES,FALSE
5433,84,3970,199.13,21,7,0.0833,1614,9.48,30-11-2024,Rome,Mobile,8.11,2.37,28.45,1414.87,YES,YES,TRUE
5434,177,4014,199.13,16,9,0.0508,1614,12.45,11/26/2024,Tokyo,Mobile,8.11,1.13,22.13,1414.87,YES,YES,TRUE
5435,138,5423,199.13,25,5,0.0362,1614,7.97,11/15/2024,Riyad,Desktop,8.11,1.44,39.83,1414.87,YES,YES,FALSE
5436,175,5460,199.13,26,6,0.0343,1614,7.66,11/11/2024,Baghdad,Tablet,8.11,1.14,33.19,1414.87,YES,YES,FALSE
5437,207,5279,199.13,23,3,0.0145,1614,8.66,11/24/2024,Beyrouth,Tablet,8.11,0.96,66.38,1414.87,YES,YES,FALSE
5438,148,5077,199.13,15,6,0.0405,1614,13.28,11/9/2024,Cairo,Desktop,8.11,1.35,33.19,1414.87,YES,YES,FALSE
5439,164,4352,199.13,20,9,0.0549,1614,9.96,18-11-2024,Baghdad,Desktop,8.11,1.21,22.13,1414.87,YES,YES,TRUE
5440,163,4578,199.13,18,12,0.0736,1614,11.06,11/26/2024,Tokyo,Mobile,8.11,1.22,16.59,1414.87,YES,YES,TRUE
5441,151,5538,199.13,23,3,0.0199,1614,8.66,11/8/2024,Baghdad,Mobile,8.11,1.32,66.38,1414.87,YES,YES,FALSE
5442,195,4579,199.13,15,4,0.0205,1614,13.28,11/8/2024,Tokyo,Tablet,8.11,1.02,49.78,1414.87,YES,YES,FALSE
5443,108,6071,199.13,20,9,0.0833,1614,9.96,11/8/2024,Baghdad,Desktop,8.11,1.84,22.13,1414.87,YES,YES,TRUE
5444,197,5744,199.13,12,7,0.0355,1614,16.59,11/16/2024,Baghdad,Mobile,8.11,1.01,28.45,1414.87,YES,YES,FALSE
5445,109,4012,199.13,26,4,0.0367,1614,7.66,15-11-2024,Paris,Mobile,8.11,1.83,49.78,1414.87,YES,YES,FALSE
5446,119,5636,199.13,14,3,0.0252,1614,14.22,11/23/2024,Tokyo,Mobile,8.11,1.67,66.38,1414.87,YES,YES,FALSE
5447,97,5229,199.13,25,9,0.0928,1614,7.97,11/12/2024,Tokyo,Mobile,8.11,2.05,22.13,1414.87,YES,YES,TRUE
5448,194,6491,199.13,27,4,0.0206,1614,7.38,11/12/2024,Baghdad,Mobile,8.11,1.03,49.78,1414.87,YES,YES,FALSE
5449,141,5327,199.13,20,3,0.0213,1614,9.96,11/8/2024,Baghdad,Mobile,8.11,1.41,66.38,1414.87,YES,YES,FALSE
5450,112,4823,199.13,10,5,0.0446,1614,19.91,22-11-2024,Tokyo,Desktop,8.11,1.78,39.83,1414.87,YES,YES,FALSE
5451,143,5758,199.13,17,8,0.0559,1614,11.71,18-11-2024,Baghdad,Desktop,8.11,1.39,24.89,1414.87,YES,YES,TRUE
5452,118,5577,199.13,29,6,0.0508,1614,6.87,11/20/2024,Tokyo,Desktop,8.11,1.69,33.19,1414.87,YES,YES,TRUE
5453,194,5545,199.13,22,5,0.0258,1614,9.05,11/12/2024,Baghdad,Mobile,8.11,1.03,39.83,1414.87,YES,YES,FALSE
5454,119,3219,199.13,18,3,0.0252,1614,11.06,11/27/2024,Canberra,Desktop,8.11,1.67,66.38,1414.87,YES,YES,FALSE
5455,172,5314,199.13,25,3,0.0174,1614,7.97,11/8/2024,Baghdad,Mobile,8.11,1.16,66.38,1414.87,YES,YES,FALSE
5456,105,5247,199.13,25,7,0.0667,1614,7.97,11/5/2024,Rome,Tablet,8.11,1.9,28.45,1414.87,YES,YES,TRUE
5457,142,3491,199.13,22,8,0.0563,1614,9.05,17-11-2024,Rome,Mobile,8.11,1.4,24.89,1414.87,YES,YES,TRUE
5458,117,5004,199.13,12,5,0.0427,1614,16.59,11/6/2024,Cairo,Mobile,8.11,1.7,39.83,1414.87,YES,YES,FALSE
5459,113,2938,199.13,29,11,0.0973,1614,6.87,23-11-2024,Cairo,Desktop,8.11,1.76,18.1,1414.87,YES,YES,TRUE
5460,104,3680,199.13,17,5,0.0481,1614,11.71,6/11/2024,Paris,Tablet,8.11,1.91,39.83,1414.87,YES,YES,FALSE
5461,125,5717,199.13,19,7,0.056,1614,10.48,11/25/2024,Tokyo,Mobile,8.11,1.59,28.45,1414.87,YES,YES,TRUE
5462,175,3734,199.13,15,8,0.0457,1614,13.28,27-11-2024,Cairo,Mobile,8.11,1.14,24.89,1414.87,YES,YES,FALSE
5463,130,4999,199.13,14,6,0.0462,1614,14.22,11/25/2024,Rome,Mobile,8.11,1.53,33.19,1414.87,YES,YES,FALSE
5464,158,4412,199.13,19,9,0.057,1614,10.48,18-11-2024,Baghdad,Desktop,8.11,1.26,22.13,1414.87,YES,YES,TRUE
5465,191,3737,199.13,17,3,0.0157,1614,11.71,11/23/2024,Rome,Desktop,8.11,1.04,66.38,1414.87,YES,YES,FALSE
5466,39,5466,199.13,21,9,0.2308,1614,9.48,11/21/2024,Tokyo,Desktop,8.11,5.11,22.13,1414.87,YES,YES,TRUE
5467,104,5364,199.13,20,8,0.0769,1614,9.96,11/29/2024,Cairo,Desktop,8.11,1.91,24.89,1414.87,YES,YES,TRUE
5468,96,5322,199.13,24,4,0.0417,1614,8.3,11/24/2024,London,Tablet,8.11,2.07,49.78,1414.87,YES,YES,FALSE
5469,145,4599,199.13,19,8,0.0552,1614,10.48,18-11-2024,Baghdad,Desktop,8.11,1.37,24.89,1414.87,YES,YES,TRUE
5470,129,5449,199.13,25,10,0.0775,1614,7.97,11/10/2024,Cairo,Desktop,8.11,1.54,19.91,1414.87,YES,YES,TRUE
5471,126,5634,199.13,15,3,0.0238,1614,13.28,11/23/2024,Tokyo,Mobile,8.11,1.58,66.38,1414.87,YES,YES,FALSE
5472,102,5382,199.13,26,8,0.0784,1614,7.66,11/5/2024,Rome,Tablet,8.11,1.95,24.89,1414.87,YES,YES,TRUE
5473,155,4925,199.13,15,6,0.0387,1614,13.28,11/9/2024,Cairo,Desktop,8.11,1.28,33.19,1414.87,YES,YES,FALSE
5474,126,6398,199.13,11,9,0.0714,1614,18.1,11/7/2024,Tokyo,Desktop,8.11,1.58,22.13,1414.87,YES,YES,TRUE
5475,88,3643,199.13,11,3,0.0341,1614,18.1,20-11-2024,Tokyo,Tablet,8.11,2.26,66.38,1414.87,YES,YES,FALSE
5476,135,3936,199.13,14,6,0.0444,1614,14.22,11/9/2024,Cairo,Desktop,8.11,1.48,33.19,1414.87,YES,YES,FALSE
5477,129,5403,199.13,25,9,0.0698,1614,7.97,11/10/2024,Cairo,Desktop,8.11,1.54,22.13,1414.87,YES,YES,TRUE
5478,163,4396,199.13,20,10,0.0613,1614,9.96,12/11/2024,Cairo,Mobile,8.11,1.22,19.91,1414.87,YES,YES,TRUE
5479,92,3141,199.13,20,8,0.087,1614,9.96,11/20/2024,Tokyo,Tablet,8.11,2.16,24.89,1414.87,YES,YES,TRUE
5480,120,3227,199.13,21,10,0.0833,1614,9.48,21-11-2024,Baghdad,Mobile,8.11,1.66,19.91,1414.87,YES,YES,TRUE
5481,114,3964,199.13,17,6,0.0526,1614,11.71,11/24/2024,Baghdad,Tablet,8.11,1.75,33.19,1414.87,YES,YES,TRUE
5482,181,6162,199.13,12,9,0.0497,1614,16.59,11/10/2024,Riyad,Mobile,8.11,1.1,22.13,1414.87,YES,YES,TRUE
5483,205,3793,199.13,15,8,0.039,1614,13.28,11/14/2024,Riyad,Desktop,8.11,0.97,24.89,1414.87,YES,YES,FALSE
5484,151,4303,199.13,18,9,0.0596,1614,11.06,11/26/2024,Tokyo,Mobile,8.11,1.32,22.13,1414.87,YES,YES,TRUE
5485,95,5179,199.13,11,7,0.0737,1614,18.1,16-11-2024,Tokyo,Mobile,8.11,2.1,28.45,1414.87,YES,YES,TRUE
5486,111,4926,199.13,16,5,0.045,1614,12.45,6/11/2024,Paris,Tablet,8.11,1.79,39.83,1414.87,YES,YES,FALSE
5487,180,6350,199.13,23,10,0.0556,1614,8.66,11/7/2024,Riyad,Tablet,8.11,1.11,19.91,1414.87,YES,YES,TRUE
5488,197,6172,199.13,28,5,0.0254,1614,7.11,30-11-2024,Tokyo,Tablet,8.11,1.01,39.83,1414.87,YES,YES,FALSE
5489,129,4640,199.13,20,7,0.0543,1614,9.96,11/5/2024,Tokyo,Desktop,8.11,1.54,28.45,1414.87,YES,YES,TRUE
5490,206,5735,199.13,23,5,0.0243,1614,8.66,11/12/2024,Baghdad,Mobile,8.11,0.97,39.83,1414.87,YES,YES,FALSE
5491,198,5791,199.13,22,11,0.0556,1614,9.05,11/7/2024,Riyad,Tablet,8.11,1.01,18.1,1414.87,YES,YES,TRUE
5492,152,3539,199.13,23,4,0.0263,1614,8.66,11/7/2024,Paris,Mobile,8.11,1.31,49.78,1414.87,YES,YES,FALSE
5493,201,5420,199.13,15,9,0.0448,1614,13.28,11/10/2024,Riyad,Mobile,8.11,0.99,22.13,1414.87,YES,YES,FALSE
5494,130,4466,199.13,16,6,0.0462,1614,12.45,11/25/2024,Rome,Mobile,8.11,1.53,33.19,1414.87,YES,YES,FALSE
5495,155,3718,199.13,28,8,0.0516,1614,7.11,17-11-2024,Rome,Mobile,8.11,1.28,24.89,1414.87,YES,YES,TRUE
5496,98,3019,199.13,28,7,0.0714,1614,7.11,26-11-2024,Baghdad,Desktop,8.11,2.03,28.45,1414.87,YES,YES,TRUE
5497,152,3414,199.13,15,6,0.0395,1614,13.28,11/26/2024,Baghdad,Tablet,8.11,1.31,33.19,1414.87,YES,YES,FALSE
5498,159,4076,199.13,15,8,0.0503,1614,13.28,11/14/2024,Riyad,Desktop,8.11,1.25,24.89,1414.87,YES,YES,TRUE
5499,169,3705,199.13,18,10,0.0592,1614,11.06,11/26/2024,Tokyo,Mobile,8.11,1.18,19.91,1414.87,YES,YES,TRUE
5500,129,5112,199.13,24,4,0.031,1614,8.3,11/1/2024,Riyad,Tablet,8.11,1.54,49.78,1414.87,YES,YES,FALSE
